id,path,source_category,domain,domain_name,route_kind,source_status,source_evidence,static_evidence,source_roles,source_reason,previous_task,current_basis,known_gap,models,operations,api_contract_ref,data_task,api_task,ui_task,gate_task,actors,screen_work,page_acceptance,fixture,e2e_id,status,backend_verified,browser_verified,external_verified,resource_operations,api_operations,api_mapping_status,ui_code_refs,source_report_ref
RR001,/,공통·오류,R24,공지·도움말·문의·공통 경로,page,정적 선언만 확인,,"AST-R187,AST-R199",,모든 카테고리의 대표 화면을 조사했으며 이 경로의 정상 상태는 실행 미검증,P13-T02,파일/계약 정적 대조; 이번 계획에서 실행 미검증,정상·오류·권한별 실제동작 재검증 필요; 구현 누락으로 단정하지 않음,"[""Notice"", ""NoticeAttachment"", ""Guide"", ""SupportTicket"", ""AccessRequest""]",R/상태 전이,api-ui-spec.md#r24,R24-T01,R24-T02,R24-T03,R24-T04,platformAdmin; 게시문서공개정책; 자기문의 및 지원담당,시작·호환성·로딩 화면을 실제 세션 상태와 연결,session 유무별 정상 도착; 로딩 종료/에러/재시도; redirect loop 없음,실제 DB 생성 ID/토큰; A/B회사·2서비스·허용/거부역할·활성/만료라이선스·빈/보유 상태,E2E-RR001,planned,False,False,False,R/상태 전이,"[{""method"": ""GET"", ""path"": ""/context""}, {""method"": ""POST"", ""path"": ""/context""}, {""method"": ""GET"", ""path"": ""/analytics/dashboard""}]",현재 OpenAPI에서 추출한 페이지 관련 후보; 실제 컴포넌트 호출 일치·누락 API는 R00/Rxx-T02에서 확정,"[""src/components/NoticePages.tsx"", ""src/components/GuidePages.tsx"", ""src/components/SupportPages.tsx"", ""src/components/LoadingTransition.tsx"", ""src/components/AccessDeniedPage.tsx"", ""src/components/AppShell.tsx"", ""src/components/CloneApp.tsx""]",../catchsecu-reverse-2026-10-09/route-coverage.json
RR002,/*,공통·오류,R24,공지·도움말·문의·공통 경로,fallback,정적 선언만 확인,,"AST-R188,AST-R200",,와일드카드/라우터 분기,신규대조,파일/계약 정적 대조; 이번 계획에서 실행 미검증,원본 wildcard 선언. 기존 whitelist와 별개로 알려지지 않은 URL의 404/안전한 fallback 계약 필요.,"[""Notice"", ""NoticeAttachment"", ""Guide"", ""SupportTicket"", ""AccessRequest""]",R/정책에 따른 fallback; 독립 CRUD 없음,api-ui-spec.md#r24,R24-T01,R24-T02,R24-T03,R24-T04,platformAdmin; 게시문서공개정책; 자기문의 및 지원담당,원본 wildcard 선언. 기존 whitelist와 별개로 알려지지 않은 URL의 404/안전한 fallback 계약 필요.,관리자공지생성/게시→일반조회→수정/보관·첨부검증; 일반계정관리CRUD거부; 문의A/B격리; 잘못된경로404·보안fallback·새로고침·뒤로가기·키보드·모바일까지 검증.,실제 DB 생성 ID/토큰; A/B회사·2서비스·허용/거부역할·활성/만료라이선스·빈/보유 상태,E2E-RR002,planned,False,False,False,R/정책에 따른 fallback; 독립 CRUD 없음,[],현재 OpenAPI에서 추출한 페이지 관련 후보; 실제 컴포넌트 호출 일치·누락 API는 R00/Rxx-T02에서 확정,"[""src/components/NoticePages.tsx"", ""src/components/GuidePages.tsx"", ""src/components/SupportPages.tsx"", ""src/components/LoadingTransition.tsx"", ""src/components/AccessDeniedPage.tsx"", ""src/components/AppShell.tsx"", ""src/components/CloneApp.tsx""]",../catchsecu-reverse-2026-10-09/route-coverage.json
RR003,/IE,공통·오류,R24,공지·도움말·문의·공통 경로,page,정적 선언만 확인,,"AST-R177,AST-R189",,모든 카테고리의 대표 화면을 조사했으며 이 경로의 정상 상태는 실행 미검증,P13-T02,파일/계약 정적 대조; 이번 계획에서 실행 미검증,정상·오류·권한별 실제동작 재검증 필요; 구현 누락으로 단정하지 않음,"[""Notice"", ""NoticeAttachment"", ""Guide"", ""SupportTicket"", ""AccessRequest""]",R/상태 전이,api-ui-spec.md#r24,R24-T01,R24-T02,R24-T03,R24-T04,platformAdmin; 게시문서공개정책; 자기문의 및 지원담당,시작·호환성·로딩 화면을 실제 세션 상태와 연결,session 유무별 정상 도착; 로딩 종료/에러/재시도; redirect loop 없음,실제 DB 생성 ID/토큰; A/B회사·2서비스·허용/거부역할·활성/만료라이선스·빈/보유 상태,E2E-RR003,planned,False,False,False,R/상태 전이,"[{""method"": ""GET"", ""path"": ""/context""}, {""method"": ""POST"", ""path"": ""/context""}, {""method"": ""GET"", ""path"": ""/analytics/dashboard""}]",현재 OpenAPI에서 추출한 페이지 관련 후보; 실제 컴포넌트 호출 일치·누락 API는 R00/Rxx-T02에서 확정,"[""src/components/NoticePages.tsx"", ""src/components/GuidePages.tsx"", ""src/components/SupportPages.tsx"", ""src/components/LoadingTransition.tsx"", ""src/components/AccessDeniedPage.tsx"", ""src/components/AppShell.tsx"", ""src/components/CloneApp.tsx""]",../catchsecu-reverse-2026-10-09/route-coverage.json
RR004,/access-not-allow,공통·오류,R24,공지·도움말·문의·공통 경로,page,정적 선언만 확인,,"AST-R183,AST-R195",,모든 카테고리의 대표 화면을 조사했으며 이 경로의 정상 상태는 실행 미검증,P13-T02,파일/계약 정적 대조; 이번 계획에서 실행 미검증,정상·오류·권한별 실제동작 재검증 필요; 구현 누락으로 단정하지 않음,"[""Notice"", ""NoticeAttachment"", ""Guide"", ""SupportTicket"", ""AccessRequest""]",R/권한 요청 생성,api-ui-spec.md#r24,R24-T01,R24-T02,R24-T03,R24-T04,platformAdmin; 게시문서공개정책; 자기문의 및 지원담당,서비스 없음·접근 거부 원인과 가능한 다음 동작 표시,무권한 상태에서 우회API 차단; 중복요청 멱등; 관리 승인 후 접근,실제 DB 생성 ID/토큰; A/B회사·2서비스·허용/거부역할·활성/만료라이선스·빈/보유 상태,E2E-RR004,planned,False,False,False,R/권한 요청 생성,[],현재 OpenAPI에서 추출한 페이지 관련 후보; 실제 컴포넌트 호출 일치·누락 API는 R00/Rxx-T02에서 확정,"[""src/components/NoticePages.tsx"", ""src/components/GuidePages.tsx"", ""src/components/SupportPages.tsx"", ""src/components/LoadingTransition.tsx"", ""src/components/AccessDeniedPage.tsx"", ""src/components/AppShell.tsx"", ""src/components/CloneApp.tsx""]",../catchsecu-reverse-2026-10-09/route-coverage.json
RR005,/alimtalk,알림톡,R19,알림톡 채널·템플릿·발송,page,본문 미확인,LIVE-alimtalk,AST-R065,,,P09-T03,파일/계약 정적 대조; 이번 계획에서 실행 미검증,정상·오류·권한별 실제동작 재검증 필요; 구현 누락으로 단정하지 않음,"[""KakaoChannel"", ""KakaoTemplate"", ""KakaoMockReceipt"", ""Campaign"", ""CampaignDelivery"", ""CampaignEvent""]",CRUD/인증,api-ui-spec.md#r19,R19-T01,R19-T02,R19-T03,R19-T04,message/sender capability + 알림톡 entitlement + service scope,채널목록·등록·확인·편집·사용중/삭제,실제공급자확인; 중복channel 차단; 사용중삭제제한,실제 DB 생성 ID/토큰; A/B회사·2서비스·허용/거부역할·활성/만료라이선스·빈/보유 상태,E2E-RR005,planned,False,False,False,CRUD/인증,"[{""method"": ""GET"", ""path"": ""/kakao/channels/{id}""}, {""method"": ""DELETE"", ""path"": ""/kakao/channels/{id}""}, {""method"": ""PATCH"", ""path"": ""/kakao/channels/{id}""}, {""method"": ""GET"", ""path"": ""/kakao/templates/{id}""}, {""method"": ""DELETE"", ""path"": ""/kakao/templates/{id}""}, {""method"": ""PATCH"", ""path"": ""/kakao/templates/{id}""}, {""method"": ""GET"", ""path"": ""/kakao/channels""}, {""method"": ""POST"", ""path"": ""/kakao/channels""}, {""method"": ""POST"", ""path"": ""/kakao/channels/{id}/verify""}, {""method"": ""GET"", ""path"": ""/kakao/templates""}, {""method"": ""POST"", ""path"": ""/kakao/templates""}, {""method"": ""POST"", ""path"": ""/kakao/templates/preview""}, {""method"": ""POST"", ""path"": ""/kakao/templates/{id}/submit""}, {""method"": ""GET"", ""path"": ""/kakao/templates/{id}/review""}, {""method"": ""POST"", ""path"": ""/kakao/templates/{id}/send""}]",현재 OpenAPI에서 추출한 페이지 관련 후보; 실제 컴포넌트 호출 일치·누락 API는 R00/Rxx-T02에서 확정,"[""src/components/services/KakaoTemplates.tsx"", ""src/components/services/KakaoTemplateDetail.tsx"", ""src/components/services/Campaigns.tsx"", ""src/components/services/kakao.tsx""]",../catchsecu-reverse-2026-10-09/route-coverage.json
RR006,/alimtalk/channels,알림톡,R19,알림톡 채널·템플릿·발송,page,리디렉션 관찰,LIVE-alimtalk__channels,AST-R066,,,P09-T03,파일/계약 정적 대조; 이번 계획에서 실행 미검증,ServicesPages에서 채널 경로 분기 없음; 현재 fallback 도달. 채널 CRUD 실제 화면 연결 필요.,"[""KakaoChannel"", ""KakaoTemplate"", ""KakaoMockReceipt"", ""Campaign"", ""CampaignDelivery"", ""CampaignEvent""]",CRUD/인증,api-ui-spec.md#r19,R19-T01,R19-T02,R19-T03,R19-T04,message/sender capability + 알림톡 entitlement + service scope,채널목록·등록·확인·편집·사용중/삭제,실제공급자확인; 중복channel 차단; 사용중삭제제한,실제 DB 생성 ID/토큰; A/B회사·2서비스·허용/거부역할·활성/만료라이선스·빈/보유 상태,E2E-RR006,planned,False,False,False,CRUD/인증,"[{""method"": ""GET"", ""path"": ""/kakao/channels/{id}""}, {""method"": ""DELETE"", ""path"": ""/kakao/channels/{id}""}, {""method"": ""PATCH"", ""path"": ""/kakao/channels/{id}""}, {""method"": ""GET"", ""path"": ""/kakao/channels""}, {""method"": ""POST"", ""path"": ""/kakao/channels""}, {""method"": ""POST"", ""path"": ""/kakao/channels/{id}/verify""}]",현재 OpenAPI에서 추출한 페이지 관련 후보; 실제 컴포넌트 호출 일치·누락 API는 R00/Rxx-T02에서 확정,"[""src/components/services/KakaoTemplates.tsx"", ""src/components/services/KakaoTemplateDetail.tsx"", ""src/components/services/Campaigns.tsx"", ""src/components/services/kakao.tsx""]",../catchsecu-reverse-2026-10-09/route-coverage.json
RR007,/alimtalk/history,알림톡,R19,알림톡 채널·템플릿·발송,page,리디렉션 관찰,LIVE-alimtalk__history,AST-R072,,,P09-T04,파일/계약 정적 대조; 이번 계획에서 실행 미검증,정상·오류·권한별 실제동작 재검증 필요; 구현 누락으로 단정하지 않음,"[""KakaoChannel"", ""KakaoTemplate"", ""KakaoMockReceipt"", ""Campaign"", ""CampaignDelivery"", ""CampaignEvent""]",R/예약취소/실패재시도,api-ui-spec.md#r19,R19-T01,R19-T02,R19-T03,R19-T04,message/sender capability + 알림톡 entitlement + service scope,상태·수신자결과·예약·실패·다운로드,webhook 실제상태; 중복callback한번반영; 전달성공재발송 차단,실제 DB 생성 ID/토큰; A/B회사·2서비스·허용/거부역할·활성/만료라이선스·빈/보유 상태,E2E-RR007,planned,False,False,False,R/예약취소/실패재시도,"[{""method"": ""GET"", ""path"": ""/senders""}, {""method"": ""POST"", ""path"": ""/senders""}, {""method"": ""GET"", ""path"": ""/senders/{id}""}, {""method"": ""PATCH"", ""path"": ""/senders/{id}""}, {""method"": ""DELETE"", ""path"": ""/senders/{id}""}, {""method"": ""GET"", ""path"": ""/campaigns""}, {""method"": ""POST"", ""path"": ""/campaigns""}, {""method"": ""GET"", ""path"": ""/campaigns/{id}""}, {""method"": ""PATCH"", ""path"": ""/campaigns/{id}""}, {""method"": ""DELETE"", ""path"": ""/campaigns/{id}""}, {""method"": ""GET"", ""path"": ""/message-templates""}, {""method"": ""POST"", ""path"": ""/message-templates""}, {""method"": ""GET"", ""path"": ""/message-templates/{id}""}, {""method"": ""PATCH"", ""path"": ""/message-templates/{id}""}, {""method"": ""DELETE"", ""path"": ""/message-templates/{id}""}, {""method"": ""POST"", ""path"": ""/senders/{id}/default""}, {""method"": ""POST"", ""path"": ""/senders/{id}/disable""}, {""method"": ""POST"", ""path"": ""/senders/{id}/renew""}, {""method"": ""POST"", ""path"": ""/senders/{id}/cleanup""}, {""method"": ""POST"", ""path"": ""/senders/{id}/request-email""}, {""method"": ""POST"", ""path"": ""/senders/{id}/confirm-email""}, {""method"": ""POST"", ""path"": ""/senders/{id}/dns""}, {""method"": ""POST"", ""path"": ""/senders/{id}/check""}, {""method"": ""POST"", ""path"": ""/senders/{id}/evidence""}, {""method"": ""POST"", ""path"": ""/senders/{id}/evidence/{fileId}/attach""}, {""method"": ""DELETE"", ""path"": ""/senders/{id}/evidence/{fileId}""}, {""method"": ""GET"", ""path"": ""/senders/{id}/evidence/{fileId}/download""}, {""method"": ""GET"", ""path"": ""/campaigns/sources""}, {""method"": ""GET"", ""path"": ""/campaigns/{id}/recipients""}, {""method"": ""POST"", ""path"": ""/campaigns/{id}/recipients""}, {""method"": ""GET"", ""path"": ""/campaigns/{id}/deliveries""}, {""method"": ""GET"", ""path"": ""/campaigns/{id}/export""}, {""method"": ""POST"", ""path"": ""/campaigns/{id}/preview""}, {""method"": ""POST"", ""path"": ""/campaigns/{id}/schedule""}, {""method"": ""POST"", ""path"": ""/campaigns/{id}/reschedule""}, {""method"": ""POST"", ""path"": ""/campaigns/{id}/cancel""}, {""method"": ""POST"", ""path"": ""/campaigns/{id}/archive""}, {""method"": ""POST"", ""path"": ""/campaigns/{id}/retry""}, {""method"": ""GET"", ""path"": ""/message-templates/{id}/revisions/{version}""}, {""method"": ""GET"", ""path"": ""/campaigns/{id}/files/{fileId}/download""}, {""method"": ""POST"", ""path"": ""/message-templates/{id}/archive""}, {""method"": ""POST"", ""path"": ""/message-templates/{id}/restore""}, {""method"": ""POST"", ""path"": ""/campaigns/{id}/apply-template""}, {""method"": ""POST"", ""path"": ""/campaigns/{id}/files""}, {""method"": ""POST"", ""path"": ""/campaigns/{id}/files/{fileId}/attach""}, {""method"": ""DELETE"", ""path"": ""/campaigns/{id}/files/{fileId}""}]",현재 OpenAPI에서 추출한 페이지 관련 후보; 실제 컴포넌트 호출 일치·누락 API는 R00/Rxx-T02에서 확정,"[""src/components/services/KakaoTemplates.tsx"", ""src/components/services/KakaoTemplateDetail.tsx"", ""src/components/services/Campaigns.tsx"", ""src/components/services/kakao.tsx""]",../catchsecu-reverse-2026-10-09/route-coverage.json
RR008,/alimtalk/send,알림톡,R19,알림톡 채널·템플릿·발송,page,리디렉션 관찰,LIVE-alimtalk__send,AST-R071,,,P09-T04,파일/계약 정적 대조; 이번 계획에서 실행 미검증,정상·오류·권한별 실제동작 재검증 필요; 구현 누락으로 단정하지 않음,"[""KakaoChannel"", ""KakaoTemplate"", ""KakaoMockReceipt"", ""Campaign"", ""CampaignDelivery"", ""CampaignEvent""]",초안 CRUD/예약/전송,api-ui-spec.md#r19,R19-T01,R19-T02,R19-T03,R19-T04,message/sender capability + 알림톡 entitlement + service scope,승인템플릿·수신자·미리보기·예약·발송확인,실제sandbox; 중복발송/미승인/거부대상 차단; 단가서버계산,실제 DB 생성 ID/토큰; A/B회사·2서비스·허용/거부역할·활성/만료라이선스·빈/보유 상태,E2E-RR008,planned,False,False,False,초안 CRUD/예약/전송,"[{""method"": ""GET"", ""path"": ""/senders""}, {""method"": ""POST"", ""path"": ""/senders""}, {""method"": ""GET"", ""path"": ""/senders/{id}""}, {""method"": ""PATCH"", ""path"": ""/senders/{id}""}, {""method"": ""DELETE"", ""path"": ""/senders/{id}""}, {""method"": ""GET"", ""path"": ""/campaigns""}, {""method"": ""POST"", ""path"": ""/campaigns""}, {""method"": ""GET"", ""path"": ""/campaigns/{id}""}, {""method"": ""PATCH"", ""path"": ""/campaigns/{id}""}, {""method"": ""DELETE"", ""path"": ""/campaigns/{id}""}, {""method"": ""GET"", ""path"": ""/message-templates""}, {""method"": ""POST"", ""path"": ""/message-templates""}, {""method"": ""GET"", ""path"": ""/message-templates/{id}""}, {""method"": ""PATCH"", ""path"": ""/message-templates/{id}""}, {""method"": ""DELETE"", ""path"": ""/message-templates/{id}""}, {""method"": ""POST"", ""path"": ""/senders/{id}/default""}, {""method"": ""POST"", ""path"": ""/senders/{id}/disable""}, {""method"": ""POST"", ""path"": ""/senders/{id}/renew""}, {""method"": ""POST"", ""path"": ""/senders/{id}/cleanup""}, {""method"": ""POST"", ""path"": ""/senders/{id}/request-email""}, {""method"": ""POST"", ""path"": ""/senders/{id}/confirm-email""}, {""method"": ""POST"", ""path"": ""/senders/{id}/dns""}, {""method"": ""POST"", ""path"": ""/senders/{id}/check""}, {""method"": ""POST"", ""path"": ""/senders/{id}/evidence""}, {""method"": ""POST"", ""path"": ""/senders/{id}/evidence/{fileId}/attach""}, {""method"": ""DELETE"", ""path"": ""/senders/{id}/evidence/{fileId}""}, {""method"": ""GET"", ""path"": ""/senders/{id}/evidence/{fileId}/download""}, {""method"": ""GET"", ""path"": ""/campaigns/sources""}, {""method"": ""GET"", ""path"": ""/campaigns/{id}/recipients""}, {""method"": ""POST"", ""path"": ""/campaigns/{id}/recipients""}, {""method"": ""GET"", ""path"": ""/campaigns/{id}/deliveries""}, {""method"": ""GET"", ""path"": ""/campaigns/{id}/export""}, {""method"": ""POST"", ""path"": ""/campaigns/{id}/preview""}, {""method"": ""POST"", ""path"": ""/campaigns/{id}/schedule""}, {""method"": ""POST"", ""path"": ""/campaigns/{id}/reschedule""}, {""method"": ""POST"", ""path"": ""/campaigns/{id}/cancel""}, {""method"": ""POST"", ""path"": ""/campaigns/{id}/archive""}, {""method"": ""POST"", ""path"": ""/campaigns/{id}/retry""}, {""method"": ""GET"", ""path"": ""/message-templates/{id}/revisions/{version}""}, {""method"": ""GET"", ""path"": ""/campaigns/{id}/files/{fileId}/download""}, {""method"": ""POST"", ""path"": ""/message-templates/{id}/archive""}, {""method"": ""POST"", ""path"": ""/message-templates/{id}/restore""}, {""method"": ""POST"", ""path"": ""/campaigns/{id}/apply-template""}, {""method"": ""POST"", ""path"": ""/campaigns/{id}/files""}, {""method"": ""POST"", ""path"": ""/campaigns/{id}/files/{fileId}/attach""}, {""method"": ""DELETE"", ""path"": ""/campaigns/{id}/files/{fileId}""}]",현재 OpenAPI에서 추출한 페이지 관련 후보; 실제 컴포넌트 호출 일치·누락 API는 R00/Rxx-T02에서 확정,"[""src/components/services/KakaoTemplates.tsx"", ""src/components/services/KakaoTemplateDetail.tsx"", ""src/components/services/Campaigns.tsx"", ""src/components/services/kakao.tsx""]",../catchsecu-reverse-2026-10-09/route-coverage.json
RR009,/alimtalk/templates,알림톡,R19,알림톡 채널·템플릿·발송,page,리디렉션 관찰,LIVE-alimtalk__templates,AST-R067,,,P09-T03,파일/계약 정적 대조; 이번 계획에서 실행 미검증,정상·오류·권한별 실제동작 재검증 필요; 구현 누락으로 단정하지 않음,"[""KakaoChannel"", ""KakaoTemplate"", ""KakaoMockReceipt"", ""Campaign"", ""CampaignDelivery"", ""CampaignEvent""]",CRUD/심사/preview,api-ui-spec.md#r19,R19-T01,R19-T02,R19-T03,R19-T04,message/sender capability + 알림톡 entitlement + service scope,목록·등록·상세·편집·반려수정·playground 미리보기,변수/버튼 검증; 승인전발송거부; 수정재심사·preview 저장독립,실제 DB 생성 ID/토큰; A/B회사·2서비스·허용/거부역할·활성/만료라이선스·빈/보유 상태,E2E-RR009,planned,False,False,False,CRUD/심사/preview,"[{""method"": ""GET"", ""path"": ""/kakao/templates/{id}""}, {""method"": ""DELETE"", ""path"": ""/kakao/templates/{id}""}, {""method"": ""PATCH"", ""path"": ""/kakao/templates/{id}""}, {""method"": ""GET"", ""path"": ""/kakao/templates""}, {""method"": ""POST"", ""path"": ""/kakao/templates""}, {""method"": ""POST"", ""path"": ""/kakao/templates/preview""}, {""method"": ""POST"", ""path"": ""/kakao/templates/{id}/submit""}, {""method"": ""GET"", ""path"": ""/kakao/templates/{id}/review""}, {""method"": ""POST"", ""path"": ""/kakao/templates/{id}/send""}]",현재 OpenAPI에서 추출한 페이지 관련 후보; 실제 컴포넌트 호출 일치·누락 API는 R00/Rxx-T02에서 확정,"[""src/components/services/KakaoTemplates.tsx"", ""src/components/services/KakaoTemplateDetail.tsx"", ""src/components/services/Campaigns.tsx"", ""src/components/services/kakao.tsx""]",../catchsecu-reverse-2026-10-09/route-coverage.json
RR010,/alimtalk/templates/:templateId,알림톡,R19,알림톡 채널·템플릿·발송,dynamic,정적 선언만 확인,,AST-R069,,실제 객체 ID·토큰·사용자 흐름이 필요함,P09-T03,파일/계약 정적 대조; 이번 계획에서 실행 미검증,정상·오류·권한별 실제동작 재검증 필요; 구현 누락으로 단정하지 않음,"[""KakaoChannel"", ""KakaoTemplate"", ""KakaoMockReceipt"", ""Campaign"", ""CampaignDelivery"", ""CampaignEvent""]",CRUD/심사/preview,api-ui-spec.md#r19,R19-T01,R19-T02,R19-T03,R19-T04,message/sender capability + 알림톡 entitlement + service scope,목록·등록·상세·편집·반려수정·playground 미리보기,변수/버튼 검증; 승인전발송거부; 수정재심사·preview 저장독립,실제 DB 생성 ID/토큰; A/B회사·2서비스·허용/거부역할·활성/만료라이선스·빈/보유 상태,E2E-RR010,planned,False,False,False,CRUD/심사/preview,"[{""method"": ""GET"", ""path"": ""/kakao/templates/{id}""}, {""method"": ""DELETE"", ""path"": ""/kakao/templates/{id}""}, {""method"": ""PATCH"", ""path"": ""/kakao/templates/{id}""}, {""method"": ""GET"", ""path"": ""/kakao/templates""}, {""method"": ""POST"", ""path"": ""/kakao/templates""}, {""method"": ""POST"", ""path"": ""/kakao/templates/preview""}, {""method"": ""POST"", ""path"": ""/kakao/templates/{id}/submit""}, {""method"": ""GET"", ""path"": ""/kakao/templates/{id}/review""}, {""method"": ""POST"", ""path"": ""/kakao/templates/{id}/send""}]",현재 OpenAPI에서 추출한 페이지 관련 후보; 실제 컴포넌트 호출 일치·누락 API는 R00/Rxx-T02에서 확정,"[""src/components/services/KakaoTemplates.tsx"", ""src/components/services/KakaoTemplateDetail.tsx"", ""src/components/services/Campaigns.tsx"", ""src/components/services/kakao.tsx""]",../catchsecu-reverse-2026-10-09/route-coverage.json
RR011,/alimtalk/templates/:templateId/edit,알림톡,R19,알림톡 채널·템플릿·발송,dynamic,정적 선언만 확인,,AST-R070,,실제 객체 ID·토큰·사용자 흐름이 필요함,P09-T03,파일/계약 정적 대조; 이번 계획에서 실행 미검증,정상·오류·권한별 실제동작 재검증 필요; 구현 누락으로 단정하지 않음,"[""KakaoChannel"", ""KakaoTemplate"", ""KakaoMockReceipt"", ""Campaign"", ""CampaignDelivery"", ""CampaignEvent""]",CRUD/심사/preview,api-ui-spec.md#r19,R19-T01,R19-T02,R19-T03,R19-T04,message/sender capability + 알림톡 entitlement + service scope,목록·등록·상세·편집·반려수정·playground 미리보기,변수/버튼 검증; 승인전발송거부; 수정재심사·preview 저장독립,실제 DB 생성 ID/토큰; A/B회사·2서비스·허용/거부역할·활성/만료라이선스·빈/보유 상태,E2E-RR011,planned,False,False,False,CRUD/심사/preview,"[{""method"": ""GET"", ""path"": ""/kakao/templates/{id}""}, {""method"": ""DELETE"", ""path"": ""/kakao/templates/{id}""}, {""method"": ""PATCH"", ""path"": ""/kakao/templates/{id}""}, {""method"": ""GET"", ""path"": ""/kakao/templates""}, {""method"": ""POST"", ""path"": ""/kakao/templates""}, {""method"": ""POST"", ""path"": ""/kakao/templates/preview""}, {""method"": ""POST"", ""path"": ""/kakao/templates/{id}/submit""}, {""method"": ""GET"", ""path"": ""/kakao/templates/{id}/review""}, {""method"": ""POST"", ""path"": ""/kakao/templates/{id}/send""}]",현재 OpenAPI에서 추출한 페이지 관련 후보; 실제 컴포넌트 호출 일치·누락 API는 R00/Rxx-T02에서 확정,"[""src/components/services/KakaoTemplates.tsx"", ""src/components/services/KakaoTemplateDetail.tsx"", ""src/components/services/Campaigns.tsx"", ""src/components/services/kakao.tsx""]",../catchsecu-reverse-2026-10-09/route-coverage.json
RR012,/alimtalk/templates/register,알림톡,R19,알림톡 채널·템플릿·발송,page,정적 선언만 확인,,AST-R068,,모든 카테고리의 대표 화면을 조사했으며 이 경로의 정상 상태는 실행 미검증,P09-T03,파일/계약 정적 대조; 이번 계획에서 실행 미검증,정상·오류·권한별 실제동작 재검증 필요; 구현 누락으로 단정하지 않음,"[""KakaoChannel"", ""KakaoTemplate"", ""KakaoMockReceipt"", ""Campaign"", ""CampaignDelivery"", ""CampaignEvent""]",CRUD/심사/preview,api-ui-spec.md#r19,R19-T01,R19-T02,R19-T03,R19-T04,message/sender capability + 알림톡 entitlement + service scope,목록·등록·상세·편집·반려수정·playground 미리보기,변수/버튼 검증; 승인전발송거부; 수정재심사·preview 저장독립,실제 DB 생성 ID/토큰; A/B회사·2서비스·허용/거부역할·활성/만료라이선스·빈/보유 상태,E2E-RR012,planned,False,False,False,CRUD/심사/preview,"[{""method"": ""GET"", ""path"": ""/kakao/templates/{id}""}, {""method"": ""DELETE"", ""path"": ""/kakao/templates/{id}""}, {""method"": ""PATCH"", ""path"": ""/kakao/templates/{id}""}, {""method"": ""GET"", ""path"": ""/kakao/templates""}, {""method"": ""POST"", ""path"": ""/kakao/templates""}, {""method"": ""POST"", ""path"": ""/kakao/templates/preview""}, {""method"": ""POST"", ""path"": ""/kakao/templates/{id}/submit""}, {""method"": ""GET"", ""path"": ""/kakao/templates/{id}/review""}, {""method"": ""POST"", ""path"": ""/kakao/templates/{id}/send""}]",현재 OpenAPI에서 추출한 페이지 관련 후보; 실제 컴포넌트 호출 일치·누락 API는 R00/Rxx-T02에서 확정,"[""src/components/services/KakaoTemplates.tsx"", ""src/components/services/KakaoTemplateDetail.tsx"", ""src/components/services/Campaigns.tsx"", ""src/components/services/kakao.tsx""]",../catchsecu-reverse-2026-10-09/route-coverage.json
RR013,/auth-code,로그인·인증,R02,계정 인증·세션·복구,page,정적 선언만 확인,,AST-R020,,로그아웃·상태 변경·인증/결제 결과 경로는 실행하지 않음,P02-T02,파일/계약 정적 대조; 이번 계획에서 실행 미검증,정상·오류·권한별 실제동작 재검증 필요; 구현 누락으로 단정하지 않음,"[""User"", ""Account"", ""Session"", ""Verification"", ""TwoFactor"", ""RateLimit"", ""PasswordHistory"", ""PasswordDeferral""]",인증수단 CRUD; 일회용 검증,api-ui-spec.md#r02,R02-T01,R02-T02,R02-T03,R02-T04,익명 challenge 또는 자기 계정; 회사 권한 이전에 인증 검증,이메일/OTP 설정·코드입력·만료·재전송,인증전 보호API 차단; 코드만료/재사용·시도제한; recovery 1회,실제 DB 생성 ID/토큰; A/B회사·2서비스·허용/거부역할·활성/만료라이선스·빈/보유 상태,E2E-RR013,planned,False,False,False,인증수단 CRUD; 일회용 검증,"[{""method"": ""GET"", ""path"": ""/me/sessions""}, {""method"": ""DELETE"", ""path"": ""/me/sessions/{id}""}, {""method"": ""POST"", ""path"": ""/auth/sign-up/email""}, {""method"": ""POST"", ""path"": ""/auth/sign-in/email""}, {""method"": ""POST"", ""path"": ""/auth/request-password-reset""}, {""method"": ""POST"", ""path"": ""/auth/reset-password""}, {""method"": ""POST"", ""path"": ""/auth/change-password""}, {""method"": ""POST"", ""path"": ""/auth/sign-out""}, {""method"": ""POST"", ""path"": ""/auth/two-factor/enable""}, {""method"": ""POST"", ""path"": ""/auth/two-factor/verify-totp""}, {""method"": ""POST"", ""path"": ""/auth/two-factor/send-otp""}, {""method"": ""POST"", ""path"": ""/auth/two-factor/verify-otp""}, {""method"": ""POST"", ""path"": ""/auth/two-factor/verify-backup-code""}, {""method"": ""POST"", ""path"": ""/auth/two-factor/disable""}, {""method"": ""GET"", ""path"": ""/auth/get-session""}, {""method"": ""GET"", ""path"": ""/me/password-policy""}, {""method"": ""POST"", ""path"": ""/me/password-policy""}, {""method"": ""POST"", ""path"": ""/auth/org/login""}, {""method"": ""POST"", ""path"": ""/auth/org/email-register""}, {""method"": ""GET"", ""path"": ""/auth/sso/{providerId}""}, {""method"": ""GET"", ""path"": ""/auth/sso/callback""}, {""method"": ""POST"", ""path"": ""/auth/sso/saml""}]",현재 OpenAPI에서 추출한 페이지 관련 후보; 실제 컴포넌트 호출 일치·누락 API는 R00/Rxx-T02에서 확정,"[""src/components/auth/AuthPages.tsx"", ""src/components/auth/LiveAuth.tsx""]",../catchsecu-reverse-2026-10-09/route-coverage.json
RR014,/basic/info-usage-purpose,동의서·처리방침,R10,처리 목적·동의서·처리방침·서비스 공개문서,page,유료 제한,LIVE-basic__info-usage-purpose,AST-R038,"EXPERT,ROOT,USER",,P05-T01,파일/계약 정적 대조; 이번 계획에서 실행 미검증,정상·오류·권한별 실제동작 재검증 필요; 구현 누락으로 단정하지 않음,"[""ProcessingPurpose"", ""Recipient"", ""Subprocessor"", ""PurposeRecipient"", ""PurposeRevision"", ""RecipientRevision"", ""Document"", ""DocumentPurpose"", ""DocumentRecipient"", ""DocumentVersion"", ""DocumentPdf"", ""DocumentPublication"", ""ClauseTemplate"", ""ServiceConsentDisplay"", ""FormDocumentBinding"", ""SubprocessorNotice""]",CRUD/문서초안 생성,api-ui-spec.md#r10,R10-T01,R10-T02,R10-T03,R10-T04,document.read/write; 공개문서는 게시토큰·공개허용 필드,목적·항목·기간·제공/국외이전 입력→문서 생성,필수항목·기간·수탁자검증; 생성원문과입력 일치; 다른회사FK 거부,실제 DB 생성 ID/토큰; A/B회사·2서비스·허용/거부역할·활성/만료라이선스·빈/보유 상태,E2E-RR014,planned,False,False,False,CRUD/문서초안 생성,"[{""method"": ""GET"", ""path"": ""/documents""}, {""method"": ""POST"", ""path"": ""/documents""}, {""method"": ""GET"", ""path"": ""/documents/{id}""}, {""method"": ""PATCH"", ""path"": ""/documents/{id}""}, {""method"": ""DELETE"", ""path"": ""/documents/{id}""}, {""method"": ""GET"", ""path"": ""/processing-purposes""}, {""method"": ""POST"", ""path"": ""/processing-purposes""}, {""method"": ""GET"", ""path"": ""/processing-purposes/{id}""}, {""method"": ""PATCH"", ""path"": ""/processing-purposes/{id}""}, {""method"": ""DELETE"", ""path"": ""/processing-purposes/{id}""}, {""method"": ""GET"", ""path"": ""/recipients""}, {""method"": ""POST"", ""path"": ""/recipients""}, {""method"": ""GET"", ""path"": ""/recipients/{id}""}, {""method"": ""PATCH"", ""path"": ""/recipients/{id}""}, {""method"": ""DELETE"", ""path"": ""/recipients/{id}""}, {""method"": ""POST"", ""path"": ""/processing-purposes/{id}/restore""}, {""method"": ""GET"", ""path"": ""/processing-purposes/{id}/history""}, {""method"": ""POST"", ""path"": ""/recipients/{id}/restore""}, {""method"": ""GET"", ""path"": ""/recipients/{id}/history""}, {""method"": ""POST"", ""path"": ""/documents/{id}/restore""}, {""method"": ""GET"", ""path"": ""/documents/options""}, {""method"": ""GET"", ""path"": ""/documents/{id}/preview""}, {""method"": ""GET"", ""path"": ""/documents/{id}/versions""}, {""method"": ""POST"", ""path"": ""/documents/{id}/publish""}, {""method"": ""POST"", ""path"": ""/documents/{id}/unpublish""}, {""method"": ""POST"", ""path"": ""/documents/{id}/revoke""}, {""method"": ""POST"", ""path"": ""/documents/{id}/apply-clause""}, {""method"": ""GET"", ""path"": ""/documents/{id}/versions/{number}/pdf""}]",현재 OpenAPI에서 추출한 페이지 관련 후보; 실제 컴포넌트 호출 일치·누락 API는 R00/Rxx-T02에서 확정,"[""src/components/forms/ProcessingCatalog.tsx"", ""src/components/forms/Documents.tsx"", ""src/components/forms/ConsentDocuments.tsx"", ""src/components/forms/PublicServiceDocuments.tsx"", ""src/components/management/ConsentDisplay.tsx"", ""src/components/management/SubprocessorMail.tsx""]",../catchsecu-reverse-2026-10-09/route-coverage.json
RR015,/basic/info-usage-purpose/privacy-policy,동의서·처리방침,R10,처리 목적·동의서·처리방침·서비스 공개문서,page,정적 선언만 확인,,AST-R043,"EXPERT,ROOT,USER",모든 카테고리의 대표 화면을 조사했으며 이 경로의 정상 상태는 실행 미검증,P05-T01,파일/계약 정적 대조; 이번 계획에서 실행 미검증,정상·오류·권한별 실제동작 재검증 필요; 구현 누락으로 단정하지 않음,"[""ProcessingPurpose"", ""Recipient"", ""Subprocessor"", ""PurposeRecipient"", ""PurposeRevision"", ""RecipientRevision"", ""Document"", ""DocumentPurpose"", ""DocumentRecipient"", ""DocumentVersion"", ""DocumentPdf"", ""DocumentPublication"", ""ClauseTemplate"", ""ServiceConsentDisplay"", ""FormDocumentBinding"", ""SubprocessorNotice""]",CRUD/문서초안 생성,api-ui-spec.md#r10,R10-T01,R10-T02,R10-T03,R10-T04,document.read/write; 공개문서는 게시토큰·공개허용 필드,목적·항목·기간·제공/국외이전 입력→문서 생성,필수항목·기간·수탁자검증; 생성원문과입력 일치; 다른회사FK 거부,실제 DB 생성 ID/토큰; A/B회사·2서비스·허용/거부역할·활성/만료라이선스·빈/보유 상태,E2E-RR015,planned,False,False,False,CRUD/문서초안 생성,"[{""method"": ""GET"", ""path"": ""/documents""}, {""method"": ""POST"", ""path"": ""/documents""}, {""method"": ""GET"", ""path"": ""/documents/{id}""}, {""method"": ""PATCH"", ""path"": ""/documents/{id}""}, {""method"": ""DELETE"", ""path"": ""/documents/{id}""}, {""method"": ""GET"", ""path"": ""/processing-purposes""}, {""method"": ""POST"", ""path"": ""/processing-purposes""}, {""method"": ""GET"", ""path"": ""/processing-purposes/{id}""}, {""method"": ""PATCH"", ""path"": ""/processing-purposes/{id}""}, {""method"": ""DELETE"", ""path"": ""/processing-purposes/{id}""}, {""method"": ""GET"", ""path"": ""/recipients""}, {""method"": ""POST"", ""path"": ""/recipients""}, {""method"": ""GET"", ""path"": ""/recipients/{id}""}, {""method"": ""PATCH"", ""path"": ""/recipients/{id}""}, {""method"": ""DELETE"", ""path"": ""/recipients/{id}""}, {""method"": ""POST"", ""path"": ""/processing-purposes/{id}/restore""}, {""method"": ""GET"", ""path"": ""/processing-purposes/{id}/history""}, {""method"": ""POST"", ""path"": ""/recipients/{id}/restore""}, {""method"": ""GET"", ""path"": ""/recipients/{id}/history""}, {""method"": ""POST"", ""path"": ""/documents/{id}/restore""}, {""method"": ""GET"", ""path"": ""/documents/options""}, {""method"": ""GET"", ""path"": ""/documents/{id}/preview""}, {""method"": ""GET"", ""path"": ""/documents/{id}/versions""}, {""method"": ""POST"", ""path"": ""/documents/{id}/publish""}, {""method"": ""POST"", ""path"": ""/documents/{id}/unpublish""}, {""method"": ""POST"", ""path"": ""/documents/{id}/revoke""}, {""method"": ""POST"", ""path"": ""/documents/{id}/apply-clause""}, {""method"": ""GET"", ""path"": ""/documents/{id}/versions/{number}/pdf""}]",현재 OpenAPI에서 추출한 페이지 관련 후보; 실제 컴포넌트 호출 일치·누락 API는 R00/Rxx-T02에서 확정,"[""src/components/forms/ProcessingCatalog.tsx"", ""src/components/forms/Documents.tsx"", ""src/components/forms/ConsentDocuments.tsx"", ""src/components/forms/PublicServiceDocuments.tsx"", ""src/components/management/ConsentDisplay.tsx"", ""src/components/management/SubprocessorMail.tsx""]",../catchsecu-reverse-2026-10-09/route-coverage.json
RR016,/basic/result/consent,동의서·처리방침,R10,처리 목적·동의서·처리방침·서비스 공개문서,page,유료 제한,LIVE-basic__result__consent,AST-R039,"EXPERT,ROOT,USER",,P05-T02,파일/계약 정적 대조; 이번 계획에서 실행 미검증,정상·오류·권한별 실제동작 재검증 필요; 구현 누락으로 단정하지 않음,"[""ProcessingPurpose"", ""Recipient"", ""Subprocessor"", ""PurposeRecipient"", ""PurposeRevision"", ""RecipientRevision"", ""Document"", ""DocumentPurpose"", ""DocumentRecipient"", ""DocumentVersion"", ""DocumentPdf"", ""DocumentPublication"", ""ClauseTemplate"", ""ServiceConsentDisplay"", ""FormDocumentBinding"", ""SubprocessorNotice""]",초안 CRUD/게시/개정/중단,api-ui-spec.md#r10,R10-T01,R10-T02,R10-T03,R10-T04,document.read/write; 공개문서는 게시토큰·공개허용 필드,동의서/처리방침 목록·문구·작성·편집·비교·미리보기,게시버전불변; 새버전 생성; 의존응답 유지; U/D 권한검사,실제 DB 생성 ID/토큰; A/B회사·2서비스·허용/거부역할·활성/만료라이선스·빈/보유 상태,E2E-RR016,planned,False,False,False,초안 CRUD/게시/개정/중단,"[{""method"": ""GET"", ""path"": ""/documents""}, {""method"": ""POST"", ""path"": ""/documents""}, {""method"": ""GET"", ""path"": ""/documents/{id}""}, {""method"": ""PATCH"", ""path"": ""/documents/{id}""}, {""method"": ""DELETE"", ""path"": ""/documents/{id}""}, {""method"": ""GET"", ""path"": ""/clause-templates""}, {""method"": ""POST"", ""path"": ""/clause-templates""}, {""method"": ""GET"", ""path"": ""/clause-templates/{id}""}, {""method"": ""PATCH"", ""path"": ""/clause-templates/{id}""}, {""method"": ""DELETE"", ""path"": ""/clause-templates/{id}""}, {""method"": ""POST"", ""path"": ""/documents/{id}/restore""}, {""method"": ""POST"", ""path"": ""/clause-templates/{id}/restore""}, {""method"": ""GET"", ""path"": ""/documents/options""}, {""method"": ""GET"", ""path"": ""/documents/{id}/preview""}, {""method"": ""GET"", ""path"": ""/documents/{id}/versions""}, {""method"": ""POST"", ""path"": ""/documents/{id}/publish""}, {""method"": ""POST"", ""path"": ""/documents/{id}/unpublish""}, {""method"": ""POST"", ""path"": ""/documents/{id}/revoke""}, {""method"": ""POST"", ""path"": ""/documents/{id}/apply-clause""}, {""method"": ""GET"", ""path"": ""/documents/{id}/versions/{number}/pdf""}]",현재 OpenAPI에서 추출한 페이지 관련 후보; 실제 컴포넌트 호출 일치·누락 API는 R00/Rxx-T02에서 확정,"[""src/components/forms/ProcessingCatalog.tsx"", ""src/components/forms/Documents.tsx"", ""src/components/forms/ConsentDocuments.tsx"", ""src/components/forms/PublicServiceDocuments.tsx"", ""src/components/management/ConsentDisplay.tsx"", ""src/components/management/SubprocessorMail.tsx""]",../catchsecu-reverse-2026-10-09/route-coverage.json
RR017,/basic/result/consent/create,동의서·처리방침,R10,처리 목적·동의서·처리방침·서비스 공개문서,page,정적 선언만 확인,,AST-R042,"EXPERT,ROOT,USER",모든 카테고리의 대표 화면을 조사했으며 이 경로의 정상 상태는 실행 미검증,P05-T02,파일/계약 정적 대조; 이번 계획에서 실행 미검증,정상·오류·권한별 실제동작 재검증 필요; 구현 누락으로 단정하지 않음,"[""ProcessingPurpose"", ""Recipient"", ""Subprocessor"", ""PurposeRecipient"", ""PurposeRevision"", ""RecipientRevision"", ""Document"", ""DocumentPurpose"", ""DocumentRecipient"", ""DocumentVersion"", ""DocumentPdf"", ""DocumentPublication"", ""ClauseTemplate"", ""ServiceConsentDisplay"", ""FormDocumentBinding"", ""SubprocessorNotice""]",초안 CRUD/게시/개정/중단,api-ui-spec.md#r10,R10-T01,R10-T02,R10-T03,R10-T04,document.read/write; 공개문서는 게시토큰·공개허용 필드,동의서/처리방침 목록·문구·작성·편집·비교·미리보기,게시버전불변; 새버전 생성; 의존응답 유지; U/D 권한검사,실제 DB 생성 ID/토큰; A/B회사·2서비스·허용/거부역할·활성/만료라이선스·빈/보유 상태,E2E-RR017,planned,False,False,False,초안 CRUD/게시/개정/중단,"[{""method"": ""GET"", ""path"": ""/documents""}, {""method"": ""POST"", ""path"": ""/documents""}, {""method"": ""GET"", ""path"": ""/documents/{id}""}, {""method"": ""PATCH"", ""path"": ""/documents/{id}""}, {""method"": ""DELETE"", ""path"": ""/documents/{id}""}, {""method"": ""GET"", ""path"": ""/clause-templates""}, {""method"": ""POST"", ""path"": ""/clause-templates""}, {""method"": ""GET"", ""path"": ""/clause-templates/{id}""}, {""method"": ""PATCH"", ""path"": ""/clause-templates/{id}""}, {""method"": ""DELETE"", ""path"": ""/clause-templates/{id}""}, {""method"": ""POST"", ""path"": ""/documents/{id}/restore""}, {""method"": ""POST"", ""path"": ""/clause-templates/{id}/restore""}, {""method"": ""GET"", ""path"": ""/documents/options""}, {""method"": ""GET"", ""path"": ""/documents/{id}/preview""}, {""method"": ""GET"", ""path"": ""/documents/{id}/versions""}, {""method"": ""POST"", ""path"": ""/documents/{id}/publish""}, {""method"": ""POST"", ""path"": ""/documents/{id}/unpublish""}, {""method"": ""POST"", ""path"": ""/documents/{id}/revoke""}, {""method"": ""POST"", ""path"": ""/documents/{id}/apply-clause""}, {""method"": ""GET"", ""path"": ""/documents/{id}/versions/{number}/pdf""}]",현재 OpenAPI에서 추출한 페이지 관련 후보; 실제 컴포넌트 호출 일치·누락 API는 R00/Rxx-T02에서 확정,"[""src/components/forms/ProcessingCatalog.tsx"", ""src/components/forms/Documents.tsx"", ""src/components/forms/ConsentDocuments.tsx"", ""src/components/forms/PublicServiceDocuments.tsx"", ""src/components/management/ConsentDisplay.tsx"", ""src/components/management/SubprocessorMail.tsx""]",../catchsecu-reverse-2026-10-09/route-coverage.json
RR018,/basic/result/consent/edit,동의서·처리방침,R10,처리 목적·동의서·처리방침·서비스 공개문서,page,정적 선언만 확인,,AST-R041,"EXPERT,ROOT,USER",모든 카테고리의 대표 화면을 조사했으며 이 경로의 정상 상태는 실행 미검증,P05-T02,파일/계약 정적 대조; 이번 계획에서 실행 미검증,정상·오류·권한별 실제동작 재검증 필요; 구현 누락으로 단정하지 않음,"[""ProcessingPurpose"", ""Recipient"", ""Subprocessor"", ""PurposeRecipient"", ""PurposeRevision"", ""RecipientRevision"", ""Document"", ""DocumentPurpose"", ""DocumentRecipient"", ""DocumentVersion"", ""DocumentPdf"", ""DocumentPublication"", ""ClauseTemplate"", ""ServiceConsentDisplay"", ""FormDocumentBinding"", ""SubprocessorNotice""]",초안 CRUD/게시/개정/중단,api-ui-spec.md#r10,R10-T01,R10-T02,R10-T03,R10-T04,document.read/write; 공개문서는 게시토큰·공개허용 필드,동의서/처리방침 목록·문구·작성·편집·비교·미리보기,게시버전불변; 새버전 생성; 의존응답 유지; U/D 권한검사,실제 DB 생성 ID/토큰; A/B회사·2서비스·허용/거부역할·활성/만료라이선스·빈/보유 상태,E2E-RR018,planned,False,False,False,초안 CRUD/게시/개정/중단,"[{""method"": ""GET"", ""path"": ""/documents""}, {""method"": ""POST"", ""path"": ""/documents""}, {""method"": ""GET"", ""path"": ""/documents/{id}""}, {""method"": ""PATCH"", ""path"": ""/documents/{id}""}, {""method"": ""DELETE"", ""path"": ""/documents/{id}""}, {""method"": ""GET"", ""path"": ""/clause-templates""}, {""method"": ""POST"", ""path"": ""/clause-templates""}, {""method"": ""GET"", ""path"": ""/clause-templates/{id}""}, {""method"": ""PATCH"", ""path"": ""/clause-templates/{id}""}, {""method"": ""DELETE"", ""path"": ""/clause-templates/{id}""}, {""method"": ""POST"", ""path"": ""/documents/{id}/restore""}, {""method"": ""POST"", ""path"": ""/clause-templates/{id}/restore""}, {""method"": ""GET"", ""path"": ""/documents/options""}, {""method"": ""GET"", ""path"": ""/documents/{id}/preview""}, {""method"": ""GET"", ""path"": ""/documents/{id}/versions""}, {""method"": ""POST"", ""path"": ""/documents/{id}/publish""}, {""method"": ""POST"", ""path"": ""/documents/{id}/unpublish""}, {""method"": ""POST"", ""path"": ""/documents/{id}/revoke""}, {""method"": ""POST"", ""path"": ""/documents/{id}/apply-clause""}, {""method"": ""GET"", ""path"": ""/documents/{id}/versions/{number}/pdf""}]",현재 OpenAPI에서 추출한 페이지 관련 후보; 실제 컴포넌트 호출 일치·누락 API는 R00/Rxx-T02에서 확정,"[""src/components/forms/ProcessingCatalog.tsx"", ""src/components/forms/Documents.tsx"", ""src/components/forms/ConsentDocuments.tsx"", ""src/components/forms/PublicServiceDocuments.tsx"", ""src/components/management/ConsentDisplay.tsx"", ""src/components/management/SubprocessorMail.tsx""]",../catchsecu-reverse-2026-10-09/route-coverage.json
RR019,/basic/result/consent/phrase,동의서·처리방침,R10,처리 목적·동의서·처리방침·서비스 공개문서,page,정적 선언만 확인,,AST-R040,"ADMIN,EXPERT,ROOT,USER",모든 카테고리의 대표 화면을 조사했으며 이 경로의 정상 상태는 실행 미검증,P05-T02,파일/계약 정적 대조; 이번 계획에서 실행 미검증,정상·오류·권한별 실제동작 재검증 필요; 구현 누락으로 단정하지 않음,"[""ProcessingPurpose"", ""Recipient"", ""Subprocessor"", ""PurposeRecipient"", ""PurposeRevision"", ""RecipientRevision"", ""Document"", ""DocumentPurpose"", ""DocumentRecipient"", ""DocumentVersion"", ""DocumentPdf"", ""DocumentPublication"", ""ClauseTemplate"", ""ServiceConsentDisplay"", ""FormDocumentBinding"", ""SubprocessorNotice""]",초안 CRUD/게시/개정/중단,api-ui-spec.md#r10,R10-T01,R10-T02,R10-T03,R10-T04,document.read/write; 공개문서는 게시토큰·공개허용 필드,동의서/처리방침 목록·문구·작성·편집·비교·미리보기,게시버전불변; 새버전 생성; 의존응답 유지; U/D 권한검사,실제 DB 생성 ID/토큰; A/B회사·2서비스·허용/거부역할·활성/만료라이선스·빈/보유 상태,E2E-RR019,planned,False,False,False,초안 CRUD/게시/개정/중단,"[{""method"": ""GET"", ""path"": ""/clause-templates""}, {""method"": ""POST"", ""path"": ""/clause-templates""}, {""method"": ""GET"", ""path"": ""/clause-templates/{id}""}, {""method"": ""PATCH"", ""path"": ""/clause-templates/{id}""}, {""method"": ""DELETE"", ""path"": ""/clause-templates/{id}""}, {""method"": ""POST"", ""path"": ""/clause-templates/{id}/restore""}]",현재 OpenAPI에서 추출한 페이지 관련 후보; 실제 컴포넌트 호출 일치·누락 API는 R00/Rxx-T02에서 확정,"[""src/components/forms/ProcessingCatalog.tsx"", ""src/components/forms/Documents.tsx"", ""src/components/forms/ConsentDocuments.tsx"", ""src/components/forms/PublicServiceDocuments.tsx"", ""src/components/management/ConsentDisplay.tsx"", ""src/components/management/SubprocessorMail.tsx""]",../catchsecu-reverse-2026-10-09/route-coverage.json
RR020,/basic/result/policy,동의서·처리방침,R10,처리 목적·동의서·처리방침·서비스 공개문서,page,유료 제한,LIVE-basic__result__policy,AST-R044,"EXPERT,ROOT,USER",,P05-T02,파일/계약 정적 대조; 이번 계획에서 실행 미검증,정상·오류·권한별 실제동작 재검증 필요; 구현 누락으로 단정하지 않음,"[""ProcessingPurpose"", ""Recipient"", ""Subprocessor"", ""PurposeRecipient"", ""PurposeRevision"", ""RecipientRevision"", ""Document"", ""DocumentPurpose"", ""DocumentRecipient"", ""DocumentVersion"", ""DocumentPdf"", ""DocumentPublication"", ""ClauseTemplate"", ""ServiceConsentDisplay"", ""FormDocumentBinding"", ""SubprocessorNotice""]",초안 CRUD/게시/개정/중단,api-ui-spec.md#r10,R10-T01,R10-T02,R10-T03,R10-T04,document.read/write; 공개문서는 게시토큰·공개허용 필드,동의서/처리방침 목록·문구·작성·편집·비교·미리보기,게시버전불변; 새버전 생성; 의존응답 유지; U/D 권한검사,실제 DB 생성 ID/토큰; A/B회사·2서비스·허용/거부역할·활성/만료라이선스·빈/보유 상태,E2E-RR020,planned,False,False,False,초안 CRUD/게시/개정/중단,"[{""method"": ""GET"", ""path"": ""/documents""}, {""method"": ""POST"", ""path"": ""/documents""}, {""method"": ""GET"", ""path"": ""/documents/{id}""}, {""method"": ""PATCH"", ""path"": ""/documents/{id}""}, {""method"": ""DELETE"", ""path"": ""/documents/{id}""}, {""method"": ""GET"", ""path"": ""/clause-templates""}, {""method"": ""POST"", ""path"": ""/clause-templates""}, {""method"": ""GET"", ""path"": ""/clause-templates/{id}""}, {""method"": ""PATCH"", ""path"": ""/clause-templates/{id}""}, {""method"": ""DELETE"", ""path"": ""/clause-templates/{id}""}, {""method"": ""POST"", ""path"": ""/documents/{id}/restore""}, {""method"": ""POST"", ""path"": ""/clause-templates/{id}/restore""}, {""method"": ""GET"", ""path"": ""/documents/options""}, {""method"": ""GET"", ""path"": ""/documents/{id}/preview""}, {""method"": ""GET"", ""path"": ""/documents/{id}/versions""}, {""method"": ""POST"", ""path"": ""/documents/{id}/publish""}, {""method"": ""POST"", ""path"": ""/documents/{id}/unpublish""}, {""method"": ""POST"", ""path"": ""/documents/{id}/revoke""}, {""method"": ""POST"", ""path"": ""/documents/{id}/apply-clause""}, {""method"": ""GET"", ""path"": ""/documents/{id}/versions/{number}/pdf""}]",현재 OpenAPI에서 추출한 페이지 관련 후보; 실제 컴포넌트 호출 일치·누락 API는 R00/Rxx-T02에서 확정,"[""src/components/forms/ProcessingCatalog.tsx"", ""src/components/forms/Documents.tsx"", ""src/components/forms/ConsentDocuments.tsx"", ""src/components/forms/PublicServiceDocuments.tsx"", ""src/components/management/ConsentDisplay.tsx"", ""src/components/management/SubprocessorMail.tsx""]",../catchsecu-reverse-2026-10-09/route-coverage.json
RR021,/bill/:id,구독·결제,R21,라이선스·결제수단·주문·원장·환불,dynamic,정적 선언만 확인,,AST-R116,,실제 객체 ID·토큰·사용자 흐름이 필요함,P10-T04,파일/계약 정적 대조; 이번 계획에서 실행 미검증,정상·오류·권한별 실제동작 재검증 필요; 구현 누락으로 단정하지 않음,"[""BillingPlan"", ""BillingPlanVersion"", ""BillingSubscription"", ""BillingSubscriptionEvent"", ""PaymentMethod"", ""PaymentOrder"", ""PaymentEvent"", ""PaymentRefund"", ""BillingMonthClose"", ""CreditAccount"", ""LedgerTransaction"", ""LedgerEntry""]",R/download,api-ui-spec.md#r21,R21-T01,R21-T02,R21-T03,R21-T04,billing.read/write; 상품관리는 platformAdmin; webhook검증,크레딧/결제청구서 상세·PDF·환불가능상태,금액·기간·거래번호 일치; 실제PDF; 타사청구서404,실제 DB 생성 ID/토큰; A/B회사·2서비스·허용/거부역할·활성/만료라이선스·빈/보유 상태,E2E-RR021,planned,False,False,False,R/download,"[{""method"": ""GET"", ""path"": ""/invoices""}, {""method"": ""GET"", ""path"": ""/billing/orders""}, {""method"": ""POST"", ""path"": ""/billing/orders""}, {""method"": ""GET"", ""path"": ""/billing/orders/{id}""}, {""method"": ""POST"", ""path"": ""/billing/orders/{id}/return""}, {""method"": ""POST"", ""path"": ""/billing/orders/{id}/virtual-checkout""}, {""method"": ""POST"", ""path"": ""/billing/refunds/{id}/virtual-settle""}]",현재 OpenAPI에서 추출한 페이지 관련 후보; 실제 컴포넌트 호출 일치·누락 API는 R00/Rxx-T02에서 확정,"[""src/components/services/payment.tsx"", ""src/components/services/InvoiceDetail.tsx""]",../catchsecu-reverse-2026-10-09/route-coverage.json
RR022,/bill/:id/refund,구독·결제,R21,라이선스·결제수단·주문·원장·환불,dynamic,정적 선언만 확인,,AST-R117,,실제 객체 ID·토큰·사용자 흐름이 필요함,P10-T04,파일/계약 정적 대조; 이번 계획에서 실행 미검증,정상·오류·권한별 실제동작 재검증 필요; 구현 누락으로 단정하지 않음,"[""BillingPlan"", ""BillingPlanVersion"", ""BillingSubscription"", ""BillingSubscriptionEvent"", ""PaymentMethod"", ""PaymentOrder"", ""PaymentEvent"", ""PaymentRefund"", ""BillingMonthClose"", ""CreditAccount"", ""LedgerTransaction"", ""LedgerEntry""]",환불/해지 요청 C; R,api-ui-spec.md#r21,R21-T01,R21-T02,R21-T03,R21-T04,billing.read/write; 상품관리는 platformAdmin; webhook검증,취소대상·사유·예상환불·확인·처리상태,환불중복/누계초과/타purchase 차단; 외부환불+원장대사,실제 DB 생성 ID/토큰; A/B회사·2서비스·허용/거부역할·활성/만료라이선스·빈/보유 상태,E2E-RR022,planned,False,False,False,환불/해지 요청 C; R,"[{""method"": ""GET"", ""path"": ""/invoices""}, {""method"": ""GET"", ""path"": ""/billing/orders""}, {""method"": ""POST"", ""path"": ""/billing/orders""}, {""method"": ""GET"", ""path"": ""/billing/orders/{id}""}, {""method"": ""POST"", ""path"": ""/billing/orders/{id}/return""}, {""method"": ""POST"", ""path"": ""/billing/orders/{id}/virtual-checkout""}, {""method"": ""POST"", ""path"": ""/billing/refunds/{id}/virtual-settle""}]",현재 OpenAPI에서 추출한 페이지 관련 후보; 실제 컴포넌트 호출 일치·누락 API는 R00/Rxx-T02에서 확정,"[""src/components/services/payment.tsx"", ""src/components/services/InvoiceDetail.tsx""]",../catchsecu-reverse-2026-10-09/route-coverage.json
RR023,/company-info,서비스 초기설정·전문가,R03,회사·서비스·초기 설정,page,정적 선언만 확인,,AST-R151,,모든 카테고리의 대표 화면을 조사했으며 이 경로의 정상 상태는 실행 미검증,P03-T01,파일/계약 정적 대조; 이번 계획에서 실행 미검증,정상·오류·권한별 실제동작 재검증 필요; 구현 누락으로 단정하지 않음,"[""Company"", ""CompanyBusinessFile"", ""Service"", ""Membership"", ""ServiceGrant"", ""AccessRequest""]",회사 조회/온보딩 C,api-ui-spec.md#r03,R03-T01,R03-T02,R03-T03,R03-T04,company.manage/service.manage; 접근요청은 자기 멤버십·허용 서비스,기존회사 조회 또는 회사 생성으로 분기,기존회사 조회·신규 온보딩·다른회사ID 거부,실제 DB 생성 ID/토큰; A/B회사·2서비스·허용/거부역할·활성/만료라이선스·빈/보유 상태,E2E-RR023,planned,False,False,False,회사 조회/온보딩 C,"[{""method"": ""GET"", ""path"": ""/companies""}, {""method"": ""POST"", ""path"": ""/companies""}, {""method"": ""GET"", ""path"": ""/companies/{id}""}, {""method"": ""PATCH"", ""path"": ""/companies/{id}""}, {""method"": ""DELETE"", ""path"": ""/companies/{id}""}, {""method"": ""GET"", ""path"": ""/context""}, {""method"": ""POST"", ""path"": ""/context""}, {""method"": ""POST"", ""path"": ""/companies/{id}/closure""}, {""method"": ""GET"", ""path"": ""/companies/{id}/business-file""}, {""method"": ""POST"", ""path"": ""/companies/{id}/business-file""}, {""method"": ""DELETE"", ""path"": ""/companies/{id}/business-file""}]",현재 OpenAPI에서 추출한 페이지 관련 후보; 실제 컴포넌트 호출 일치·누락 API는 R00/Rxx-T02에서 확정,"[""src/components/management/live.tsx"", ""src/components/ServiceAccessPage.tsx"", ""src/components/ApplicationContext.tsx""]",../catchsecu-reverse-2026-10-09/route-coverage.json
RR024,/compliance,대시보드,R23,대시보드·통계·준수·월마감,page,화면 관찰 · 403 동반,LIVE-compliance,AST-R037,,,P12-T02,파일/계약 정적 대조; 이번 계획에서 실행 미검증,정상·오류·권한별 실제동작 재검증 필요; 구현 누락으로 단정하지 않음,"[""Submission"", ""MarketingPreference"", ""AuditEvent"", ""ComplianceClose"", ""ComplianceExportJob"", ""BillingMonthClose""]",집계 R/export; 원천업무로 갱신,api-ui-spec.md#r23,R23-T01,R23-T02,R23-T03,R23-T04,허용서비스 집계; audit/security·license별 마감권한,전체/서비스별 카드·통계·필터·서비스행·보고서,원천작성·철회·파기와 집계일치; serviceId변조거부; 기간경계/0건,실제 DB 생성 ID/토큰; A/B회사·2서비스·허용/거부역할·활성/만료라이선스·빈/보유 상태,E2E-RR024,planned,False,False,False,집계 R/export; 원천업무로 갱신,"[{""method"": ""GET"", ""path"": ""/compliance""}]",현재 OpenAPI에서 추출한 페이지 관련 후보; 실제 컴포넌트 호출 일치·누락 API는 R00/Rxx-T02에서 확정,"[""src/components/Dashboard.tsx"", ""src/components/StatisticsPages.tsx"", ""src/components/forms/Marketing.tsx""]",../catchsecu-reverse-2026-10-09/route-coverage.json
RR025,/creditBill/:id,구독·결제,R21,라이선스·결제수단·주문·원장·환불,dynamic,정적 선언만 확인,,AST-R115,,실제 객체 ID·토큰·사용자 흐름이 필요함,P10-T04,파일/계약 정적 대조; 이번 계획에서 실행 미검증,정상·오류·권한별 실제동작 재검증 필요; 구현 누락으로 단정하지 않음,"[""BillingPlan"", ""BillingPlanVersion"", ""BillingSubscription"", ""BillingSubscriptionEvent"", ""PaymentMethod"", ""PaymentOrder"", ""PaymentEvent"", ""PaymentRefund"", ""BillingMonthClose"", ""CreditAccount"", ""LedgerTransaction"", ""LedgerEntry""]",R/download,api-ui-spec.md#r21,R21-T01,R21-T02,R21-T03,R21-T04,billing.read/write; 상품관리는 platformAdmin; webhook검증,크레딧/결제청구서 상세·PDF·환불가능상태,금액·기간·거래번호 일치; 실제PDF; 타사청구서404,실제 DB 생성 ID/토큰; A/B회사·2서비스·허용/거부역할·활성/만료라이선스·빈/보유 상태,E2E-RR025,planned,False,False,False,R/download,"[{""method"": ""GET"", ""path"": ""/invoices""}, {""method"": ""GET"", ""path"": ""/billing/orders""}, {""method"": ""POST"", ""path"": ""/billing/orders""}, {""method"": ""GET"", ""path"": ""/billing/orders/{id}""}, {""method"": ""POST"", ""path"": ""/billing/orders/{id}/return""}, {""method"": ""POST"", ""path"": ""/billing/orders/{id}/virtual-checkout""}, {""method"": ""POST"", ""path"": ""/billing/refunds/{id}/virtual-settle""}]",현재 OpenAPI에서 추출한 페이지 관련 후보; 실제 컴포넌트 호출 일치·누락 API는 R00/Rxx-T02에서 확정,"[""src/components/services/payment.tsx"", ""src/components/services/InvoiceDetail.tsx""]",../catchsecu-reverse-2026-10-09/route-coverage.json
RR026,/customer-use-case/:outerToken,정보주체·공유·공개 폼,R11,공개 폼·응답·첨부·정정,dynamic,정적 선언만 확인,,AST-R009,,실제 객체 ID·토큰·사용자 흐름이 필요함,P06-T01,파일/계약 정적 대조; 이번 계획에서 실행 미검증,정상·오류·권한별 실제동작 재검증 필요; 구현 누락으로 단정하지 않음,"[""Submission"", ""Answer"", ""ConsentReceipt"", ""ConsentEvent"", ""Correction"", ""CorrectionPayload"", ""SubmissionNote"", ""FileObject"", ""ExportJob"", ""ExportChunk"", ""ExportSource""]",R,api-ui-spec.md#r11,R11-T01,R11-T02,R11-T03,R11-T04,외부 publication 토큰; 내부 submission.read/write/file.read; 공유별 scope,토큰 기반 사용사례/미리보기; 의미 P00에서 정상표본 확인,자료범위 확정 전 공개승격 금지; 다른 폼 데이터 노출0,실제 DB 생성 ID/토큰; A/B회사·2서비스·허용/거부역할·활성/만료라이선스·빈/보유 상태,E2E-RR026,planned,False,False,False,R,"[{""method"": ""POST"", ""path"": ""/public/forms/{token}/uploads""}, {""method"": ""GET"", ""path"": ""/public/forms/{token}""}, {""method"": ""POST"", ""path"": ""/public/forms/{token}/submissions""}]",현재 OpenAPI에서 추출한 페이지 관련 후보; 실제 컴포넌트 호출 일치·누락 API는 R00/Rxx-T02에서 확정,"[""src/components/forms/PublicForm.tsx"", ""src/components/forms/SubmissionDetail.tsx"", ""src/components/forms/FileView.tsx"", ""src/components/forms/ExportJobs.tsx"", ""src/components/forms/FormLists.tsx""]",../catchsecu-reverse-2026-10-09/route-coverage.json
RR027,/dashboard,대시보드,R23,대시보드·통계·준수·월마감,page,화면 관찰,LIVE-dashboard,AST-R032,,,P12-T02,파일/계약 정적 대조; 이번 계획에서 실행 미검증,정상·오류·권한별 실제동작 재검증 필요; 구현 누락으로 단정하지 않음,"[""Submission"", ""MarketingPreference"", ""AuditEvent"", ""ComplianceClose"", ""ComplianceExportJob"", ""BillingMonthClose""]",집계 R/export; 원천업무로 갱신,api-ui-spec.md#r23,R23-T01,R23-T02,R23-T03,R23-T04,허용서비스 집계; audit/security·license별 마감권한,전체/서비스별 카드·통계·필터·서비스행·보고서,원천작성·철회·파기와 집계일치; serviceId변조거부; 기간경계/0건,실제 DB 생성 ID/토큰; A/B회사·2서비스·허용/거부역할·활성/만료라이선스·빈/보유 상태,E2E-RR027,planned,False,False,False,집계 R/export; 원천업무로 갱신,"[{""method"": ""GET"", ""path"": ""/analytics/dashboard""}, {""method"": ""GET"", ""path"": ""/entitlements""}, {""method"": ""GET"", ""path"": ""/assets""}]",현재 OpenAPI에서 추출한 페이지 관련 후보; 실제 컴포넌트 호출 일치·누락 API는 R00/Rxx-T02에서 확정,"[""src/components/Dashboard.tsx"", ""src/components/StatisticsPages.tsx"", ""src/components/forms/Marketing.tsx""]",../catchsecu-reverse-2026-10-09/route-coverage.json
RR028,/dashboard/:serviceId,대시보드,R23,대시보드·통계·준수·월마감,dynamic,정적 선언만 확인,,AST-R031,,실제 객체 ID·토큰·사용자 흐름이 필요함,P12-T02,파일/계약 정적 대조; 이번 계획에서 실행 미검증,정상·오류·권한별 실제동작 재검증 필요; 구현 누락으로 단정하지 않음,"[""Submission"", ""MarketingPreference"", ""AuditEvent"", ""ComplianceClose"", ""ComplianceExportJob"", ""BillingMonthClose""]",집계 R/export; 원천업무로 갱신,api-ui-spec.md#r23,R23-T01,R23-T02,R23-T03,R23-T04,허용서비스 집계; audit/security·license별 마감권한,전체/서비스별 카드·통계·필터·서비스행·보고서,원천작성·철회·파기와 집계일치; serviceId변조거부; 기간경계/0건,실제 DB 생성 ID/토큰; A/B회사·2서비스·허용/거부역할·활성/만료라이선스·빈/보유 상태,E2E-RR028,planned,False,False,False,집계 R/export; 원천업무로 갱신,"[{""method"": ""GET"", ""path"": ""/analytics/dashboard""}, {""method"": ""GET"", ""path"": ""/entitlements""}, {""method"": ""GET"", ""path"": ""/assets""}]",현재 OpenAPI에서 추출한 페이지 관련 후보; 실제 컴포넌트 호출 일치·누락 API는 R00/Rxx-T02에서 확정,"[""src/components/Dashboard.tsx"", ""src/components/StatisticsPages.tsx"", ""src/components/forms/Marketing.tsx""]",../catchsecu-reverse-2026-10-09/route-coverage.json
RR029,/document/C/:token,정보주체·공유·공개 폼,R10,처리 목적·동의서·처리방침·서비스 공개문서,dynamic,정적 선언만 확인,,AST-R168,,실제 객체 ID·토큰·사용자 흐름이 필요함,P05-T03,파일/계약 정적 대조; 이번 계획에서 실행 미검증,정상·오류·권한별 실제동작 재검증 필요; 구현 누락으로 단정하지 않음,"[""ProcessingPurpose"", ""Recipient"", ""Subprocessor"", ""PurposeRecipient"", ""PurposeRevision"", ""RecipientRevision"", ""Document"", ""DocumentPurpose"", ""DocumentRecipient"", ""DocumentVersion"", ""DocumentPdf"", ""DocumentPublication"", ""ClauseTemplate"", ""ServiceConsentDisplay"", ""FormDocumentBinding"", ""SubprocessorNotice""]",공개 R/download,api-ui-spec.md#r10,R10-T01,R10-T02,R10-T03,R10-T04,document.read/write; 공개문서는 게시토큰·공개허용 필드,P/C/OC별 고정버전 문서·만료·회수; 유형뜻 명세,세 유형각 정상fixture; token회수/잘못된type 거부; 과거본문 유지,실제 DB 생성 ID/토큰; A/B회사·2서비스·허용/거부역할·활성/만료라이선스·빈/보유 상태,E2E-RR029,planned,False,False,False,공개 R/download,"[{""method"": ""GET"", ""path"": ""/public/documents/{token}""}, {""method"": ""GET"", ""path"": ""/public/documents/{token}/pdf""}]",현재 OpenAPI에서 추출한 페이지 관련 후보; 실제 컴포넌트 호출 일치·누락 API는 R00/Rxx-T02에서 확정,"[""src/components/forms/ProcessingCatalog.tsx"", ""src/components/forms/Documents.tsx"", ""src/components/forms/ConsentDocuments.tsx"", ""src/components/forms/PublicServiceDocuments.tsx"", ""src/components/management/ConsentDisplay.tsx"", ""src/components/management/SubprocessorMail.tsx""]",../catchsecu-reverse-2026-10-09/route-coverage.json
RR030,/document/OC/:token,정보주체·공유·공개 폼,R10,처리 목적·동의서·처리방침·서비스 공개문서,dynamic,정적 선언만 확인,,AST-R169,,실제 객체 ID·토큰·사용자 흐름이 필요함,P05-T03,파일/계약 정적 대조; 이번 계획에서 실행 미검증,정상·오류·권한별 실제동작 재검증 필요; 구현 누락으로 단정하지 않음,"[""ProcessingPurpose"", ""Recipient"", ""Subprocessor"", ""PurposeRecipient"", ""PurposeRevision"", ""RecipientRevision"", ""Document"", ""DocumentPurpose"", ""DocumentRecipient"", ""DocumentVersion"", ""DocumentPdf"", ""DocumentPublication"", ""ClauseTemplate"", ""ServiceConsentDisplay"", ""FormDocumentBinding"", ""SubprocessorNotice""]",공개 R/download,api-ui-spec.md#r10,R10-T01,R10-T02,R10-T03,R10-T04,document.read/write; 공개문서는 게시토큰·공개허용 필드,P/C/OC별 고정버전 문서·만료·회수; 유형뜻 명세,세 유형각 정상fixture; token회수/잘못된type 거부; 과거본문 유지,실제 DB 생성 ID/토큰; A/B회사·2서비스·허용/거부역할·활성/만료라이선스·빈/보유 상태,E2E-RR030,planned,False,False,False,공개 R/download,"[{""method"": ""GET"", ""path"": ""/public/documents/{token}""}, {""method"": ""GET"", ""path"": ""/public/documents/{token}/pdf""}]",현재 OpenAPI에서 추출한 페이지 관련 후보; 실제 컴포넌트 호출 일치·누락 API는 R00/Rxx-T02에서 확정,"[""src/components/forms/ProcessingCatalog.tsx"", ""src/components/forms/Documents.tsx"", ""src/components/forms/ConsentDocuments.tsx"", ""src/components/forms/PublicServiceDocuments.tsx"", ""src/components/management/ConsentDisplay.tsx"", ""src/components/management/SubprocessorMail.tsx""]",../catchsecu-reverse-2026-10-09/route-coverage.json
RR031,/document/P/:token,정보주체·공유·공개 폼,R10,처리 목적·동의서·처리방침·서비스 공개문서,dynamic,정적 선언만 확인,,AST-R167,,실제 객체 ID·토큰·사용자 흐름이 필요함,P05-T03,파일/계약 정적 대조; 이번 계획에서 실행 미검증,정상·오류·권한별 실제동작 재검증 필요; 구현 누락으로 단정하지 않음,"[""ProcessingPurpose"", ""Recipient"", ""Subprocessor"", ""PurposeRecipient"", ""PurposeRevision"", ""RecipientRevision"", ""Document"", ""DocumentPurpose"", ""DocumentRecipient"", ""DocumentVersion"", ""DocumentPdf"", ""DocumentPublication"", ""ClauseTemplate"", ""ServiceConsentDisplay"", ""FormDocumentBinding"", ""SubprocessorNotice""]",공개 R/download,api-ui-spec.md#r10,R10-T01,R10-T02,R10-T03,R10-T04,document.read/write; 공개문서는 게시토큰·공개허용 필드,P/C/OC별 고정버전 문서·만료·회수; 유형뜻 명세,세 유형각 정상fixture; token회수/잘못된type 거부; 과거본문 유지,실제 DB 생성 ID/토큰; A/B회사·2서비스·허용/거부역할·활성/만료라이선스·빈/보유 상태,E2E-RR031,planned,False,False,False,공개 R/download,"[{""method"": ""GET"", ""path"": ""/public/documents/{token}""}, {""method"": ""GET"", ""path"": ""/public/documents/{token}/pdf""}]",현재 OpenAPI에서 추출한 페이지 관련 후보; 실제 컴포넌트 호출 일치·누락 API는 R00/Rxx-T02에서 확정,"[""src/components/forms/ProcessingCatalog.tsx"", ""src/components/forms/Documents.tsx"", ""src/components/forms/ConsentDocuments.tsx"", ""src/components/forms/PublicServiceDocuments.tsx"", ""src/components/management/ConsentDisplay.tsx"", ""src/components/management/SubprocessorMail.tsx""]",../catchsecu-reverse-2026-10-09/route-coverage.json
RR032,/expert/select-company,서비스 초기설정·전문가,R04,구성원·초대·권한·전문가,page,정적 선언만 확인,,"AST-R182,AST-R194",,모든 카테고리의 대표 화면을 조사했으며 이 경로의 정상 상태는 실행 미검증,P03-T02,파일/계약 정적 대조; 이번 계획에서 실행 미검증,정상·오류·권한별 실제동작 재검증 필요; 구현 누락으로 단정하지 않음,"[""Membership"", ""ServiceGrant"", ""Invitation"", ""AccessRequest"", ""ExpertAssignment"", ""ExpertAssignmentService""]",R/현재 회사 선택,api-ui-spec.md#r04,R04-T01,R04-T02,R04-T03,R04-T04,"member.manage, company.manage, platformAdmin; 원본 ROOT 등과 로컬 역할은 별도 매핑",배정회사 선택·배정만료·빈목록,배정된 회사만 선택; 미배정/회수 접근거부,실제 DB 생성 ID/토큰; A/B회사·2서비스·허용/거부역할·활성/만료라이선스·빈/보유 상태,E2E-RR032,planned,False,False,False,R/현재 회사 선택,"[{""method"": ""GET"", ""path"": ""/context""}, {""method"": ""POST"", ""path"": ""/context""}, {""method"": ""GET"", ""path"": ""/expert-assignments""}, {""method"": ""POST"", ""path"": ""/expert-assignments""}, {""method"": ""GET"", ""path"": ""/expert-assignments/{id}""}, {""method"": ""PATCH"", ""path"": ""/expert-assignments/{id}""}, {""method"": ""DELETE"", ""path"": ""/expert-assignments/{id}""}, {""method"": ""GET"", ""path"": ""/expert-assignments/options""}]",현재 OpenAPI에서 추출한 페이지 관련 후보; 실제 컴포넌트 호출 일치·누락 API는 R00/Rxx-T02에서 확정,"[""src/components/management/members.tsx"", ""src/components/auth/InvitationAccept.tsx"", ""src/components/ExpertSelectPage.tsx"", ""src/components/ExpertAssignmentsAdmin.tsx""]",../catchsecu-reverse-2026-10-09/route-coverage.json
RR033,/expire/code,로그인·인증,R02,계정 인증·세션·복구,page,정적 선언만 확인,,AST-R022,,모든 카테고리의 대표 화면을 조사했으며 이 경로의 정상 상태는 실행 미검증,P02-T02,파일/계약 정적 대조; 이번 계획에서 실행 미검증,정상·오류·권한별 실제동작 재검증 필요; 구현 누락으로 단정하지 않음,"[""User"", ""Account"", ""Session"", ""Verification"", ""TwoFactor"", ""RateLimit"", ""PasswordHistory"", ""PasswordDeferral""]",인증수단 CRUD; 일회용 검증,api-ui-spec.md#r02,R02-T01,R02-T02,R02-T03,R02-T04,익명 challenge 또는 자기 계정; 회사 권한 이전에 인증 검증,이메일/OTP 설정·코드입력·만료·재전송,인증전 보호API 차단; 코드만료/재사용·시도제한; recovery 1회,실제 DB 생성 ID/토큰; A/B회사·2서비스·허용/거부역할·활성/만료라이선스·빈/보유 상태,E2E-RR033,planned,False,False,False,인증수단 CRUD; 일회용 검증,"[{""method"": ""GET"", ""path"": ""/me/sessions""}, {""method"": ""DELETE"", ""path"": ""/me/sessions/{id}""}, {""method"": ""POST"", ""path"": ""/auth/sign-up/email""}, {""method"": ""POST"", ""path"": ""/auth/sign-in/email""}, {""method"": ""POST"", ""path"": ""/auth/request-password-reset""}, {""method"": ""POST"", ""path"": ""/auth/reset-password""}, {""method"": ""POST"", ""path"": ""/auth/change-password""}, {""method"": ""POST"", ""path"": ""/auth/sign-out""}, {""method"": ""POST"", ""path"": ""/auth/two-factor/enable""}, {""method"": ""POST"", ""path"": ""/auth/two-factor/verify-totp""}, {""method"": ""POST"", ""path"": ""/auth/two-factor/send-otp""}, {""method"": ""POST"", ""path"": ""/auth/two-factor/verify-otp""}, {""method"": ""POST"", ""path"": ""/auth/two-factor/verify-backup-code""}, {""method"": ""POST"", ""path"": ""/auth/two-factor/disable""}, {""method"": ""GET"", ""path"": ""/auth/get-session""}, {""method"": ""GET"", ""path"": ""/me/password-policy""}, {""method"": ""POST"", ""path"": ""/me/password-policy""}, {""method"": ""POST"", ""path"": ""/auth/org/login""}, {""method"": ""POST"", ""path"": ""/auth/org/email-register""}, {""method"": ""GET"", ""path"": ""/auth/sso/{providerId}""}, {""method"": ""GET"", ""path"": ""/auth/sso/callback""}, {""method"": ""POST"", ""path"": ""/auth/sso/saml""}]",현재 OpenAPI에서 추출한 페이지 관련 후보; 실제 컴포넌트 호출 일치·누락 API는 R00/Rxx-T02에서 확정,"[""src/components/auth/AuthPages.tsx"", ""src/components/auth/LiveAuth.tsx""]",../catchsecu-reverse-2026-10-09/route-coverage.json
RR034,/file-view/:customerId,정보주체·공유·공개 폼,R11,공개 폼·응답·첨부·정정,dynamic,정적 선언만 확인,,AST-R001,,실제 객체 ID·토큰·사용자 흐름이 필요함,P06-T03,파일/계약 정적 대조; 이번 계획에서 실행 미검증,정상·오류·권한별 실제동작 재검증 필요; 구현 누락으로 단정하지 않음,"[""Submission"", ""Answer"", ""ConsentReceipt"", ""ConsentEvent"", ""Correction"", ""CorrectionPayload"", ""SubmissionNote"", ""FileObject"", ""ExportJob"", ""ExportChunk"", ""ExportSource""]",권한검사 R/download,api-ui-spec.md#r11,R11-T01,R11-T02,R11-T03,R11-T04,외부 publication 토큰; 내부 submission.read/write/file.read; 공유별 scope,응답 첨부 목록/파일 뷰어; 공유세션 범위 적용,customer-question-file 교차변조 거부; bytes/hash·만료·격리 확인,실제 DB 생성 ID/토큰; A/B회사·2서비스·허용/거부역할·활성/만료라이선스·빈/보유 상태,E2E-RR034,planned,False,False,False,권한검사 R/download,"[{""method"": ""GET"", ""path"": ""/files""}, {""method"": ""GET"", ""path"": ""/files/{id}""}, {""method"": ""PATCH"", ""path"": ""/files/{id}""}, {""method"": ""DELETE"", ""path"": ""/files/{id}""}, {""method"": ""GET"", ""path"": ""/files/{id}/download""}]",현재 OpenAPI에서 추출한 페이지 관련 후보; 실제 컴포넌트 호출 일치·누락 API는 R00/Rxx-T02에서 확정,"[""src/components/forms/PublicForm.tsx"", ""src/components/forms/SubmissionDetail.tsx"", ""src/components/forms/FileView.tsx"", ""src/components/forms/ExportJobs.tsx"", ""src/components/forms/FormLists.tsx""]",../catchsecu-reverse-2026-10-09/route-coverage.json
RR035,/file-view/:customerId/:questionId/:fileId,정보주체·공유·공개 폼,R11,공개 폼·응답·첨부·정정,dynamic,정적 선언만 확인,,AST-R003,,실제 객체 ID·토큰·사용자 흐름이 필요함,P06-T03,파일/계약 정적 대조; 이번 계획에서 실행 미검증,정상·오류·권한별 실제동작 재검증 필요; 구현 누락으로 단정하지 않음,"[""Submission"", ""Answer"", ""ConsentReceipt"", ""ConsentEvent"", ""Correction"", ""CorrectionPayload"", ""SubmissionNote"", ""FileObject"", ""ExportJob"", ""ExportChunk"", ""ExportSource""]",권한검사 R/download,api-ui-spec.md#r11,R11-T01,R11-T02,R11-T03,R11-T04,외부 publication 토큰; 내부 submission.read/write/file.read; 공유별 scope,응답 첨부 목록/파일 뷰어; 공유세션 범위 적용,customer-question-file 교차변조 거부; bytes/hash·만료·격리 확인,실제 DB 생성 ID/토큰; A/B회사·2서비스·허용/거부역할·활성/만료라이선스·빈/보유 상태,E2E-RR035,planned,False,False,False,권한검사 R/download,"[{""method"": ""GET"", ""path"": ""/files""}, {""method"": ""GET"", ""path"": ""/files/{id}""}, {""method"": ""PATCH"", ""path"": ""/files/{id}""}, {""method"": ""DELETE"", ""path"": ""/files/{id}""}, {""method"": ""GET"", ""path"": ""/files/{id}/download""}]",현재 OpenAPI에서 추출한 페이지 관련 후보; 실제 컴포넌트 호출 일치·누락 API는 R00/Rxx-T02에서 확정,"[""src/components/forms/PublicForm.tsx"", ""src/components/forms/SubmissionDetail.tsx"", ""src/components/forms/FileView.tsx"", ""src/components/forms/ExportJobs.tsx"", ""src/components/forms/FormLists.tsx""]",../catchsecu-reverse-2026-10-09/route-coverage.json
RR036,/file-view/:customerId/:questionId/:fileId/shared,정보주체·공유·공개 폼,R11,공개 폼·응답·첨부·정정,dynamic,정적 선언만 확인,,AST-R004,,실제 객체 ID·토큰·사용자 흐름이 필요함,P06-T03,파일/계약 정적 대조; 이번 계획에서 실행 미검증,정상·오류·권한별 실제동작 재검증 필요; 구현 누락으로 단정하지 않음,"[""Submission"", ""Answer"", ""ConsentReceipt"", ""ConsentEvent"", ""Correction"", ""CorrectionPayload"", ""SubmissionNote"", ""FileObject"", ""ExportJob"", ""ExportChunk"", ""ExportSource""]",권한검사 R/download,api-ui-spec.md#r11,R11-T01,R11-T02,R11-T03,R11-T04,외부 publication 토큰; 내부 submission.read/write/file.read; 공유별 scope,응답 첨부 목록/파일 뷰어; 공유세션 범위 적용,customer-question-file 교차변조 거부; bytes/hash·만료·격리 확인,실제 DB 생성 ID/토큰; A/B회사·2서비스·허용/거부역할·활성/만료라이선스·빈/보유 상태,E2E-RR036,planned,False,False,False,권한검사 R/download,"[{""method"": ""GET"", ""path"": ""/viewer/files""}, {""method"": ""GET"", ""path"": ""/viewer/files/{id}""}, {""method"": ""GET"", ""path"": ""/viewer/files/{id}/download""}]",현재 OpenAPI에서 추출한 페이지 관련 후보; 실제 컴포넌트 호출 일치·누락 API는 R00/Rxx-T02에서 확정,"[""src/components/forms/PublicForm.tsx"", ""src/components/forms/SubmissionDetail.tsx"", ""src/components/forms/FileView.tsx"", ""src/components/forms/ExportJobs.tsx"", ""src/components/forms/FormLists.tsx""]",../catchsecu-reverse-2026-10-09/route-coverage.json
RR037,/file-view/:customerId/shared,정보주체·공유·공개 폼,R11,공개 폼·응답·첨부·정정,dynamic,정적 선언만 확인,,AST-R002,,실제 객체 ID·토큰·사용자 흐름이 필요함,P06-T03,파일/계약 정적 대조; 이번 계획에서 실행 미검증,정상·오류·권한별 실제동작 재검증 필요; 구현 누락으로 단정하지 않음,"[""Submission"", ""Answer"", ""ConsentReceipt"", ""ConsentEvent"", ""Correction"", ""CorrectionPayload"", ""SubmissionNote"", ""FileObject"", ""ExportJob"", ""ExportChunk"", ""ExportSource""]",권한검사 R/download,api-ui-spec.md#r11,R11-T01,R11-T02,R11-T03,R11-T04,외부 publication 토큰; 내부 submission.read/write/file.read; 공유별 scope,응답 첨부 목록/파일 뷰어; 공유세션 범위 적용,customer-question-file 교차변조 거부; bytes/hash·만료·격리 확인,실제 DB 생성 ID/토큰; A/B회사·2서비스·허용/거부역할·활성/만료라이선스·빈/보유 상태,E2E-RR037,planned,False,False,False,권한검사 R/download,"[{""method"": ""GET"", ""path"": ""/viewer/files""}, {""method"": ""GET"", ""path"": ""/viewer/files/{id}""}, {""method"": ""GET"", ""path"": ""/viewer/files/{id}/download""}]",현재 OpenAPI에서 추출한 페이지 관련 후보; 실제 컴포넌트 호출 일치·누락 API는 R00/Rxx-T02에서 확정,"[""src/components/forms/PublicForm.tsx"", ""src/components/forms/SubmissionDetail.tsx"", ""src/components/forms/FileView.tsx"", ""src/components/forms/ExportJobs.tsx"", ""src/components/forms/FormLists.tsx""]",../catchsecu-reverse-2026-10-09/route-coverage.json
RR038,/form/ad-manage,캐치폼,R15,광고 동의·수신거부,page,화면 관찰,LIVE-form__ad-manage,AST-R055,"ROOT,USER",,P07-T02,파일/계약 정적 대조; 이번 계획에서 실행 미검증,정상·오류·권한별 실제동작 재검증 필요; 구현 누락으로 단정하지 않음,"[""MarketingPreference"", ""MarketingEvent"", ""Suppression"", ""SubjectWithdrawal""]",동의상태 C/R/U/철회,api-ui-spec.md#r15,R15-T01,R15-T02,R15-T03,R15-T04,marketing.read/write + 주체의 본인 철회,채널별동의·검색·제외·일괄철회·내보내기,철회직후발송 제외; 증거 없는 opt-in 거부; 채널별 격리,실제 DB 생성 ID/토큰; A/B회사·2서비스·허용/거부역할·활성/만료라이선스·빈/보유 상태,E2E-RR038,planned,False,False,False,동의상태 C/R/U/철회,"[{""method"": ""GET"", ""path"": ""/marketing/preferences""}, {""method"": ""POST"", ""path"": ""/marketing/preferences""}, {""method"": ""GET"", ""path"": ""/marketing/preferences/{id}""}, {""method"": ""PATCH"", ""path"": ""/marketing/preferences/{id}""}, {""method"": ""DELETE"", ""path"": ""/marketing/preferences/{id}""}, {""method"": ""POST"", ""path"": ""/marketing/preferences/withdrawals""}, {""method"": ""GET"", ""path"": ""/marketing/preferences/export""}, {""method"": ""GET"", ""path"": ""/marketing/sources""}, {""method"": ""GET"", ""path"": ""/marketing/summary""}, {""method"": ""GET"", ""path"": ""/email-suppressions""}]",현재 OpenAPI에서 추출한 페이지 관련 후보; 실제 컴포넌트 호출 일치·누락 API는 R00/Rxx-T02에서 확정,"[""src/components/forms/Marketing.tsx"", ""src/components/forms/MarketingSettings.tsx"", ""src/components/forms/FormLists.tsx""]",../catchsecu-reverse-2026-10-09/route-coverage.json
RR039,/form/ai/agreement,캐치폼,R08,캐치폼·질문·템플릿·단계 편집,page,정적 선언만 확인,,AST-R058,"EXPERT,ROOT,USER",모든 카테고리의 대표 화면을 조사했으며 이 경로의 정상 상태는 실행 미검증,P04-T02,파일/계약 정적 대조; 이번 계획에서 실행 미검증,정상·오류·권한별 실제동작 재검증 필요; 구현 누락으로 단정하지 않음,"[""Form"", ""FormVersion"", ""Question"", ""QuestionOption"", ""FormFavorite"", ""FormTemplate"", ""FormDocumentBinding""]",단계별 C/R/U; 초안 D/게시/공유,api-ui-spec.md#r08,R08-T01,R08-T02,R08-T03,R08-T04,form.read/write; service grant; 문서 read 권한,폼작성·질문·제공자·동의·설정·공유; 단계 state URL,단계이동/재시작복원; 동시편집409; v3와기본경로 계약; 게시권한,실제 DB 생성 ID/토큰; A/B회사·2서비스·허용/거부역할·활성/만료라이선스·빈/보유 상태,E2E-RR039,planned,False,False,False,단계별 C/R/U; 초안 D/게시/공유,"[{""method"": ""GET"", ""path"": ""/forms""}, {""method"": ""POST"", ""path"": ""/forms""}, {""method"": ""GET"", ""path"": ""/forms/{id}""}, {""method"": ""PATCH"", ""path"": ""/forms/{id}""}, {""method"": ""DELETE"", ""path"": ""/forms/{id}""}, {""method"": ""POST"", ""path"": ""/forms/{id}/publish""}, {""method"": ""POST"", ""path"": ""/forms/{id}/copy""}, {""method"": ""POST"", ""path"": ""/forms/{id}/pause""}, {""method"": ""POST"", ""path"": ""/forms/{id}/revise""}, {""method"": ""GET"", ""path"": ""/forms/{id}/submissions""}, {""method"": ""PATCH"", ""path"": ""/forms/{id}/retention""}, {""method"": ""PATCH"", ""path"": ""/forms/{id}/draft""}, {""method"": ""GET"", ""path"": ""/forms/{id}/deletion""}, {""method"": ""DELETE"", ""path"": ""/forms/{id}/purge""}, {""method"": ""POST"", ""path"": ""/forms/{id}/resume""}, {""method"": ""PUT"", ""path"": ""/forms/{id}/favorite""}, {""method"": ""DELETE"", ""path"": ""/forms/{id}/favorite""}, {""method"": ""GET"", ""path"": ""/forms/{id}/audit-events""}, {""method"": ""GET"", ""path"": ""/forms/{id}/audit-events/export""}, {""method"": ""GET"", ""path"": ""/forms/{id}/submissions/export""}, {""method"": ""GET"", ""path"": ""/forms/{id}/approvals""}, {""method"": ""POST"", ""path"": ""/forms/{id}/approvals""}, {""method"": ""GET"", ""path"": ""/forms/document-options""}]",현재 OpenAPI에서 추출한 페이지 관련 후보; 실제 컴포넌트 호출 일치·누락 API는 R00/Rxx-T02에서 확정,"[""src/components/forms/FormEditor.tsx"", ""src/components/forms/FormLists.tsx"", ""src/components/forms/TemplateGallery.tsx"", ""src/components/forms/Workflow.tsx"", ""src/components/forms/QuestionInput.tsx"", ""src/components/forms/QuestionSettings.tsx""]",../catchsecu-reverse-2026-10-09/route-coverage.json
RR040,/form/ai/basic-frame,캐치폼,R08,캐치폼·질문·템플릿·단계 편집,page,정적 선언만 확인,,AST-R056,"EXPERT,ROOT,USER",모든 카테고리의 대표 화면을 조사했으며 이 경로의 정상 상태는 실행 미검증,P04-T02,파일/계약 정적 대조; 이번 계획에서 실행 미검증,정상·오류·권한별 실제동작 재검증 필요; 구현 누락으로 단정하지 않음,"[""Form"", ""FormVersion"", ""Question"", ""QuestionOption"", ""FormFavorite"", ""FormTemplate"", ""FormDocumentBinding""]",단계별 C/R/U; 초안 D/게시/공유,api-ui-spec.md#r08,R08-T01,R08-T02,R08-T03,R08-T04,form.read/write; service grant; 문서 read 권한,폼작성·질문·제공자·동의·설정·공유; 단계 state URL,단계이동/재시작복원; 동시편집409; v3와기본경로 계약; 게시권한,실제 DB 생성 ID/토큰; A/B회사·2서비스·허용/거부역할·활성/만료라이선스·빈/보유 상태,E2E-RR040,planned,False,False,False,단계별 C/R/U; 초안 D/게시/공유,"[{""method"": ""GET"", ""path"": ""/forms""}, {""method"": ""POST"", ""path"": ""/forms""}, {""method"": ""GET"", ""path"": ""/forms/{id}""}, {""method"": ""PATCH"", ""path"": ""/forms/{id}""}, {""method"": ""DELETE"", ""path"": ""/forms/{id}""}, {""method"": ""POST"", ""path"": ""/forms/{id}/publish""}, {""method"": ""POST"", ""path"": ""/forms/{id}/copy""}, {""method"": ""POST"", ""path"": ""/forms/{id}/pause""}, {""method"": ""POST"", ""path"": ""/forms/{id}/revise""}, {""method"": ""GET"", ""path"": ""/forms/{id}/submissions""}, {""method"": ""PATCH"", ""path"": ""/forms/{id}/retention""}, {""method"": ""PATCH"", ""path"": ""/forms/{id}/draft""}, {""method"": ""GET"", ""path"": ""/forms/{id}/deletion""}, {""method"": ""DELETE"", ""path"": ""/forms/{id}/purge""}, {""method"": ""POST"", ""path"": ""/forms/{id}/resume""}, {""method"": ""PUT"", ""path"": ""/forms/{id}/favorite""}, {""method"": ""DELETE"", ""path"": ""/forms/{id}/favorite""}, {""method"": ""GET"", ""path"": ""/forms/{id}/audit-events""}, {""method"": ""GET"", ""path"": ""/forms/{id}/audit-events/export""}, {""method"": ""GET"", ""path"": ""/forms/{id}/submissions/export""}, {""method"": ""GET"", ""path"": ""/forms/{id}/approvals""}, {""method"": ""POST"", ""path"": ""/forms/{id}/approvals""}, {""method"": ""GET"", ""path"": ""/forms/document-options""}]",현재 OpenAPI에서 추출한 페이지 관련 후보; 실제 컴포넌트 호출 일치·누락 API는 R00/Rxx-T02에서 확정,"[""src/components/forms/FormEditor.tsx"", ""src/components/forms/FormLists.tsx"", ""src/components/forms/TemplateGallery.tsx"", ""src/components/forms/Workflow.tsx"", ""src/components/forms/QuestionInput.tsx"", ""src/components/forms/QuestionSettings.tsx""]",../catchsecu-reverse-2026-10-09/route-coverage.json
RR041,/form/ai/basic-frame/v3,캐치폼,R08,캐치폼·질문·템플릿·단계 편집,page,정적 선언만 확인,,AST-R057,"EXPERT,ROOT,USER",모든 카테고리의 대표 화면을 조사했으며 이 경로의 정상 상태는 실행 미검증,P04-T02,파일/계약 정적 대조; 이번 계획에서 실행 미검증,정상·오류·권한별 실제동작 재검증 필요; 구현 누락으로 단정하지 않음,"[""Form"", ""FormVersion"", ""Question"", ""QuestionOption"", ""FormFavorite"", ""FormTemplate"", ""FormDocumentBinding""]",단계별 C/R/U; 초안 D/게시/공유,api-ui-spec.md#r08,R08-T01,R08-T02,R08-T03,R08-T04,form.read/write; service grant; 문서 read 권한,폼작성·질문·제공자·동의·설정·공유; 단계 state URL,단계이동/재시작복원; 동시편집409; v3와기본경로 계약; 게시권한,실제 DB 생성 ID/토큰; A/B회사·2서비스·허용/거부역할·활성/만료라이선스·빈/보유 상태,E2E-RR041,planned,False,False,False,단계별 C/R/U; 초안 D/게시/공유,"[{""method"": ""GET"", ""path"": ""/forms""}, {""method"": ""POST"", ""path"": ""/forms""}, {""method"": ""GET"", ""path"": ""/forms/{id}""}, {""method"": ""PATCH"", ""path"": ""/forms/{id}""}, {""method"": ""DELETE"", ""path"": ""/forms/{id}""}, {""method"": ""POST"", ""path"": ""/forms/{id}/publish""}, {""method"": ""POST"", ""path"": ""/forms/{id}/copy""}, {""method"": ""POST"", ""path"": ""/forms/{id}/pause""}, {""method"": ""POST"", ""path"": ""/forms/{id}/revise""}, {""method"": ""GET"", ""path"": ""/forms/{id}/submissions""}, {""method"": ""PATCH"", ""path"": ""/forms/{id}/retention""}, {""method"": ""PATCH"", ""path"": ""/forms/{id}/draft""}, {""method"": ""GET"", ""path"": ""/forms/{id}/deletion""}, {""method"": ""DELETE"", ""path"": ""/forms/{id}/purge""}, {""method"": ""POST"", ""path"": ""/forms/{id}/resume""}, {""method"": ""PUT"", ""path"": ""/forms/{id}/favorite""}, {""method"": ""DELETE"", ""path"": ""/forms/{id}/favorite""}, {""method"": ""GET"", ""path"": ""/forms/{id}/audit-events""}, {""method"": ""GET"", ""path"": ""/forms/{id}/audit-events/export""}, {""method"": ""GET"", ""path"": ""/forms/{id}/submissions/export""}, {""method"": ""GET"", ""path"": ""/forms/{id}/approvals""}, {""method"": ""POST"", ""path"": ""/forms/{id}/approvals""}, {""method"": ""GET"", ""path"": ""/forms/document-options""}]",현재 OpenAPI에서 추출한 페이지 관련 후보; 실제 컴포넌트 호출 일치·누락 API는 R00/Rxx-T02에서 확정,"[""src/components/forms/FormEditor.tsx"", ""src/components/forms/FormLists.tsx"", ""src/components/forms/TemplateGallery.tsx"", ""src/components/forms/Workflow.tsx"", ""src/components/forms/QuestionInput.tsx"", ""src/components/forms/QuestionSettings.tsx""]",../catchsecu-reverse-2026-10-09/route-coverage.json
RR042,/form/ai/create,캐치폼,R08,캐치폼·질문·템플릿·단계 편집,page,본문 미확인,LIVE-form__ai__create,AST-R046,"EXPERT,ROOT,USER",,P04-T02,파일/계약 정적 대조; 이번 계획에서 실행 미검증,정상·오류·권한별 실제동작 재검증 필요; 구현 누락으로 단정하지 않음,"[""Form"", ""FormVersion"", ""Question"", ""QuestionOption"", ""FormFavorite"", ""FormTemplate"", ""FormDocumentBinding""]",단계별 C/R/U; 초안 D/게시/공유,api-ui-spec.md#r08,R08-T01,R08-T02,R08-T03,R08-T04,form.read/write; service grant; 문서 read 권한,폼작성·질문·제공자·동의·설정·공유; 단계 state URL,단계이동/재시작복원; 동시편집409; v3와기본경로 계약; 게시권한,실제 DB 생성 ID/토큰; A/B회사·2서비스·허용/거부역할·활성/만료라이선스·빈/보유 상태,E2E-RR042,planned,False,False,False,단계별 C/R/U; 초안 D/게시/공유,"[{""method"": ""GET"", ""path"": ""/forms""}, {""method"": ""POST"", ""path"": ""/forms""}, {""method"": ""GET"", ""path"": ""/forms/{id}""}, {""method"": ""PATCH"", ""path"": ""/forms/{id}""}, {""method"": ""DELETE"", ""path"": ""/forms/{id}""}, {""method"": ""POST"", ""path"": ""/forms/{id}/publish""}, {""method"": ""POST"", ""path"": ""/forms/{id}/copy""}, {""method"": ""POST"", ""path"": ""/forms/{id}/pause""}, {""method"": ""POST"", ""path"": ""/forms/{id}/revise""}, {""method"": ""GET"", ""path"": ""/forms/{id}/submissions""}, {""method"": ""PATCH"", ""path"": ""/forms/{id}/retention""}, {""method"": ""PATCH"", ""path"": ""/forms/{id}/draft""}, {""method"": ""GET"", ""path"": ""/forms/{id}/deletion""}, {""method"": ""DELETE"", ""path"": ""/forms/{id}/purge""}, {""method"": ""POST"", ""path"": ""/forms/{id}/resume""}, {""method"": ""PUT"", ""path"": ""/forms/{id}/favorite""}, {""method"": ""DELETE"", ""path"": ""/forms/{id}/favorite""}, {""method"": ""GET"", ""path"": ""/forms/{id}/audit-events""}, {""method"": ""GET"", ""path"": ""/forms/{id}/audit-events/export""}, {""method"": ""GET"", ""path"": ""/forms/{id}/submissions/export""}, {""method"": ""GET"", ""path"": ""/forms/{id}/approvals""}, {""method"": ""POST"", ""path"": ""/forms/{id}/approvals""}, {""method"": ""GET"", ""path"": ""/forms/document-options""}]",현재 OpenAPI에서 추출한 페이지 관련 후보; 실제 컴포넌트 호출 일치·누락 API는 R00/Rxx-T02에서 확정,"[""src/components/forms/FormEditor.tsx"", ""src/components/forms/FormLists.tsx"", ""src/components/forms/TemplateGallery.tsx"", ""src/components/forms/Workflow.tsx"", ""src/components/forms/QuestionInput.tsx"", ""src/components/forms/QuestionSettings.tsx""]",../catchsecu-reverse-2026-10-09/route-coverage.json
RR043,/form/ai/recipient,캐치폼,R08,캐치폼·질문·템플릿·단계 편집,page,정적 선언만 확인,,AST-R047,"EXPERT,ROOT,USER",모든 카테고리의 대표 화면을 조사했으며 이 경로의 정상 상태는 실행 미검증,P04-T02,파일/계약 정적 대조; 이번 계획에서 실행 미검증,정상·오류·권한별 실제동작 재검증 필요; 구현 누락으로 단정하지 않음,"[""Form"", ""FormVersion"", ""Question"", ""QuestionOption"", ""FormFavorite"", ""FormTemplate"", ""FormDocumentBinding""]",단계별 C/R/U; 초안 D/게시/공유,api-ui-spec.md#r08,R08-T01,R08-T02,R08-T03,R08-T04,form.read/write; service grant; 문서 read 권한,폼작성·질문·제공자·동의·설정·공유; 단계 state URL,단계이동/재시작복원; 동시편집409; v3와기본경로 계약; 게시권한,실제 DB 생성 ID/토큰; A/B회사·2서비스·허용/거부역할·활성/만료라이선스·빈/보유 상태,E2E-RR043,planned,False,False,False,단계별 C/R/U; 초안 D/게시/공유,"[{""method"": ""GET"", ""path"": ""/forms""}, {""method"": ""POST"", ""path"": ""/forms""}, {""method"": ""GET"", ""path"": ""/forms/{id}""}, {""method"": ""PATCH"", ""path"": ""/forms/{id}""}, {""method"": ""DELETE"", ""path"": ""/forms/{id}""}, {""method"": ""POST"", ""path"": ""/forms/{id}/publish""}, {""method"": ""POST"", ""path"": ""/forms/{id}/copy""}, {""method"": ""POST"", ""path"": ""/forms/{id}/pause""}, {""method"": ""POST"", ""path"": ""/forms/{id}/revise""}, {""method"": ""GET"", ""path"": ""/forms/{id}/submissions""}, {""method"": ""PATCH"", ""path"": ""/forms/{id}/retention""}, {""method"": ""PATCH"", ""path"": ""/forms/{id}/draft""}, {""method"": ""GET"", ""path"": ""/forms/{id}/deletion""}, {""method"": ""DELETE"", ""path"": ""/forms/{id}/purge""}, {""method"": ""POST"", ""path"": ""/forms/{id}/resume""}, {""method"": ""PUT"", ""path"": ""/forms/{id}/favorite""}, {""method"": ""DELETE"", ""path"": ""/forms/{id}/favorite""}, {""method"": ""GET"", ""path"": ""/forms/{id}/audit-events""}, {""method"": ""GET"", ""path"": ""/forms/{id}/audit-events/export""}, {""method"": ""GET"", ""path"": ""/forms/{id}/submissions/export""}, {""method"": ""GET"", ""path"": ""/forms/{id}/approvals""}, {""method"": ""POST"", ""path"": ""/forms/{id}/approvals""}, {""method"": ""GET"", ""path"": ""/forms/document-options""}]",현재 OpenAPI에서 추출한 페이지 관련 후보; 실제 컴포넌트 호출 일치·누락 API는 R00/Rxx-T02에서 확정,"[""src/components/forms/FormEditor.tsx"", ""src/components/forms/FormLists.tsx"", ""src/components/forms/TemplateGallery.tsx"", ""src/components/forms/Workflow.tsx"", ""src/components/forms/QuestionInput.tsx"", ""src/components/forms/QuestionSettings.tsx""]",../catchsecu-reverse-2026-10-09/route-coverage.json
RR044,/form/ai/set,캐치폼,R08,캐치폼·질문·템플릿·단계 편집,page,정적 선언만 확인,,AST-R048,"EXPERT,ROOT,USER",모든 카테고리의 대표 화면을 조사했으며 이 경로의 정상 상태는 실행 미검증,P04-T02,파일/계약 정적 대조; 이번 계획에서 실행 미검증,정상·오류·권한별 실제동작 재검증 필요; 구현 누락으로 단정하지 않음,"[""Form"", ""FormVersion"", ""Question"", ""QuestionOption"", ""FormFavorite"", ""FormTemplate"", ""FormDocumentBinding""]",단계별 C/R/U; 초안 D/게시/공유,api-ui-spec.md#r08,R08-T01,R08-T02,R08-T03,R08-T04,form.read/write; service grant; 문서 read 권한,폼작성·질문·제공자·동의·설정·공유; 단계 state URL,단계이동/재시작복원; 동시편집409; v3와기본경로 계약; 게시권한,실제 DB 생성 ID/토큰; A/B회사·2서비스·허용/거부역할·활성/만료라이선스·빈/보유 상태,E2E-RR044,planned,False,False,False,단계별 C/R/U; 초안 D/게시/공유,"[{""method"": ""GET"", ""path"": ""/forms""}, {""method"": ""POST"", ""path"": ""/forms""}, {""method"": ""GET"", ""path"": ""/forms/{id}""}, {""method"": ""PATCH"", ""path"": ""/forms/{id}""}, {""method"": ""DELETE"", ""path"": ""/forms/{id}""}, {""method"": ""POST"", ""path"": ""/forms/{id}/publish""}, {""method"": ""POST"", ""path"": ""/forms/{id}/copy""}, {""method"": ""POST"", ""path"": ""/forms/{id}/pause""}, {""method"": ""POST"", ""path"": ""/forms/{id}/revise""}, {""method"": ""GET"", ""path"": ""/forms/{id}/submissions""}, {""method"": ""PATCH"", ""path"": ""/forms/{id}/retention""}, {""method"": ""PATCH"", ""path"": ""/forms/{id}/draft""}, {""method"": ""GET"", ""path"": ""/forms/{id}/deletion""}, {""method"": ""DELETE"", ""path"": ""/forms/{id}/purge""}, {""method"": ""POST"", ""path"": ""/forms/{id}/resume""}, {""method"": ""PUT"", ""path"": ""/forms/{id}/favorite""}, {""method"": ""DELETE"", ""path"": ""/forms/{id}/favorite""}, {""method"": ""GET"", ""path"": ""/forms/{id}/audit-events""}, {""method"": ""GET"", ""path"": ""/forms/{id}/audit-events/export""}, {""method"": ""GET"", ""path"": ""/forms/{id}/submissions/export""}, {""method"": ""GET"", ""path"": ""/forms/{id}/approvals""}, {""method"": ""POST"", ""path"": ""/forms/{id}/approvals""}, {""method"": ""GET"", ""path"": ""/forms/document-options""}]",현재 OpenAPI에서 추출한 페이지 관련 후보; 실제 컴포넌트 호출 일치·누락 API는 R00/Rxx-T02에서 확정,"[""src/components/forms/FormEditor.tsx"", ""src/components/forms/FormLists.tsx"", ""src/components/forms/TemplateGallery.tsx"", ""src/components/forms/Workflow.tsx"", ""src/components/forms/QuestionInput.tsx"", ""src/components/forms/QuestionSettings.tsx""]",../catchsecu-reverse-2026-10-09/route-coverage.json
RR045,/form/ai/setting,캐치폼,R08,캐치폼·질문·템플릿·단계 편집,page,정적 선언만 확인,,AST-R059,"EXPERT,ROOT,USER",모든 카테고리의 대표 화면을 조사했으며 이 경로의 정상 상태는 실행 미검증,P04-T02,파일/계약 정적 대조; 이번 계획에서 실행 미검증,정상·오류·권한별 실제동작 재검증 필요; 구현 누락으로 단정하지 않음,"[""Form"", ""FormVersion"", ""Question"", ""QuestionOption"", ""FormFavorite"", ""FormTemplate"", ""FormDocumentBinding""]",단계별 C/R/U; 초안 D/게시/공유,api-ui-spec.md#r08,R08-T01,R08-T02,R08-T03,R08-T04,form.read/write; service grant; 문서 read 권한,폼작성·질문·제공자·동의·설정·공유; 단계 state URL,단계이동/재시작복원; 동시편집409; v3와기본경로 계약; 게시권한,실제 DB 생성 ID/토큰; A/B회사·2서비스·허용/거부역할·활성/만료라이선스·빈/보유 상태,E2E-RR045,planned,False,False,False,단계별 C/R/U; 초안 D/게시/공유,"[{""method"": ""GET"", ""path"": ""/forms""}, {""method"": ""POST"", ""path"": ""/forms""}, {""method"": ""GET"", ""path"": ""/forms/{id}""}, {""method"": ""PATCH"", ""path"": ""/forms/{id}""}, {""method"": ""DELETE"", ""path"": ""/forms/{id}""}, {""method"": ""POST"", ""path"": ""/forms/{id}/publish""}, {""method"": ""POST"", ""path"": ""/forms/{id}/copy""}, {""method"": ""POST"", ""path"": ""/forms/{id}/pause""}, {""method"": ""POST"", ""path"": ""/forms/{id}/revise""}, {""method"": ""GET"", ""path"": ""/forms/{id}/submissions""}, {""method"": ""PATCH"", ""path"": ""/forms/{id}/retention""}, {""method"": ""PATCH"", ""path"": ""/forms/{id}/draft""}, {""method"": ""GET"", ""path"": ""/forms/{id}/deletion""}, {""method"": ""DELETE"", ""path"": ""/forms/{id}/purge""}, {""method"": ""POST"", ""path"": ""/forms/{id}/resume""}, {""method"": ""PUT"", ""path"": ""/forms/{id}/favorite""}, {""method"": ""DELETE"", ""path"": ""/forms/{id}/favorite""}, {""method"": ""GET"", ""path"": ""/forms/{id}/audit-events""}, {""method"": ""GET"", ""path"": ""/forms/{id}/audit-events/export""}, {""method"": ""GET"", ""path"": ""/forms/{id}/submissions/export""}, {""method"": ""GET"", ""path"": ""/forms/{id}/approvals""}, {""method"": ""POST"", ""path"": ""/forms/{id}/approvals""}, {""method"": ""GET"", ""path"": ""/forms/document-options""}]",현재 OpenAPI에서 추출한 페이지 관련 후보; 실제 컴포넌트 호출 일치·누락 API는 R00/Rxx-T02에서 확정,"[""src/components/forms/FormEditor.tsx"", ""src/components/forms/FormLists.tsx"", ""src/components/forms/TemplateGallery.tsx"", ""src/components/forms/Workflow.tsx"", ""src/components/forms/QuestionInput.tsx"", ""src/components/forms/QuestionSettings.tsx""]",../catchsecu-reverse-2026-10-09/route-coverage.json
RR046,/form/ai/share,캐치폼,R09,폼 승인·게시·고정 URL,page,정적 선언만 확인,,"AST-R049,AST-R050","EXPERT,ROOT,USER",모든 카테고리의 대표 화면을 조사했으며 이 경로의 정상 상태는 실행 미검증,P04-T02,파일/계약 정적 대조; 이번 계획에서 실행 미검증,정상·오류·권한별 실제동작 재검증 필요; 구현 누락으로 단정하지 않음,"[""ApprovalRequest"", ""Publication"", ""FixedUrl"", ""Form"", ""FormVersion""]",단계별 C/R/U; 초안 D/게시/공유,api-ui-spec.md#r09,R09-T01,R09-T02,R09-T03,R09-T04,form.publish/form.approve 분리; fixed URL 관리 권한,폼작성·질문·제공자·동의·설정·공유; 단계 state URL,단계이동/재시작복원; 동시편집409; v3와기본경로 계약; 게시권한,실제 DB 생성 ID/토큰; A/B회사·2서비스·허용/거부역할·활성/만료라이선스·빈/보유 상태,E2E-RR046,planned,False,False,False,단계별 C/R/U; 초안 D/게시/공유,"[{""method"": ""POST"", ""path"": ""/forms/{id}/publish""}, {""method"": ""POST"", ""path"": ""/forms/{id}/pause""}, {""method"": ""GET"", ""path"": ""/share-grants""}, {""method"": ""POST"", ""path"": ""/share-grants""}, {""method"": ""GET"", ""path"": ""/share-grants/{id}""}, {""method"": ""PATCH"", ""path"": ""/share-grants/{id}""}, {""method"": ""DELETE"", ""path"": ""/share-grants/{id}""}, {""method"": ""POST"", ""path"": ""/forms/{id}/resume""}, {""method"": ""GET"", ""path"": ""/forms/{id}/approvals""}, {""method"": ""POST"", ""path"": ""/forms/{id}/approvals""}, {""method"": ""GET"", ""path"": ""/share-grants/options""}, {""method"": ""POST"", ""path"": ""/share-grants/{id}/resend""}, {""method"": ""GET"", ""path"": ""/share-grants/{id}/events""}]",현재 OpenAPI에서 추출한 페이지 관련 후보; 실제 컴포넌트 호출 일치·누락 API는 R00/Rxx-T02에서 확정,"[""src/components/forms/Approvals.tsx"", ""src/components/forms/Workflow.tsx"", ""src/components/forms/FixedUrls.tsx"", ""src/components/forms/DraftStatus.tsx""]",../catchsecu-reverse-2026-10-09/route-coverage.json
RR047,/form/fixed-url,캐치폼,R09,폼 승인·게시·고정 URL,page,화면 관찰 · 401 동반,LIVE-form__fixed-url,AST-R060,"ROOT,USER",,P04-T03,파일/계약 정적 대조; 이번 계획에서 실행 미검증,정상·오류·권한별 실제동작 재검증 필요; 구현 누락으로 단정하지 않음,"[""ApprovalRequest"", ""Publication"", ""FixedUrl"", ""Form"", ""FormVersion""]",CRUD/연결·회수,api-ui-spec.md#r09,R09-T01,R09-T02,R09-T03,R09-T04,form.publish/form.approve 분리; fixed URL 관리 권한,이름·연결폼·주소·QR·변경·삭제,중복slug409; 비공개폼연결 제한; QR 실제URL 일치,실제 DB 생성 ID/토큰; A/B회사·2서비스·허용/거부역할·활성/만료라이선스·빈/보유 상태,E2E-RR047,planned,False,False,False,CRUD/연결·회수,"[{""method"": ""GET"", ""path"": ""/fixed-urls""}, {""method"": ""POST"", ""path"": ""/fixed-urls""}, {""method"": ""GET"", ""path"": ""/fixed-urls/{id}""}, {""method"": ""PATCH"", ""path"": ""/fixed-urls/{id}""}, {""method"": ""DELETE"", ""path"": ""/fixed-urls/{id}""}]",현재 OpenAPI에서 추출한 페이지 관련 후보; 실제 컴포넌트 호출 일치·누락 API는 R00/Rxx-T02에서 확정,"[""src/components/forms/Approvals.tsx"", ""src/components/forms/Workflow.tsx"", ""src/components/forms/FixedUrls.tsx"", ""src/components/forms/DraftStatus.tsx""]",../catchsecu-reverse-2026-10-09/route-coverage.json
RR048,/form/info-upload,캐치폼,R14,개인정보 업로드·이관,page,유료 제한,LIVE-form__info-upload,AST-R061,"ROOT,USER",,P07-T01,파일/계약 정적 대조; 이번 계획에서 실행 미검증,정상·오류·권한별 실제동작 재검증 필요; 구현 누락으로 단정하지 않음,"[""ImportJob"", ""ImportRow"", ""ImportEvidence"", ""Submission"", ""Answer"", ""FileObject""]",수집작업 CRUD/검증/반영,api-ui-spec.md#r14,R14-T01,R14-T02,R14-T03,R14-T04,import.read/write + 대상폼권한,파일→컬럼매핑→동의근거→제공자→preview→반영,dry-run DB반영0; 재시도중복0; 부분오류파일/인코딩/대용량,실제 DB 생성 ID/토큰; A/B회사·2서비스·허용/거부역할·활성/만료라이선스·빈/보유 상태,E2E-RR048,planned,False,False,False,수집작업 CRUD/검증/반영,"[{""method"": ""POST"", ""path"": ""/uploads/init""}, {""method"": ""GET"", ""path"": ""/uploads/{id}""}, {""method"": ""DELETE"", ""path"": ""/uploads/{id}""}, {""method"": ""PUT"", ""path"": ""/uploads/{id}/content""}, {""method"": ""POST"", ""path"": ""/uploads/{id}/complete""}, {""method"": ""GET"", ""path"": ""/imports""}, {""method"": ""POST"", ""path"": ""/imports""}, {""method"": ""GET"", ""path"": ""/imports/options""}, {""method"": ""GET"", ""path"": ""/imports/{id}""}, {""method"": ""PATCH"", ""path"": ""/imports/{id}""}, {""method"": ""DELETE"", ""path"": ""/imports/{id}""}, {""method"": ""POST"", ""path"": ""/imports/{id}/inspect""}, {""method"": ""POST"", ""path"": ""/imports/{id}/validate""}, {""method"": ""POST"", ""path"": ""/imports/{id}/commit""}, {""method"": ""POST"", ""path"": ""/imports/{id}/retry""}, {""method"": ""GET"", ""path"": ""/imports/{id}/rows""}, {""method"": ""GET"", ""path"": ""/imports/{id}/errors.csv""}]",현재 OpenAPI에서 추출한 페이지 관련 후보; 실제 컴포넌트 호출 일치·누락 API는 R00/Rxx-T02에서 확정,"[""src/components/forms/Imports.tsx"", ""src/components/management/LegacyImport.tsx""]",../catchsecu-reverse-2026-10-09/route-coverage.json
RR049,/form/info-upload/agreement,캐치폼,R14,개인정보 업로드·이관,page,정적 선언만 확인,,AST-R062,"ROOT,USER",모든 카테고리의 대표 화면을 조사했으며 이 경로의 정상 상태는 실행 미검증,P07-T01,파일/계약 정적 대조; 이번 계획에서 실행 미검증,정상·오류·권한별 실제동작 재검증 필요; 구현 누락으로 단정하지 않음,"[""ImportJob"", ""ImportRow"", ""ImportEvidence"", ""Submission"", ""Answer"", ""FileObject""]",수집작업 CRUD/검증/반영,api-ui-spec.md#r14,R14-T01,R14-T02,R14-T03,R14-T04,import.read/write + 대상폼권한,파일→컬럼매핑→동의근거→제공자→preview→반영,dry-run DB반영0; 재시도중복0; 부분오류파일/인코딩/대용량,실제 DB 생성 ID/토큰; A/B회사·2서비스·허용/거부역할·활성/만료라이선스·빈/보유 상태,E2E-RR049,planned,False,False,False,수집작업 CRUD/검증/반영,"[{""method"": ""POST"", ""path"": ""/uploads/init""}, {""method"": ""GET"", ""path"": ""/uploads/{id}""}, {""method"": ""DELETE"", ""path"": ""/uploads/{id}""}, {""method"": ""PUT"", ""path"": ""/uploads/{id}/content""}, {""method"": ""POST"", ""path"": ""/uploads/{id}/complete""}, {""method"": ""GET"", ""path"": ""/imports""}, {""method"": ""POST"", ""path"": ""/imports""}, {""method"": ""GET"", ""path"": ""/imports/options""}, {""method"": ""GET"", ""path"": ""/imports/{id}""}, {""method"": ""PATCH"", ""path"": ""/imports/{id}""}, {""method"": ""DELETE"", ""path"": ""/imports/{id}""}, {""method"": ""POST"", ""path"": ""/imports/{id}/inspect""}, {""method"": ""POST"", ""path"": ""/imports/{id}/validate""}, {""method"": ""POST"", ""path"": ""/imports/{id}/commit""}, {""method"": ""POST"", ""path"": ""/imports/{id}/retry""}, {""method"": ""GET"", ""path"": ""/imports/{id}/rows""}, {""method"": ""GET"", ""path"": ""/imports/{id}/errors.csv""}]",현재 OpenAPI에서 추출한 페이지 관련 후보; 실제 컴포넌트 호출 일치·누락 API는 R00/Rxx-T02에서 확정,"[""src/components/forms/Imports.tsx"", ""src/components/management/LegacyImport.tsx""]",../catchsecu-reverse-2026-10-09/route-coverage.json
RR050,/form/info-upload/recipient,캐치폼,R14,개인정보 업로드·이관,page,정적 선언만 확인,,AST-R063,"ROOT,USER",모든 카테고리의 대표 화면을 조사했으며 이 경로의 정상 상태는 실행 미검증,P07-T01,파일/계약 정적 대조; 이번 계획에서 실행 미검증,정상·오류·권한별 실제동작 재검증 필요; 구현 누락으로 단정하지 않음,"[""ImportJob"", ""ImportRow"", ""ImportEvidence"", ""Submission"", ""Answer"", ""FileObject""]",수집작업 CRUD/검증/반영,api-ui-spec.md#r14,R14-T01,R14-T02,R14-T03,R14-T04,import.read/write + 대상폼권한,파일→컬럼매핑→동의근거→제공자→preview→반영,dry-run DB반영0; 재시도중복0; 부분오류파일/인코딩/대용량,실제 DB 생성 ID/토큰; A/B회사·2서비스·허용/거부역할·활성/만료라이선스·빈/보유 상태,E2E-RR050,planned,False,False,False,수집작업 CRUD/검증/반영,"[{""method"": ""POST"", ""path"": ""/uploads/init""}, {""method"": ""GET"", ""path"": ""/uploads/{id}""}, {""method"": ""DELETE"", ""path"": ""/uploads/{id}""}, {""method"": ""PUT"", ""path"": ""/uploads/{id}/content""}, {""method"": ""POST"", ""path"": ""/uploads/{id}/complete""}, {""method"": ""GET"", ""path"": ""/imports""}, {""method"": ""POST"", ""path"": ""/imports""}, {""method"": ""GET"", ""path"": ""/imports/options""}, {""method"": ""GET"", ""path"": ""/imports/{id}""}, {""method"": ""PATCH"", ""path"": ""/imports/{id}""}, {""method"": ""DELETE"", ""path"": ""/imports/{id}""}, {""method"": ""POST"", ""path"": ""/imports/{id}/inspect""}, {""method"": ""POST"", ""path"": ""/imports/{id}/validate""}, {""method"": ""POST"", ""path"": ""/imports/{id}/commit""}, {""method"": ""POST"", ""path"": ""/imports/{id}/retry""}, {""method"": ""GET"", ""path"": ""/imports/{id}/rows""}, {""method"": ""GET"", ""path"": ""/imports/{id}/errors.csv""}]",현재 OpenAPI에서 추출한 페이지 관련 후보; 실제 컴포넌트 호출 일치·누락 API는 R00/Rxx-T02에서 확정,"[""src/components/forms/Imports.tsx"", ""src/components/management/LegacyImport.tsx""]",../catchsecu-reverse-2026-10-09/route-coverage.json
RR051,/form/manage,캐치폼,R08,캐치폼·질문·템플릿·단계 편집,page,화면 관찰,LIVE-form__manage,AST-R051,"EXPERT,ROOT,USER",,P04-T04,파일/계약 정적 대조; 이번 계획에서 실행 미검증,정상·오류·권한별 실제동작 재검증 필요; 구현 누락으로 단정하지 않음,"[""Form"", ""FormVersion"", ""Question"", ""QuestionOption"", ""FormFavorite"", ""FormTemplate"", ""FormDocumentBinding""]",CRUD/archive/favorite,api-ui-spec.md#r08,R08-T01,R08-T02,R08-T03,R08-T04,form.read/write; service grant; 문서 read 권한,목록·상세필터·복제·공개상태·편집·응답·보관,검색·날짜·상태·페이지·선택삭제 실제DB반영; 참조중삭제409,실제 DB 생성 ID/토큰; A/B회사·2서비스·허용/거부역할·활성/만료라이선스·빈/보유 상태,E2E-RR051,planned,False,False,False,CRUD/archive/favorite,"[{""method"": ""GET"", ""path"": ""/forms""}, {""method"": ""POST"", ""path"": ""/forms""}, {""method"": ""GET"", ""path"": ""/forms/{id}""}, {""method"": ""PATCH"", ""path"": ""/forms/{id}""}, {""method"": ""DELETE"", ""path"": ""/forms/{id}""}, {""method"": ""POST"", ""path"": ""/forms/{id}/publish""}, {""method"": ""POST"", ""path"": ""/forms/{id}/copy""}, {""method"": ""POST"", ""path"": ""/forms/{id}/pause""}, {""method"": ""POST"", ""path"": ""/forms/{id}/revise""}, {""method"": ""GET"", ""path"": ""/forms/{id}/submissions""}, {""method"": ""PATCH"", ""path"": ""/forms/{id}/retention""}, {""method"": ""PATCH"", ""path"": ""/forms/{id}/draft""}, {""method"": ""GET"", ""path"": ""/forms/{id}/deletion""}, {""method"": ""DELETE"", ""path"": ""/forms/{id}/purge""}, {""method"": ""POST"", ""path"": ""/forms/{id}/resume""}, {""method"": ""PUT"", ""path"": ""/forms/{id}/favorite""}, {""method"": ""DELETE"", ""path"": ""/forms/{id}/favorite""}, {""method"": ""GET"", ""path"": ""/forms/{id}/audit-events""}, {""method"": ""GET"", ""path"": ""/forms/{id}/audit-events/export""}, {""method"": ""GET"", ""path"": ""/forms/{id}/submissions/export""}, {""method"": ""GET"", ""path"": ""/forms/{id}/approvals""}, {""method"": ""POST"", ""path"": ""/forms/{id}/approvals""}, {""method"": ""GET"", ""path"": ""/forms/document-options""}]",현재 OpenAPI에서 추출한 페이지 관련 후보; 실제 컴포넌트 호출 일치·누락 API는 R00/Rxx-T02에서 확정,"[""src/components/forms/FormEditor.tsx"", ""src/components/forms/FormLists.tsx"", ""src/components/forms/TemplateGallery.tsx"", ""src/components/forms/Workflow.tsx"", ""src/components/forms/QuestionInput.tsx"", ""src/components/forms/QuestionSettings.tsx""]",../catchsecu-reverse-2026-10-09/route-coverage.json
RR052,/form/manage/applicant/:formId,캐치폼,R11,공개 폼·응답·첨부·정정,dynamic,정적 선언만 확인,,AST-R052,"ROOT,USER",실제 객체 ID·토큰·사용자 흐름이 필요함,P06-T02,파일/계약 정적 대조; 이번 계획에서 실행 미검증,정상·오류·권한별 실제동작 재검증 필요; 구현 누락으로 단정하지 않음,"[""Submission"", ""Answer"", ""ConsentReceipt"", ""ConsentEvent"", ""Correction"", ""CorrectionPayload"", ""SubmissionNote"", ""FileObject"", ""ExportJob"", ""ExportChunk"", ""ExportSource""]",R/정정/철회/파기; C는공개폼,api-ui-spec.md#r11,R11-T01,R11-T02,R11-T03,R11-T04,외부 publication 토큰; 내부 submission.read/write/file.read; 공유별 scope,응답목록·마스킹·상세·파일·정정·내보내기,서비스/formID 교차검증; correction 이력; 다른브라우저 저장증거,실제 DB 생성 ID/토큰; A/B회사·2서비스·허용/거부역할·활성/만료라이선스·빈/보유 상태,E2E-RR052,planned,False,False,False,R/정정/철회/파기; C는공개폼,"[{""method"": ""GET"", ""path"": ""/forms/{id}/submissions""}, {""method"": ""GET"", ""path"": ""/submissions/{id}""}, {""method"": ""PATCH"", ""path"": ""/submissions/{id}""}, {""method"": ""GET"", ""path"": ""/forms/{id}/submissions/export""}, {""method"": ""POST"", ""path"": ""/submissions/{id}/withdraw""}, {""method"": ""POST"", ""path"": ""/submissions/{id}/destruction-request""}, {""method"": ""POST"", ""path"": ""/submissions/{id}/hold""}, {""method"": ""POST"", ""path"": ""/submissions/{id}/notes""}, {""method"": ""PATCH"", ""path"": ""/submissions/{id}/notes/{noteId}""}, {""method"": ""DELETE"", ""path"": ""/submissions/{id}/notes/{noteId}""}, {""method"": ""PATCH"", ""path"": ""/submissions/{id}/retention""}, {""method"": ""GET"", ""path"": ""/submissions/{id}/receipts/{receiptId}/pdf""}, {""method"": ""POST"", ""path"": ""/exports""}, {""method"": ""GET"", ""path"": ""/exports""}, {""method"": ""GET"", ""path"": ""/exports/{id}""}, {""method"": ""DELETE"", ""path"": ""/exports/{id}""}, {""method"": ""POST"", ""path"": ""/exports/{id}/cancel""}, {""method"": ""GET"", ""path"": ""/exports/{id}/download""}]",현재 OpenAPI에서 추출한 페이지 관련 후보; 실제 컴포넌트 호출 일치·누락 API는 R00/Rxx-T02에서 확정,"[""src/components/forms/PublicForm.tsx"", ""src/components/forms/SubmissionDetail.tsx"", ""src/components/forms/FileView.tsx"", ""src/components/forms/ExportJobs.tsx"", ""src/components/forms/FormLists.tsx""]",../catchsecu-reverse-2026-10-09/route-coverage.json
RR053,/form/manage/applicant/:serviceId/:formId,캐치폼,R11,공개 폼·응답·첨부·정정,dynamic,정적 선언만 확인,,AST-R053,"ROOT,USER",실제 객체 ID·토큰·사용자 흐름이 필요함,P06-T02,파일/계약 정적 대조; 이번 계획에서 실행 미검증,정상·오류·권한별 실제동작 재검증 필요; 구현 누락으로 단정하지 않음,"[""Submission"", ""Answer"", ""ConsentReceipt"", ""ConsentEvent"", ""Correction"", ""CorrectionPayload"", ""SubmissionNote"", ""FileObject"", ""ExportJob"", ""ExportChunk"", ""ExportSource""]",R/정정/철회/파기; C는공개폼,api-ui-spec.md#r11,R11-T01,R11-T02,R11-T03,R11-T04,외부 publication 토큰; 내부 submission.read/write/file.read; 공유별 scope,응답목록·마스킹·상세·파일·정정·내보내기,서비스/formID 교차검증; correction 이력; 다른브라우저 저장증거,실제 DB 생성 ID/토큰; A/B회사·2서비스·허용/거부역할·활성/만료라이선스·빈/보유 상태,E2E-RR053,planned,False,False,False,R/정정/철회/파기; C는공개폼,"[{""method"": ""GET"", ""path"": ""/forms/{id}/submissions""}, {""method"": ""GET"", ""path"": ""/submissions/{id}""}, {""method"": ""PATCH"", ""path"": ""/submissions/{id}""}, {""method"": ""GET"", ""path"": ""/forms/{id}/submissions/export""}, {""method"": ""POST"", ""path"": ""/submissions/{id}/withdraw""}, {""method"": ""POST"", ""path"": ""/submissions/{id}/destruction-request""}, {""method"": ""POST"", ""path"": ""/submissions/{id}/hold""}, {""method"": ""POST"", ""path"": ""/submissions/{id}/notes""}, {""method"": ""PATCH"", ""path"": ""/submissions/{id}/notes/{noteId}""}, {""method"": ""DELETE"", ""path"": ""/submissions/{id}/notes/{noteId}""}, {""method"": ""PATCH"", ""path"": ""/submissions/{id}/retention""}, {""method"": ""GET"", ""path"": ""/submissions/{id}/receipts/{receiptId}/pdf""}, {""method"": ""POST"", ""path"": ""/exports""}, {""method"": ""GET"", ""path"": ""/exports""}, {""method"": ""GET"", ""path"": ""/exports/{id}""}, {""method"": ""DELETE"", ""path"": ""/exports/{id}""}, {""method"": ""POST"", ""path"": ""/exports/{id}/cancel""}, {""method"": ""GET"", ""path"": ""/exports/{id}/download""}]",현재 OpenAPI에서 추출한 페이지 관련 후보; 실제 컴포넌트 호출 일치·누락 API는 R00/Rxx-T02에서 확정,"[""src/components/forms/PublicForm.tsx"", ""src/components/forms/SubmissionDetail.tsx"", ""src/components/forms/FileView.tsx"", ""src/components/forms/ExportJobs.tsx"", ""src/components/forms/FormLists.tsx""]",../catchsecu-reverse-2026-10-09/route-coverage.json
RR054,/form/manage/applicant/log/:formId,캐치폼,R22,개인정보·권한·활동 감사로그,dynamic,정적 선언만 확인,,AST-R054,"ROOT,USER",실제 객체 ID·토큰·사용자 흐름이 필요함,P12-T01,파일/계약 정적 대조; 이번 계획에서 실행 미검증,정상·오류·권한별 실제동작 재검증 필요; 구현 누락으로 단정하지 않음,"[""AuditEvent"", ""ActivityReview"", ""ActivityReviewMessage"", ""ExportJob""]",R/export,api-ui-spec.md#r22,R22-T01,R22-T02,R22-T03,R22-T04,audit.read + service scope; mine는 actor 강제,폼별 응답접근/변경 로그·필터·상세,해당form 이벤트만; 로그편집불가; 다른formID 거부,실제 DB 생성 ID/토큰; A/B회사·2서비스·허용/거부역할·활성/만료라이선스·빈/보유 상태,E2E-RR054,planned,False,False,False,R/export,"[{""method"": ""GET"", ""path"": ""/forms/{id}/audit-events""}, {""method"": ""GET"", ""path"": ""/forms/{id}/audit-events/export""}]",현재 OpenAPI에서 추출한 페이지 관련 후보; 실제 컴포넌트 호출 일치·누락 API는 R00/Rxx-T02에서 확정,"[""src/components/management/AuditLogs.tsx"", ""src/components/management/ActivityReviews.tsx""]",../catchsecu-reverse-2026-10-09/route-coverage.json
RR055,/form/template,캐치폼,R08,캐치폼·질문·템플릿·단계 편집,page,403 동반 빈 목록,LIVE-form__template,AST-R045,"EXPERT,ROOT,USER",,P04-T01,파일/계약 정적 대조; 이번 계획에서 실행 미검증,정상·오류·권한별 실제동작 재검증 필요; 구현 누락으로 단정하지 않음,"[""Form"", ""FormVersion"", ""Question"", ""QuestionOption"", ""FormFavorite"", ""FormTemplate"", ""FormDocumentBinding""]",CRUD/복제,api-ui-spec.md#r08,R08-T01,R08-T02,R08-T03,R08-T04,form.read/write; service grant; 문서 read 권한,템플릿탭·검색·미리보기·사용·내템플릿 편집,질문/옵션/조건 전체복제; 원본독립; template 권한,실제 DB 생성 ID/토큰; A/B회사·2서비스·허용/거부역할·활성/만료라이선스·빈/보유 상태,E2E-RR055,planned,False,False,False,CRUD/복제,"[{""method"": ""GET"", ""path"": ""/templates""}, {""method"": ""POST"", ""path"": ""/templates""}, {""method"": ""GET"", ""path"": ""/templates/{id}""}, {""method"": ""PATCH"", ""path"": ""/templates/{id}""}, {""method"": ""DELETE"", ""path"": ""/templates/{id}""}, {""method"": ""POST"", ""path"": ""/templates/{id}/use""}]",현재 OpenAPI에서 추출한 페이지 관련 후보; 실제 컴포넌트 호출 일치·누락 API는 R00/Rxx-T02에서 확정,"[""src/components/forms/FormEditor.tsx"", ""src/components/forms/FormLists.tsx"", ""src/components/forms/TemplateGallery.tsx"", ""src/components/forms/Workflow.tsx"", ""src/components/forms/QuestionInput.tsx"", ""src/components/forms/QuestionSettings.tsx""]",../catchsecu-reverse-2026-10-09/route-coverage.json
RR056,/gpki/email-register,로그인·인증,R07,SSO·OAuth·기관 인증,page,정적 선언만 확인,,AST-R159,,모든 카테고리의 대표 화면을 조사했으며 이 경로의 정상 상태는 실행 미검증,P11-T04,"현재 가상디렉터리/이메일OTP 백엔드 실제 DB·HTTP 검증; 화면 구현/정적검토, Ego 실행 대기",브라우저 복구/레이아웃 수용 및 실제 외부 기관 연동 미검증. 원본 동등성 미확인.,"[""SsoProvider"", ""SsoState"", ""Account"", ""Session"", ""VirtualOrgMember"", ""Verification"", ""SsoLoginPolicy"", ""SsoSessionProof"", ""OrgEmailChallenge""]",기관 로그인/확인/계정 연결,api-ui-spec.md#r07,R07-T01,R07-T02,R07-T03,R07-T04,관리 security.write; 익명 callback의 일회성 state; 자기 계정연결,GPKI·새올 로그인·이메일 등록·기관별 실패,공식SDK/기관 식별자 확정; 실제test환경 검증; 미설정 성공금지,실제 DB 생성 ID/토큰; A/B회사·2서비스·허용/거부역할·활성/만료라이선스·빈/보유 상태,E2E-RR056,in_progress,True,False,False,기관 로그인/확인/계정 연결,"[{""method"": ""POST"", ""path"": ""/auth/org/login""}, {""method"": ""POST"", ""path"": ""/auth/org/email-register/challenge""}, {""method"": ""POST"", ""path"": ""/auth/org/email-register""}]",OrgLogin.tsx 실제 호출과 현재 계약 대조; 실제 HTTP16/재시작1 검증,"[""src/components/auth/AuthPages.tsx"", ""src/components/auth/OrgLogin.tsx""]",../catchsecu-reverse-2026-10-09/route-coverage.json
RR057,/gpki/fail,로그인·인증,R07,SSO·OAuth·기관 인증,page,정적 선언만 확인,,AST-R158,,로그아웃·상태 변경·인증/결제 결과 경로는 실행하지 않음,P11-T04,파일/계약 정적 대조; 이번 계획에서 실행 미검증,정상·오류·권한별 실제동작 재검증 필요; 구현 누락으로 단정하지 않음,"[""SsoProvider"", ""SsoState"", ""Account"", ""Session"", ""VirtualOrgMember"", ""Verification"", ""SsoLoginPolicy"", ""SsoSessionProof""]",기관 로그인/확인/계정 연결,api-ui-spec.md#r07,R07-T01,R07-T02,R07-T03,R07-T04,관리 security.write; 익명 callback의 일회성 state; 자기 계정연결,GPKI·새올 로그인·이메일 등록·기관별 실패,공식SDK/기관 식별자 확정; 실제test환경 검증; 미설정 성공금지,실제 DB 생성 ID/토큰; A/B회사·2서비스·허용/거부역할·활성/만료라이선스·빈/보유 상태,E2E-RR057,planned,False,False,False,기관 로그인/확인/계정 연결,"[{""method"": ""GET"", ""path"": ""/me/sso-accounts""}, {""method"": ""DELETE"", ""path"": ""/me/sso-accounts/{id}""}, {""method"": ""POST"", ""path"": ""/invitations/sso/options""}, {""method"": ""POST"", ""path"": ""/invitations/sso/start""}, {""method"": ""GET"", ""path"": ""/security/sso""}, {""method"": ""POST"", ""path"": ""/security/sso""}, {""method"": ""PATCH"", ""path"": ""/security/sso/{id}""}, {""method"": ""DELETE"", ""path"": ""/security/sso/{id}""}, {""method"": ""POST"", ""path"": ""/security/sso/{id}/preflight""}, {""method"": ""GET"", ""path"": ""/security/sso/{id}/directory""}, {""method"": ""POST"", ""path"": ""/security/sso/{id}/directory""}, {""method"": ""DELETE"", ""path"": ""/security/sso/{id}/directory/{memberId}""}, {""method"": ""POST"", ""path"": ""/auth/org/login""}, {""method"": ""POST"", ""path"": ""/auth/org/email-register""}, {""method"": ""GET"", ""path"": ""/auth/sso/{providerId}""}, {""method"": ""GET"", ""path"": ""/auth/sso/callback""}, {""method"": ""POST"", ""path"": ""/auth/sso/saml""}]",현재 OpenAPI에서 추출한 페이지 관련 후보; 실제 컴포넌트 호출 일치·누락 API는 R00/Rxx-T02에서 확정,"[""src/components/management/SsoProviders.tsx"", ""src/components/auth/AuthPages.tsx"", ""src/components/auth/SsoRecovery.tsx"", ""src/components/auth/SsoAccounts.tsx""]",../catchsecu-reverse-2026-10-09/route-coverage.json
RR058,/gwloginUser/login,로그인·인증,R07,SSO·OAuth·기관 인증,page,정적 선언만 확인,,AST-R014,,모든 카테고리의 대표 화면을 조사했으며 이 경로의 정상 상태는 실행 미검증,P02-T01,"현재 가상디렉터리/이메일OTP 백엔드 실제 DB·HTTP 검증; 화면 구현/정적검토, Ego 실행 대기",브라우저 복구/레이아웃 수용 및 실제 외부 기관 연동 미검증. 원본 동등성 미확인.,"[""SsoProvider"", ""SsoState"", ""Account"", ""Session"", ""VirtualOrgMember"", ""Verification"", ""SsoLoginPolicy"", ""SsoSessionProof"", ""OrgEmailChallenge""]",인증/session C/R,api-ui-spec.md#r07,R07-T01,R07-T02,R07-T03,R07-T04,관리 security.write; 익명 callback의 일회성 state; 자기 계정연결,로그인·실패·잠금·추가인증; gwloginUser 계약 확정,실제비밀번호검사; 오류/정지/만료; 그룹웨어 계약 미확정 성공금지,실제 DB 생성 ID/토큰; A/B회사·2서비스·허용/거부역할·활성/만료라이선스·빈/보유 상태,E2E-RR058,in_progress,True,False,False,인증/session C/R,"[{""method"": ""POST"", ""path"": ""/auth/org/login""}, {""method"": ""POST"", ""path"": ""/auth/org/email-register/challenge""}, {""method"": ""POST"", ""path"": ""/auth/org/email-register""}]",OrgLogin.tsx 실제 호출과 현재 계약 대조; 실제 HTTP16/재시작1 검증,"[""src/components/auth/AuthPages.tsx"", ""src/components/auth/OrgLogin.tsx""]",../catchsecu-reverse-2026-10-09/route-coverage.json
RR059,/help-center,공통·오류,R24,공지·도움말·문의·공통 경로,page,화면 관찰,LIVE-help-center,"AST-R185,AST-R197",,,P13-T01,파일/계약 정적 대조; 이번 계획에서 실행 미검증,정상·오류·권한별 실제동작 재검증 필요; 구현 누락으로 단정하지 않음,"[""Notice"", ""NoticeAttachment"", ""Guide"", ""SupportTicket"", ""AccessRequest""]",사용자 R/download; 운영자 CRUD,api-ui-spec.md#r24,R24-T01,R24-T02,R24-T03,R24-T04,platformAdmin; 게시문서공개정책; 자기문의 및 지원담당,분류·검색·PDF 열기; 가이드 등록·순서 변경·파일 교체·삭제,파일 실제다운로드; 없는 파일/만료/권한 확인; 자료 교체 후 캐시갱신,실제 DB 생성 ID/토큰; A/B회사·2서비스·허용/거부역할·활성/만료라이선스·빈/보유 상태,E2E-RR059,planned,False,False,False,사용자 R/download; 운영자 CRUD,"[{""method"": ""GET"", ""path"": ""/guides""}, {""method"": ""POST"", ""path"": ""/guides""}, {""method"": ""GET"", ""path"": ""/guides/{id}""}, {""method"": ""PATCH"", ""path"": ""/guides/{id}""}, {""method"": ""DELETE"", ""path"": ""/guides/{id}""}, {""method"": ""PUT"", ""path"": ""/guides/{id}/file""}, {""method"": ""GET"", ""path"": ""/guides/{id}/download""}]",현재 OpenAPI에서 추출한 페이지 관련 후보; 실제 컴포넌트 호출 일치·누락 API는 R00/Rxx-T02에서 확정,"[""src/components/NoticePages.tsx"", ""src/components/GuidePages.tsx"", ""src/components/SupportPages.tsx"", ""src/components/LoadingTransition.tsx"", ""src/components/AccessDeniedPage.tsx"", ""src/components/AppShell.tsx"", ""src/components/CloneApp.tsx""]",../catchsecu-reverse-2026-10-09/route-coverage.json
RR060,/identification/:result,정보주체·공유·공개 폼,R13,정보주체·동의이력·본인인증,dynamic,정적 선언만 확인,,AST-R012,,실제 객체 ID·토큰·사용자 흐름이 필요함,P06-T06,파일/계약 정적 대조; 이번 계획에서 실행 미검증,정상·오류·권한별 실제동작 재검증 필요; 구현 누락으로 단정하지 않음,"[""DataSubject"", ""SubjectAccessRequest"", ""SubjectAccessScope"", ""SubjectSession"", ""SubjectWithdrawal"", ""VerificationIntegration"", ""VerificationIntegrationRevision"", ""VerificationAttempt"", ""VerificationEvent"", ""VerificationReceipt"", ""Suppression""]",검증 요청/결과,api-ui-spec.md#r13,R13-T01,R13-T02,R13-T03,R13-T04,주체 전용 세션·검증 scope; 설정은 service.manage,본인확인 result URL은 서버검증결과만 표시,URL 조작해 성공불가; 실제sandbox 증거; 위조callback 거부,실제 DB 생성 ID/토큰; A/B회사·2서비스·허용/거부역할·활성/만료라이선스·빈/보유 상태,E2E-RR060,planned,False,False,False,검증 요청/결과,"[{""method"": ""GET"", ""path"": ""/services""}, {""method"": ""POST"", ""path"": ""/services""}, {""method"": ""GET"", ""path"": ""/services/{id}""}, {""method"": ""PATCH"", ""path"": ""/services/{id}""}, {""method"": ""DELETE"", ""path"": ""/services/{id}""}, {""method"": ""GET"", ""path"": ""/services/{id}/verification""}, {""method"": ""POST"", ""path"": ""/services/{id}/verification""}, {""method"": ""PATCH"", ""path"": ""/services/{id}/verification""}, {""method"": ""DELETE"", ""path"": ""/services/{id}/verification""}, {""method"": ""GET"", ""path"": ""/services/{id}/consent-display/{kind}""}, {""method"": ""PATCH"", ""path"": ""/services/{id}/consent-display/{kind}""}, {""method"": ""GET"", ""path"": ""/services/{id}/subprocessors""}, {""method"": ""POST"", ""path"": ""/services/{id}/subprocessors""}, {""method"": ""GET"", ""path"": ""/services/{id}/subprocessors/{subId}""}, {""method"": ""PATCH"", ""path"": ""/services/{id}/subprocessors/{subId}""}, {""method"": ""GET"", ""path"": ""/services/{id}/subprocessor-notices""}, {""method"": ""POST"", ""path"": ""/services/{id}/subprocessor-notices""}, {""method"": ""POST"", ""path"": ""/subjects/access-requests""}, {""method"": ""POST"", ""path"": ""/subjects/sessions""}, {""method"": ""POST"", ""path"": ""/subjects/logout""}, {""method"": ""GET"", ""path"": ""/subjects/me""}, {""method"": ""GET"", ""path"": ""/subjects/me/consents""}, {""method"": ""GET"", ""path"": ""/subjects/me/events""}, {""method"": ""POST"", ""path"": ""/subjects/me/withdrawals""}, {""method"": ""GET"", ""path"": ""/subjects/me/withdrawals/{id}""}, {""method"": ""POST"", ""path"": ""/subjects/me/withdrawals/{id}/confirm""}, {""method"": ""POST"", ""path"": ""/subjects/me/withdrawals/{id}/cancel""}]",현재 OpenAPI에서 추출한 페이지 관련 후보; 실제 컴포넌트 호출 일치·누락 API는 R00/Rxx-T02에서 확정,"[""src/components/forms/SubjectPortal.tsx"", ""src/components/forms/VerificationSettings.tsx""]",../catchsecu-reverse-2026-10-09/route-coverage.json
RR061,/infoOwner/action-history/:infoOwnerToken,정보주체·공유·공개 폼,R13,정보주체·동의이력·본인인증,dynamic,정적 선언만 확인,,"AST-R181,AST-R193",,실제 객체 ID·토큰·사용자 흐름이 필요함,P06-T05,파일/계약 정적 대조; 이번 계획에서 실행 미검증,정상·오류·권한별 실제동작 재검증 필요; 구현 누락으로 단정하지 않음,"[""DataSubject"", ""SubjectAccessRequest"", ""SubjectAccessScope"", ""SubjectSession"", ""SubjectWithdrawal"", ""VerificationIntegration"", ""VerificationIntegrationRevision"", ""VerificationAttempt"", ""VerificationEvent"", ""VerificationReceipt"", ""Suppression""]",요청/철회 C; 본인이력 R,api-ui-spec.md#r13,R13-T01,R13-T02,R13-T03,R13-T04,주체 전용 세션·검증 scope; 설정은 service.manage,이력조회요청·완료·동의/행동이력·철회,존재여부추측 방지; token만료·타인접근·중복철회; suppression 반영,실제 DB 생성 ID/토큰; A/B회사·2서비스·허용/거부역할·활성/만료라이선스·빈/보유 상태,E2E-RR061,planned,False,False,False,요청/철회 C; 본인이력 R,"[{""method"": ""POST"", ""path"": ""/subjects/access-requests""}, {""method"": ""POST"", ""path"": ""/subjects/sessions""}, {""method"": ""POST"", ""path"": ""/subjects/logout""}, {""method"": ""GET"", ""path"": ""/subjects/me""}, {""method"": ""GET"", ""path"": ""/subjects/me/consents""}, {""method"": ""GET"", ""path"": ""/subjects/me/events""}, {""method"": ""POST"", ""path"": ""/subjects/me/withdrawals""}, {""method"": ""GET"", ""path"": ""/subjects/me/withdrawals/{id}""}, {""method"": ""POST"", ""path"": ""/subjects/me/withdrawals/{id}/confirm""}, {""method"": ""POST"", ""path"": ""/subjects/me/withdrawals/{id}/cancel""}]",현재 OpenAPI에서 추출한 페이지 관련 후보; 실제 컴포넌트 호출 일치·누락 API는 R00/Rxx-T02에서 확정,"[""src/components/forms/SubjectPortal.tsx"", ""src/components/forms/VerificationSettings.tsx""]",../catchsecu-reverse-2026-10-09/route-coverage.json
RR062,/infoOwner/agree-history/:infoOwnerToken,정보주체·공유·공개 폼,R13,정보주체·동의이력·본인인증,dynamic,정적 선언만 확인,,"AST-R180,AST-R192",,실제 객체 ID·토큰·사용자 흐름이 필요함,P06-T05,파일/계약 정적 대조; 이번 계획에서 실행 미검증,정상·오류·권한별 실제동작 재검증 필요; 구현 누락으로 단정하지 않음,"[""DataSubject"", ""SubjectAccessRequest"", ""SubjectAccessScope"", ""SubjectSession"", ""SubjectWithdrawal"", ""VerificationIntegration"", ""VerificationIntegrationRevision"", ""VerificationAttempt"", ""VerificationEvent"", ""VerificationReceipt"", ""Suppression""]",요청/철회 C; 본인이력 R,api-ui-spec.md#r13,R13-T01,R13-T02,R13-T03,R13-T04,주체 전용 세션·검증 scope; 설정은 service.manage,이력조회요청·완료·동의/행동이력·철회,존재여부추측 방지; token만료·타인접근·중복철회; suppression 반영,실제 DB 생성 ID/토큰; A/B회사·2서비스·허용/거부역할·활성/만료라이선스·빈/보유 상태,E2E-RR062,planned,False,False,False,요청/철회 C; 본인이력 R,"[{""method"": ""POST"", ""path"": ""/subjects/access-requests""}, {""method"": ""POST"", ""path"": ""/subjects/sessions""}, {""method"": ""POST"", ""path"": ""/subjects/logout""}, {""method"": ""GET"", ""path"": ""/subjects/me""}, {""method"": ""GET"", ""path"": ""/subjects/me/consents""}, {""method"": ""GET"", ""path"": ""/subjects/me/events""}, {""method"": ""POST"", ""path"": ""/subjects/me/withdrawals""}, {""method"": ""GET"", ""path"": ""/subjects/me/withdrawals/{id}""}, {""method"": ""POST"", ""path"": ""/subjects/me/withdrawals/{id}/confirm""}, {""method"": ""POST"", ""path"": ""/subjects/me/withdrawals/{id}/cancel""}]",현재 OpenAPI에서 추출한 페이지 관련 후보; 실제 컴포넌트 호출 일치·누락 API는 R00/Rxx-T02에서 확정,"[""src/components/forms/SubjectPortal.tsx"", ""src/components/forms/VerificationSettings.tsx""]",../catchsecu-reverse-2026-10-09/route-coverage.json
RR063,/infoOwner/find,정보주체·공유·공개 폼,R13,정보주체·동의이력·본인인증,page,정적 선언만 확인,,"AST-R178,AST-R190",,모든 카테고리의 대표 화면을 조사했으며 이 경로의 정상 상태는 실행 미검증,P06-T05,파일/계약 정적 대조; 이번 계획에서 실행 미검증,정상·오류·권한별 실제동작 재검증 필요; 구현 누락으로 단정하지 않음,"[""DataSubject"", ""SubjectAccessRequest"", ""SubjectAccessScope"", ""SubjectSession"", ""SubjectWithdrawal"", ""VerificationIntegration"", ""VerificationIntegrationRevision"", ""VerificationAttempt"", ""VerificationEvent"", ""VerificationReceipt"", ""Suppression""]",요청/철회 C; 본인이력 R,api-ui-spec.md#r13,R13-T01,R13-T02,R13-T03,R13-T04,주체 전용 세션·검증 scope; 설정은 service.manage,이력조회요청·완료·동의/행동이력·철회,존재여부추측 방지; token만료·타인접근·중복철회; suppression 반영,실제 DB 생성 ID/토큰; A/B회사·2서비스·허용/거부역할·활성/만료라이선스·빈/보유 상태,E2E-RR063,planned,False,False,False,요청/철회 C; 본인이력 R,"[{""method"": ""POST"", ""path"": ""/subjects/access-requests""}, {""method"": ""POST"", ""path"": ""/subjects/sessions""}, {""method"": ""POST"", ""path"": ""/subjects/logout""}, {""method"": ""GET"", ""path"": ""/subjects/me""}, {""method"": ""GET"", ""path"": ""/subjects/me/consents""}, {""method"": ""GET"", ""path"": ""/subjects/me/events""}, {""method"": ""POST"", ""path"": ""/subjects/me/withdrawals""}, {""method"": ""GET"", ""path"": ""/subjects/me/withdrawals/{id}""}, {""method"": ""POST"", ""path"": ""/subjects/me/withdrawals/{id}/confirm""}, {""method"": ""POST"", ""path"": ""/subjects/me/withdrawals/{id}/cancel""}]",현재 OpenAPI에서 추출한 페이지 관련 후보; 실제 컴포넌트 호출 일치·누락 API는 R00/Rxx-T02에서 확정,"[""src/components/forms/SubjectPortal.tsx"", ""src/components/forms/VerificationSettings.tsx""]",../catchsecu-reverse-2026-10-09/route-coverage.json
RR064,/infoOwner/find/complete,정보주체·공유·공개 폼,R13,정보주체·동의이력·본인인증,page,정적 선언만 확인,,"AST-R179,AST-R191",,모든 카테고리의 대표 화면을 조사했으며 이 경로의 정상 상태는 실행 미검증,P06-T05,파일/계약 정적 대조; 이번 계획에서 실행 미검증,정상·오류·권한별 실제동작 재검증 필요; 구현 누락으로 단정하지 않음,"[""DataSubject"", ""SubjectAccessRequest"", ""SubjectAccessScope"", ""SubjectSession"", ""SubjectWithdrawal"", ""VerificationIntegration"", ""VerificationIntegrationRevision"", ""VerificationAttempt"", ""VerificationEvent"", ""VerificationReceipt"", ""Suppression""]",요청/철회 C; 본인이력 R,api-ui-spec.md#r13,R13-T01,R13-T02,R13-T03,R13-T04,주체 전용 세션·검증 scope; 설정은 service.manage,이력조회요청·완료·동의/행동이력·철회,존재여부추측 방지; token만료·타인접근·중복철회; suppression 반영,실제 DB 생성 ID/토큰; A/B회사·2서비스·허용/거부역할·활성/만료라이선스·빈/보유 상태,E2E-RR064,planned,False,False,False,요청/철회 C; 본인이력 R,"[{""method"": ""POST"", ""path"": ""/subjects/access-requests""}, {""method"": ""POST"", ""path"": ""/subjects/sessions""}, {""method"": ""POST"", ""path"": ""/subjects/logout""}, {""method"": ""GET"", ""path"": ""/subjects/me""}, {""method"": ""GET"", ""path"": ""/subjects/me/consents""}, {""method"": ""GET"", ""path"": ""/subjects/me/events""}, {""method"": ""POST"", ""path"": ""/subjects/me/withdrawals""}, {""method"": ""GET"", ""path"": ""/subjects/me/withdrawals/{id}""}, {""method"": ""POST"", ""path"": ""/subjects/me/withdrawals/{id}/confirm""}, {""method"": ""POST"", ""path"": ""/subjects/me/withdrawals/{id}/cancel""}]",현재 OpenAPI에서 추출한 페이지 관련 후보; 실제 컴포넌트 호출 일치·누락 API는 R00/Rxx-T02에서 확정,"[""src/components/forms/SubjectPortal.tsx"", ""src/components/forms/VerificationSettings.tsx""]",../catchsecu-reverse-2026-10-09/route-coverage.json
RR065,/infoOwner/form-interrupt,정보주체·공유·공개 폼,R13,정보주체·동의이력·본인인증,page,정적 선언만 확인,,AST-R011,,모든 카테고리의 대표 화면을 조사했으며 이 경로의 정상 상태는 실행 미검증,P06-T05,파일/계약 정적 대조; 이번 계획에서 실행 미검증,정상·오류·권한별 실제동작 재검증 필요; 구현 누락으로 단정하지 않음,"[""DataSubject"", ""SubjectAccessRequest"", ""SubjectAccessScope"", ""SubjectSession"", ""SubjectWithdrawal"", ""VerificationIntegration"", ""VerificationIntegrationRevision"", ""VerificationAttempt"", ""VerificationEvent"", ""VerificationReceipt"", ""Suppression""]",완료 조회/중단 요청,api-ui-spec.md#r13,R13-T01,R13-T02,R13-T03,R13-T04,주체 전용 세션·검증 scope; 설정은 service.manage,동의/제출 완료와 중단·철회 상태를 구분,직접URL만으로 완료처리 불가; 중복철회 한 번 반영,실제 DB 생성 ID/토큰; A/B회사·2서비스·허용/거부역할·활성/만료라이선스·빈/보유 상태,E2E-RR065,planned,False,False,False,완료 조회/중단 요청,"[{""method"": ""POST"", ""path"": ""/subjects/access-requests""}, {""method"": ""POST"", ""path"": ""/subjects/sessions""}, {""method"": ""POST"", ""path"": ""/subjects/logout""}, {""method"": ""GET"", ""path"": ""/subjects/me""}, {""method"": ""GET"", ""path"": ""/subjects/me/consents""}, {""method"": ""GET"", ""path"": ""/subjects/me/events""}, {""method"": ""POST"", ""path"": ""/subjects/me/withdrawals""}, {""method"": ""GET"", ""path"": ""/subjects/me/withdrawals/{id}""}, {""method"": ""POST"", ""path"": ""/subjects/me/withdrawals/{id}/confirm""}, {""method"": ""POST"", ""path"": ""/subjects/me/withdrawals/{id}/cancel""}]",현재 OpenAPI에서 추출한 페이지 관련 후보; 실제 컴포넌트 호출 일치·누락 API는 R00/Rxx-T02에서 확정,"[""src/components/forms/SubjectPortal.tsx"", ""src/components/forms/VerificationSettings.tsx""]",../catchsecu-reverse-2026-10-09/route-coverage.json
RR066,/infoOwner/formComplete,정보주체·공유·공개 폼,R13,정보주체·동의이력·본인인증,page,정적 선언만 확인,,AST-R010,,모든 카테고리의 대표 화면을 조사했으며 이 경로의 정상 상태는 실행 미검증,P06-T05,파일/계약 정적 대조; 이번 계획에서 실행 미검증,정상·오류·권한별 실제동작 재검증 필요; 구현 누락으로 단정하지 않음,"[""DataSubject"", ""SubjectAccessRequest"", ""SubjectAccessScope"", ""SubjectSession"", ""SubjectWithdrawal"", ""VerificationIntegration"", ""VerificationIntegrationRevision"", ""VerificationAttempt"", ""VerificationEvent"", ""VerificationReceipt"", ""Suppression""]",완료 조회/중단 요청,api-ui-spec.md#r13,R13-T01,R13-T02,R13-T03,R13-T04,주체 전용 세션·검증 scope; 설정은 service.manage,동의/제출 완료와 중단·철회 상태를 구분,직접URL만으로 완료처리 불가; 중복철회 한 번 반영,실제 DB 생성 ID/토큰; A/B회사·2서비스·허용/거부역할·활성/만료라이선스·빈/보유 상태,E2E-RR066,planned,False,False,False,완료 조회/중단 요청,"[{""method"": ""POST"", ""path"": ""/subjects/access-requests""}, {""method"": ""POST"", ""path"": ""/subjects/sessions""}, {""method"": ""POST"", ""path"": ""/subjects/logout""}, {""method"": ""GET"", ""path"": ""/subjects/me""}, {""method"": ""GET"", ""path"": ""/subjects/me/consents""}, {""method"": ""GET"", ""path"": ""/subjects/me/events""}, {""method"": ""POST"", ""path"": ""/subjects/me/withdrawals""}, {""method"": ""GET"", ""path"": ""/subjects/me/withdrawals/{id}""}, {""method"": ""POST"", ""path"": ""/subjects/me/withdrawals/{id}/confirm""}, {""method"": ""POST"", ""path"": ""/subjects/me/withdrawals/{id}/cancel""}]",현재 OpenAPI에서 추출한 페이지 관련 후보; 실제 컴포넌트 호출 일치·누락 API는 R00/Rxx-T02에서 확정,"[""src/components/forms/SubjectPortal.tsx"", ""src/components/forms/VerificationSettings.tsx""]",../catchsecu-reverse-2026-10-09/route-coverage.json
RR067,/integration/message,메신저 연동,R20,알림 받기·웹훅·이메일 알림,page,화면 관찰,LIVE-integration__message,AST-R064,,,P09-T05,파일/계약 정적 대조; 이번 계획에서 실행 미검증,정상·오류·권한별 실제동작 재검증 필요; 구현 누락으로 단정하지 않음,"[""NotificationIntegration"", ""NotificationSubscription"", ""NotificationEvent"", ""NotificationDelivery"", ""NotificationAttempt""]",CRUD/test/enable,api-ui-spec.md#r20,R20-T01,R20-T02,R20-T03,R20-T04,integration.read/manage + 설정 대상 서비스 권한,이벤트·서비스·URL·방식·이름·사용여부·선택삭제,편집이새항목추가되지않음; SSRF거부; 테스트채널수신·재시도,실제 DB 생성 ID/토큰; A/B회사·2서비스·허용/거부역할·활성/만료라이선스·빈/보유 상태,E2E-RR067,planned,False,False,False,CRUD/test/enable,"[{""method"": ""GET"", ""path"": ""/integrations""}, {""method"": ""POST"", ""path"": ""/integrations""}, {""method"": ""GET"", ""path"": ""/integrations/{id}""}, {""method"": ""PATCH"", ""path"": ""/integrations/{id}""}, {""method"": ""DELETE"", ""path"": ""/integrations/{id}""}, {""method"": ""GET"", ""path"": ""/integrations/options""}, {""method"": ""POST"", ""path"": ""/integrations/delete""}, {""method"": ""POST"", ""path"": ""/integrations/{id}/enabled""}, {""method"": ""POST"", ""path"": ""/integrations/{id}/test""}, {""method"": ""GET"", ""path"": ""/integrations/{id}/deliveries""}, {""method"": ""POST"", ""path"": ""/integrations/{id}/deliveries/{deliveryId}/retry""}]",현재 OpenAPI에서 추출한 페이지 관련 후보; 실제 컴포넌트 호출 일치·누락 API는 R00/Rxx-T02에서 확정,"[""src/components/services/Notifications.tsx""]",../catchsecu-reverse-2026-10-09/route-coverage.json
RR068,/jap_intro,정보주체·공유·공개 폼,R11,공개 폼·응답·첨부·정정,page,정적 선언만 확인,,AST-R013,,모든 카테고리의 대표 화면을 조사했으며 이 경로의 정상 상태는 실행 미검증,P13-T02,파일/계약 정적 대조; 이번 계획에서 실행 미검증,정상·오류·권한별 실제동작 재검증 필요; 구현 누락으로 단정하지 않음,"[""Submission"", ""Answer"", ""ConsentReceipt"", ""ConsentEvent"", ""Correction"", ""CorrectionPayload"", ""SubmissionNote"", ""FileObject"", ""ExportJob"", ""ExportChunk"", ""ExportSource""]",R,api-ui-spec.md#r11,R11-T01,R11-T02,R11-T03,R11-T04,외부 publication 토큰; 내부 submission.read/write/file.read; 공유별 scope,소개 화면 콘텐츠·언어·관련 이동; 원본 의미 P00 확인,미확인 경로 의미 먼저 확정; 폼 데이터가 임의로 노출되지 않음,실제 DB 생성 ID/토큰; A/B회사·2서비스·허용/거부역할·활성/만료라이선스·빈/보유 상태,E2E-RR068,planned,False,False,False,R,"[{""method"": ""POST"", ""path"": ""/public/forms/{token}/uploads""}, {""method"": ""GET"", ""path"": ""/public/forms/{token}""}, {""method"": ""POST"", ""path"": ""/public/forms/{token}/submissions""}]",현재 OpenAPI에서 추출한 페이지 관련 후보; 실제 컴포넌트 호출 일치·누락 API는 R00/Rxx-T02에서 확정,"[""src/components/forms/PublicForm.tsx"", ""src/components/forms/SubmissionDetail.tsx"", ""src/components/forms/FileView.tsx"", ""src/components/forms/ExportJobs.tsx"", ""src/components/forms/FormLists.tsx""]",../catchsecu-reverse-2026-10-09/route-coverage.json
RR069,/kakao-playground,알림톡,R19,알림톡 채널·템플릿·발송,page,정적 선언만 확인,,AST-R073,,모든 카테고리의 대표 화면을 조사했으며 이 경로의 정상 상태는 실행 미검증,P09-T03,파일/계약 정적 대조; 이번 계획에서 실행 미검증,정상·오류·권한별 실제동작 재검증 필요; 구현 누락으로 단정하지 않음,"[""KakaoChannel"", ""KakaoTemplate"", ""KakaoMockReceipt"", ""Campaign"", ""CampaignDelivery"", ""CampaignEvent""]",CRUD/심사/preview,api-ui-spec.md#r19,R19-T01,R19-T02,R19-T03,R19-T04,message/sender capability + 알림톡 entitlement + service scope,목록·등록·상세·편집·반려수정·playground 미리보기,변수/버튼 검증; 승인전발송거부; 수정재심사·preview 저장독립,실제 DB 생성 ID/토큰; A/B회사·2서비스·허용/거부역할·활성/만료라이선스·빈/보유 상태,E2E-RR069,planned,False,False,False,CRUD/심사/preview,"[{""method"": ""POST"", ""path"": ""/kakao/templates/preview""}]",현재 OpenAPI에서 추출한 페이지 관련 후보; 실제 컴포넌트 호출 일치·누락 API는 R00/Rxx-T02에서 확정,"[""src/components/services/KakaoTemplates.tsx"", ""src/components/services/KakaoTemplateDetail.tsx"", ""src/components/services/Campaigns.tsx"", ""src/components/services/kakao.tsx""]",../catchsecu-reverse-2026-10-09/route-coverage.json
RR070,/link/oauth2,로그인·인증,R07,SSO·OAuth·기관 인증,page,정적 선언만 확인,,AST-R161,,모든 카테고리의 대표 화면을 조사했으며 이 경로의 정상 상태는 실행 미검증,P11-T03,파일/계약 정적 대조; 이번 계획에서 실행 미검증,정상·오류·권한별 실제동작 재검증 필요; 구현 누락으로 단정하지 않음,"[""SsoProvider"", ""SsoState"", ""Account"", ""Session"", ""VirtualOrgMember"", ""Verification"", ""SsoLoginPolicy"", ""SsoSessionProof""]",로그인·연결 C/R/회수,api-ui-spec.md#r07,R07-T01,R07-T02,R07-T03,R07-T04,관리 security.write; 익명 callback의 일회성 state; 자기 계정연결,OAuth 시작·검증·연동·실패; 연결/해제 관리,state/nonce/PKCE·계정연결 재인증; callback재전송 거부,실제 DB 생성 ID/토큰; A/B회사·2서비스·허용/거부역할·활성/만료라이선스·빈/보유 상태,E2E-RR070,planned,False,False,False,로그인·연결 C/R/회수,"[{""method"": ""GET"", ""path"": ""/me/sso-accounts""}, {""method"": ""DELETE"", ""path"": ""/me/sso-accounts/{id}""}, {""method"": ""POST"", ""path"": ""/invitations/sso/options""}, {""method"": ""POST"", ""path"": ""/invitations/sso/start""}, {""method"": ""GET"", ""path"": ""/security/sso""}, {""method"": ""POST"", ""path"": ""/security/sso""}, {""method"": ""PATCH"", ""path"": ""/security/sso/{id}""}, {""method"": ""DELETE"", ""path"": ""/security/sso/{id}""}, {""method"": ""POST"", ""path"": ""/security/sso/{id}/preflight""}, {""method"": ""GET"", ""path"": ""/security/sso/{id}/directory""}, {""method"": ""POST"", ""path"": ""/security/sso/{id}/directory""}, {""method"": ""DELETE"", ""path"": ""/security/sso/{id}/directory/{memberId}""}, {""method"": ""POST"", ""path"": ""/auth/org/login""}, {""method"": ""POST"", ""path"": ""/auth/org/email-register""}, {""method"": ""GET"", ""path"": ""/auth/sso/{providerId}""}, {""method"": ""GET"", ""path"": ""/auth/sso/callback""}, {""method"": ""POST"", ""path"": ""/auth/sso/saml""}]",현재 OpenAPI에서 추출한 페이지 관련 후보; 실제 컴포넌트 호출 일치·누락 API는 R00/Rxx-T02에서 확정,"[""src/components/management/SsoProviders.tsx"", ""src/components/auth/AuthPages.tsx"", ""src/components/auth/SsoRecovery.tsx"", ""src/components/auth/SsoAccounts.tsx""]",../catchsecu-reverse-2026-10-09/route-coverage.json
RR071,/link/oauth2/verified,로그인·인증,R07,SSO·OAuth·기관 인증,page,정적 선언만 확인,,AST-R162,,로그아웃·상태 변경·인증/결제 결과 경로는 실행하지 않음,P11-T03,파일/계약 정적 대조; 이번 계획에서 실행 미검증,정상·오류·권한별 실제동작 재검증 필요; 구현 누락으로 단정하지 않음,"[""SsoProvider"", ""SsoState"", ""Account"", ""Session"", ""VirtualOrgMember"", ""Verification"", ""SsoLoginPolicy"", ""SsoSessionProof""]",로그인·연결 C/R/회수,api-ui-spec.md#r07,R07-T01,R07-T02,R07-T03,R07-T04,관리 security.write; 익명 callback의 일회성 state; 자기 계정연결,OAuth 시작·검증·연동·실패; 연결/해제 관리,state/nonce/PKCE·계정연결 재인증; callback재전송 거부,실제 DB 생성 ID/토큰; A/B회사·2서비스·허용/거부역할·활성/만료라이선스·빈/보유 상태,E2E-RR071,planned,False,False,False,로그인·연결 C/R/회수,"[{""method"": ""GET"", ""path"": ""/me/sso-accounts""}, {""method"": ""DELETE"", ""path"": ""/me/sso-accounts/{id}""}, {""method"": ""POST"", ""path"": ""/invitations/sso/options""}, {""method"": ""POST"", ""path"": ""/invitations/sso/start""}, {""method"": ""GET"", ""path"": ""/security/sso""}, {""method"": ""POST"", ""path"": ""/security/sso""}, {""method"": ""PATCH"", ""path"": ""/security/sso/{id}""}, {""method"": ""DELETE"", ""path"": ""/security/sso/{id}""}, {""method"": ""POST"", ""path"": ""/security/sso/{id}/preflight""}, {""method"": ""GET"", ""path"": ""/security/sso/{id}/directory""}, {""method"": ""POST"", ""path"": ""/security/sso/{id}/directory""}, {""method"": ""DELETE"", ""path"": ""/security/sso/{id}/directory/{memberId}""}, {""method"": ""POST"", ""path"": ""/auth/org/login""}, {""method"": ""POST"", ""path"": ""/auth/org/email-register""}, {""method"": ""GET"", ""path"": ""/auth/sso/{providerId}""}, {""method"": ""GET"", ""path"": ""/auth/sso/callback""}, {""method"": ""POST"", ""path"": ""/auth/sso/saml""}]",현재 OpenAPI에서 추출한 페이지 관련 후보; 실제 컴포넌트 호출 일치·누락 API는 R00/Rxx-T02에서 확정,"[""src/components/management/SsoProviders.tsx"", ""src/components/auth/AuthPages.tsx"", ""src/components/auth/SsoRecovery.tsx"", ""src/components/auth/SsoAccounts.tsx""]",../catchsecu-reverse-2026-10-09/route-coverage.json
RR072,/loading,공통·오류,R24,공지·도움말·문의·공통 경로,page,정적 선언만 확인,,"AST-R184,AST-R196",,모든 카테고리의 대표 화면을 조사했으며 이 경로의 정상 상태는 실행 미검증,P13-T02,파일/계약 정적 대조; 이번 계획에서 실행 미검증,정상·오류·권한별 실제동작 재검증 필요; 구현 누락으로 단정하지 않음,"[""Notice"", ""NoticeAttachment"", ""Guide"", ""SupportTicket"", ""AccessRequest""]",R/상태 전이,api-ui-spec.md#r24,R24-T01,R24-T02,R24-T03,R24-T04,platformAdmin; 게시문서공개정책; 자기문의 및 지원담당,시작·호환성·로딩 화면을 실제 세션 상태와 연결,session 유무별 정상 도착; 로딩 종료/에러/재시도; redirect loop 없음,실제 DB 생성 ID/토큰; A/B회사·2서비스·허용/거부역할·활성/만료라이선스·빈/보유 상태,E2E-RR072,planned,False,False,False,R/상태 전이,"[{""method"": ""GET"", ""path"": ""/context""}, {""method"": ""POST"", ""path"": ""/context""}]",현재 OpenAPI에서 추출한 페이지 관련 후보; 실제 컴포넌트 호출 일치·누락 API는 R00/Rxx-T02에서 확정,"[""src/components/NoticePages.tsx"", ""src/components/GuidePages.tsx"", ""src/components/SupportPages.tsx"", ""src/components/LoadingTransition.tsx"", ""src/components/AccessDeniedPage.tsx"", ""src/components/AppShell.tsx"", ""src/components/CloneApp.tsx""]",../catchsecu-reverse-2026-10-09/route-coverage.json
RR073,/log/access-history,개인정보 모니터링·이력,R22,개인정보·권한·활동 감사로그,page,정적 선언만 확인,,AST-R091,"ROOT,SECURITY,USER",모든 카테고리의 대표 화면을 조사했으며 이 경로의 정상 상태는 실행 미검증,P12-T01,파일/계약 정적 대조; 이번 계획에서 실행 미검증,정상·오류·권한별 실제동작 재검증 필요; 구현 누락으로 단정하지 않음,"[""AuditEvent"", ""ActivityReview"", ""ActivityReviewMessage"", ""ExportJob""]",R/export; 시스템 이벤트 C; 일정 action만,api-ui-spec.md#r22,R22-T01,R22-T02,R22-T03,R22-T04,audit.read + service scope; mine는 actor 강제,세션 로그인·접속 이력; 분류별 기간·서비스·사용자 필터·상세·내보내기; 파기일정 취소/승인 별도,세션 로그인·접속 이벤트를 실제 생성 후 조회; 각 로그유형 실제업무로 이벤트 생성; U/D405; 타회사·PII 제한; export 동일필터,실제 DB 생성 ID/토큰; A/B회사·2서비스·허용/거부역할·활성/만료라이선스·빈/보유 상태,E2E-RR073,planned,False,False,False,R/export; 시스템 이벤트 C; 일정 action만,"[{""method"": ""GET"", ""path"": ""/audit-events""}, {""method"": ""GET"", ""path"": ""/audit-events/export""}]",현재 OpenAPI에서 추출한 페이지 관련 후보; 실제 컴포넌트 호출 일치·누락 API는 R00/Rxx-T02에서 확정,"[""src/components/management/AuditLogs.tsx"", ""src/components/management/ActivityReviews.tsx""]",../catchsecu-reverse-2026-10-09/route-coverage.json
RR074,/log/ad-monitoring,개인정보 모니터링·이력,R22,개인정보·권한·활동 감사로그,page,화면 관찰,LIVE-log__ad-monitoring,AST-R081,"ROOT,SECURITY,USER",,P12-T01,파일/계약 정적 대조; 이번 계획에서 실행 미검증,정상·오류·권한별 실제동작 재검증 필요; 구현 누락으로 단정하지 않음,"[""AuditEvent"", ""ActivityReview"", ""ActivityReviewMessage"", ""ExportJob""]",R/export; 시스템 이벤트 C; 일정 action만,api-ui-spec.md#r22,R22-T01,R22-T02,R22-T03,R22-T04,audit.read + service scope; mine는 actor 강제,마케팅 동의·철회 이력; 분류별 기간·서비스·사용자 필터·상세·내보내기; 파기일정 취소/승인 별도,마케팅 동의·철회 이벤트를 실제 생성 후 조회; 각 로그유형 실제업무로 이벤트 생성; U/D405; 타회사·PII 제한; export 동일필터,실제 DB 생성 ID/토큰; A/B회사·2서비스·허용/거부역할·활성/만료라이선스·빈/보유 상태,E2E-RR074,planned,False,False,False,R/export; 시스템 이벤트 C; 일정 action만,"[{""method"": ""GET"", ""path"": ""/audit-events""}, {""method"": ""GET"", ""path"": ""/audit-events/export""}]",현재 OpenAPI에서 추출한 페이지 관련 후보; 실제 컴포넌트 호출 일치·누락 API는 R00/Rxx-T02에서 확정,"[""src/components/management/AuditLogs.tsx"", ""src/components/management/ActivityReviews.tsx""]",../catchsecu-reverse-2026-10-09/route-coverage.json
RR075,/log/authority,권한 관리,R22,개인정보·권한·활동 감사로그,page,엔터프라이즈 제한,LIVE-log__authority,AST-R030,"ADMIN,ROOT,SECURITY,USER",,P12-T01,파일/계약 정적 대조; 이번 계획에서 실행 미검증,정상·오류·권한별 실제동작 재검증 필요; 구현 누락으로 단정하지 않음,"[""AuditEvent"", ""ActivityReview"", ""ActivityReviewMessage"", ""ExportJob""]",R/export; 시스템 이벤트 C; 일정 action만,api-ui-spec.md#r22,R22-T01,R22-T02,R22-T03,R22-T04,audit.read + service scope; mine는 actor 강제,권한 부여·회수 이력; 분류별 기간·서비스·사용자 필터·상세·내보내기; 파기일정 취소/승인 별도,권한 부여·회수 이벤트를 실제 생성 후 조회; 각 로그유형 실제업무로 이벤트 생성; U/D405; 타회사·PII 제한; export 동일필터,실제 DB 생성 ID/토큰; A/B회사·2서비스·허용/거부역할·활성/만료라이선스·빈/보유 상태,E2E-RR075,planned,False,False,False,R/export; 시스템 이벤트 C; 일정 action만,"[{""method"": ""GET"", ""path"": ""/audit-events""}, {""method"": ""GET"", ""path"": ""/audit-events/export""}]",현재 OpenAPI에서 추출한 페이지 관련 후보; 실제 컴포넌트 호출 일치·누락 API는 R00/Rxx-T02에서 확정,"[""src/components/management/AuditLogs.tsx"", ""src/components/management/ActivityReviews.tsx""]",../catchsecu-reverse-2026-10-09/route-coverage.json
RR076,/log/collect-destruction,개인정보 모니터링·이력,R16,보유기간·파기 일정·증명서,page,정적 선언만 확인,,AST-R084,"ROOT,SECURITY,USER",모든 카테고리의 대표 화면을 조사했으며 이 경로의 정상 상태는 실행 미검증,P12-T01,파일/계약 정적 대조; 이번 계획에서 실행 미검증,정상·오류·권한별 실제동작 재검증 필요; 구현 누락으로 단정하지 않음,"[""RetentionRule"", ""DestructionRequest"", ""DestructionCertificate"", ""Submission"", ""FileObject"", ""Job"", ""ExportSource""]",R/export; 시스템 이벤트 C; 일정 action만,api-ui-spec.md#r16,R16-T01,R16-T02,R16-T03,R16-T04,security.read/write·submission.destroy 분리; 승인자 범위,응답 수집·실제 파기 이력; 분류별 기간·서비스·사용자 필터·상세·내보내기; 파기일정 취소/승인 별도,응답 수집·실제 파기 이벤트를 실제 생성 후 조회; 각 로그유형 실제업무로 이벤트 생성; U/D405; 타회사·PII 제한; export 동일필터,실제 DB 생성 ID/토큰; A/B회사·2서비스·허용/거부역할·활성/만료라이선스·빈/보유 상태,E2E-RR076,planned,False,False,False,R/export; 시스템 이벤트 C; 일정 action만,"[{""method"": ""GET"", ""path"": ""/retention-rules""}, {""method"": ""POST"", ""path"": ""/retention-rules""}, {""method"": ""GET"", ""path"": ""/retention-rules/{id}""}, {""method"": ""PATCH"", ""path"": ""/retention-rules/{id}""}, {""method"": ""DELETE"", ""path"": ""/retention-rules/{id}""}, {""method"": ""GET"", ""path"": ""/destruction-requests""}, {""method"": ""POST"", ""path"": ""/destruction-requests/{id}/approve""}, {""method"": ""POST"", ""path"": ""/destruction-requests/{id}/reject""}, {""method"": ""POST"", ""path"": ""/destruction-requests/{id}/cancel""}, {""method"": ""POST"", ""path"": ""/destruction-requests/{id}/retry""}, {""method"": ""POST"", ""path"": ""/destruction-requests/{id}/reschedule""}, {""method"": ""GET"", ""path"": ""/destruction-certificates""}, {""method"": ""GET"", ""path"": ""/destruction-certificates/{id}""}, {""method"": ""GET"", ""path"": ""/destruction-certificates/{id}/download""}]",현재 OpenAPI에서 추출한 페이지 관련 후보; 실제 컴포넌트 호출 일치·누락 API는 R00/Rxx-T02에서 확정,"[""src/components/management/destruction.tsx"", ""src/components/management/CollectDestruction.tsx""]",../catchsecu-reverse-2026-10-09/route-coverage.json
RR077,/log/customer,개인정보 모니터링·이력,R22,개인정보·권한·활동 감사로그,page,정적 선언만 확인,,AST-R082,"ROOT,SECURITY,USER",모든 카테고리의 대표 화면을 조사했으며 이 경로의 정상 상태는 실행 미검증,P12-T01,파일/계약 정적 대조; 이번 계획에서 실행 미검증,정상·오류·권한별 실제동작 재검증 필요; 구현 누락으로 단정하지 않음,"[""AuditEvent"", ""ActivityReview"", ""ActivityReviewMessage"", ""ExportJob""]",R/export; 시스템 이벤트 C; 일정 action만,api-ui-spec.md#r22,R22-T01,R22-T02,R22-T03,R22-T04,audit.read + service scope; mine는 actor 강제,정보주체/응답 변경 이력; 분류별 기간·서비스·사용자 필터·상세·내보내기; 파기일정 취소/승인 별도,정보주체/응답 변경 이벤트를 실제 생성 후 조회; 각 로그유형 실제업무로 이벤트 생성; U/D405; 타회사·PII 제한; export 동일필터,실제 DB 생성 ID/토큰; A/B회사·2서비스·허용/거부역할·활성/만료라이선스·빈/보유 상태,E2E-RR077,planned,False,False,False,R/export; 시스템 이벤트 C; 일정 action만,"[{""method"": ""GET"", ""path"": ""/audit-events""}, {""method"": ""GET"", ""path"": ""/audit-events/export""}]",현재 OpenAPI에서 추출한 페이지 관련 후보; 실제 컴포넌트 호출 일치·누락 API는 R00/Rxx-T02에서 확정,"[""src/components/management/AuditLogs.tsx"", ""src/components/management/ActivityReviews.tsx""]",../catchsecu-reverse-2026-10-09/route-coverage.json
RR078,/log/destruction-schedule,개인정보 모니터링·이력,R16,보유기간·파기 일정·증명서,page,정적 선언만 확인,,AST-R087,"ROOT,SECURITY",모든 카테고리의 대표 화면을 조사했으며 이 경로의 정상 상태는 실행 미검증,P12-T01,파일/계약 정적 대조; 이번 계획에서 실행 미검증,정상·오류·권한별 실제동작 재검증 필요; 구현 누락으로 단정하지 않음,"[""RetentionRule"", ""DestructionRequest"", ""DestructionCertificate"", ""Submission"", ""FileObject"", ""Job"", ""ExportSource""]",R/export; 시스템 이벤트 C; 일정 action만,api-ui-spec.md#r16,R16-T01,R16-T02,R16-T03,R16-T04,security.read/write·submission.destroy 분리; 승인자 범위,파기 예약·보류·취소 이력; 분류별 기간·서비스·사용자 필터·상세·내보내기; 파기일정 취소/승인 별도,파기 예약·보류·취소 이벤트를 실제 생성 후 조회; 각 로그유형 실제업무로 이벤트 생성; U/D405; 타회사·PII 제한; export 동일필터,실제 DB 생성 ID/토큰; A/B회사·2서비스·허용/거부역할·활성/만료라이선스·빈/보유 상태,E2E-RR078,planned,False,False,False,R/export; 시스템 이벤트 C; 일정 action만,"[{""method"": ""GET"", ""path"": ""/destruction-requests""}, {""method"": ""POST"", ""path"": ""/destruction-requests/{id}/approve""}, {""method"": ""POST"", ""path"": ""/destruction-requests/{id}/reject""}, {""method"": ""POST"", ""path"": ""/destruction-requests/{id}/cancel""}, {""method"": ""POST"", ""path"": ""/destruction-requests/{id}/retry""}, {""method"": ""POST"", ""path"": ""/destruction-requests/{id}/reschedule""}]",현재 OpenAPI에서 추출한 페이지 관련 후보; 실제 컴포넌트 호출 일치·누락 API는 R00/Rxx-T02에서 확정,"[""src/components/management/destruction.tsx"", ""src/components/management/CollectDestruction.tsx""]",../catchsecu-reverse-2026-10-09/route-coverage.json
RR079,/log/destruction_certificate,개인정보 모니터링·이력,R16,보유기간·파기 일정·증명서,page,정적 선언만 확인,,AST-R085,"ROOT,SECURITY",모든 카테고리의 대표 화면을 조사했으며 이 경로의 정상 상태는 실행 미검증,P12-T01,파일/계약 정적 대조; 이번 계획에서 실행 미검증,정상·오류·권한별 실제동작 재검증 필요; 구현 누락으로 단정하지 않음,"[""RetentionRule"", ""DestructionRequest"", ""DestructionCertificate"", ""Submission"", ""FileObject"", ""Job"", ""ExportSource""]",R/export; 시스템 이벤트 C; 일정 action만,api-ui-spec.md#r16,R16-T01,R16-T02,R16-T03,R16-T04,security.read/write·submission.destroy 분리; 승인자 범위,파기증명서 발급·다운로드 이력; 분류별 기간·서비스·사용자 필터·상세·내보내기; 파기일정 취소/승인 별도,파기증명서 발급·다운로드 이벤트를 실제 생성 후 조회; 각 로그유형 실제업무로 이벤트 생성; U/D405; 타회사·PII 제한; export 동일필터,실제 DB 생성 ID/토큰; A/B회사·2서비스·허용/거부역할·활성/만료라이선스·빈/보유 상태,E2E-RR079,planned,False,False,False,R/export; 시스템 이벤트 C; 일정 action만,"[{""method"": ""GET"", ""path"": ""/destruction-certificates""}, {""method"": ""GET"", ""path"": ""/destruction-certificates/{id}""}, {""method"": ""GET"", ""path"": ""/destruction-certificates/{id}/download""}]",현재 OpenAPI에서 추출한 페이지 관련 후보; 실제 컴포넌트 호출 일치·누락 API는 R00/Rxx-T02에서 확정,"[""src/components/management/destruction.tsx"", ""src/components/management/CollectDestruction.tsx""]",../catchsecu-reverse-2026-10-09/route-coverage.json
RR080,/log/external-viewer,개인정보 모니터링·이력,R22,개인정보·권한·활동 감사로그,page,유료 제한,LIVE-log__external-viewer,AST-R092,"ADMIN,ROOT,SECURITY",,P12-T01,파일/계약 정적 대조; 이번 계획에서 실행 미검증,정상·오류·권한별 실제동작 재검증 필요; 구현 누락으로 단정하지 않음,"[""AuditEvent"", ""ActivityReview"", ""ActivityReviewMessage"", ""ExportJob""]",R/export; 시스템 이벤트 C; 일정 action만,api-ui-spec.md#r22,R22-T01,R22-T02,R22-T03,R22-T04,audit.read + service scope; mine는 actor 강제,외부열람자 인증·열람 이력; 분류별 기간·서비스·사용자 필터·상세·내보내기; 파기일정 취소/승인 별도,외부열람자 인증·열람 이벤트를 실제 생성 후 조회; 각 로그유형 실제업무로 이벤트 생성; U/D405; 타회사·PII 제한; export 동일필터,실제 DB 생성 ID/토큰; A/B회사·2서비스·허용/거부역할·활성/만료라이선스·빈/보유 상태,E2E-RR080,planned,False,False,False,R/export; 시스템 이벤트 C; 일정 action만,"[{""method"": ""GET"", ""path"": ""/audit-events""}, {""method"": ""GET"", ""path"": ""/audit-events/export""}]",현재 OpenAPI에서 추출한 페이지 관련 후보; 실제 컴포넌트 호출 일치·누락 API는 R00/Rxx-T02에서 확정,"[""src/components/management/AuditLogs.tsx"", ""src/components/management/ActivityReviews.tsx""]",../catchsecu-reverse-2026-10-09/route-coverage.json
RR081,/log/form-approval,개인정보 모니터링·이력,R09,폼 승인·게시·고정 URL,page,정적 선언만 확인,,AST-R086,"ROOT,SECURITY,USER",모든 카테고리의 대표 화면을 조사했으며 이 경로의 정상 상태는 실행 미검증,P12-T01,파일/계약 정적 대조; 이번 계획에서 실행 미검증,정상·오류·권한별 실제동작 재검증 필요; 구현 누락으로 단정하지 않음,"[""ApprovalRequest"", ""Publication"", ""FixedUrl"", ""Form"", ""FormVersion""]",R/export; 시스템 이벤트 C; 일정 action만,api-ui-spec.md#r09,R09-T01,R09-T02,R09-T03,R09-T04,form.publish/form.approve 분리; fixed URL 관리 권한,폼 승인·반려 이력; 분류별 기간·서비스·사용자 필터·상세·내보내기; 파기일정 취소/승인 별도,폼 승인·반려 이벤트를 실제 생성 후 조회; 각 로그유형 실제업무로 이벤트 생성; U/D405; 타회사·PII 제한; export 동일필터,실제 DB 생성 ID/토큰; A/B회사·2서비스·허용/거부역할·활성/만료라이선스·빈/보유 상태,E2E-RR081,planned,False,False,False,R/export; 시스템 이벤트 C; 일정 action만,"[{""method"": ""GET"", ""path"": ""/approvals""}, {""method"": ""GET"", ""path"": ""/approvals/{id}""}, {""method"": ""DELETE"", ""path"": ""/approvals/{id}""}, {""method"": ""POST"", ""path"": ""/approvals/{id}/decision""}]",현재 OpenAPI에서 추출한 페이지 관련 후보; 실제 컴포넌트 호출 일치·누락 API는 R00/Rxx-T02에서 확정,"[""src/components/forms/Approvals.tsx"", ""src/components/forms/Workflow.tsx"", ""src/components/forms/FixedUrls.tsx"", ""src/components/forms/DraftStatus.tsx""]",../catchsecu-reverse-2026-10-09/route-coverage.json
RR082,/log/info-monitoring,개인정보 모니터링·이력,R22,개인정보·권한·활동 감사로그,page,화면 관찰,LIVE-log__info-monitoring,AST-R080,"ROOT,SECURITY,USER",,P12-T01,파일/계약 정적 대조; 이번 계획에서 실행 미검증,정상·오류·권한별 실제동작 재검증 필요; 구현 누락으로 단정하지 않음,"[""AuditEvent"", ""ActivityReview"", ""ActivityReviewMessage"", ""ExportJob""]",R/export; 시스템 이벤트 C; 일정 action만,api-ui-spec.md#r22,R22-T01,R22-T02,R22-T03,R22-T04,audit.read + service scope; mine는 actor 강제,개인정보 조회·정정·다운로드 이력; 분류별 기간·서비스·사용자 필터·상세·내보내기; 파기일정 취소/승인 별도,개인정보 조회·정정·다운로드 이벤트를 실제 생성 후 조회; 각 로그유형 실제업무로 이벤트 생성; U/D405; 타회사·PII 제한; export 동일필터,실제 DB 생성 ID/토큰; A/B회사·2서비스·허용/거부역할·활성/만료라이선스·빈/보유 상태,E2E-RR082,planned,False,False,False,R/export; 시스템 이벤트 C; 일정 action만,"[{""method"": ""GET"", ""path"": ""/audit-events""}, {""method"": ""GET"", ""path"": ""/audit-events/export""}]",현재 OpenAPI에서 추출한 페이지 관련 후보; 실제 컴포넌트 호출 일치·누락 API는 R00/Rxx-T02에서 확정,"[""src/components/management/AuditLogs.tsx"", ""src/components/management/ActivityReviews.tsx""]",../catchsecu-reverse-2026-10-09/route-coverage.json
RR083,/log/mail,개인정보 모니터링·이력,R22,개인정보·권한·활동 감사로그,page,유료 제한,LIVE-log__mail,AST-R089,"ROOT,SECURITY,USER",,P12-T01,파일/계약 정적 대조; 이번 계획에서 실행 미검증,정상·오류·권한별 실제동작 재검증 필요; 구현 누락으로 단정하지 않음,"[""AuditEvent"", ""ActivityReview"", ""ActivityReviewMessage"", ""ExportJob""]",R/export; 시스템 이벤트 C; 일정 action만,api-ui-spec.md#r22,R22-T01,R22-T02,R22-T03,R22-T04,audit.read + service scope; mine는 actor 강제,이메일 전달·반송·수신거부 이력; 분류별 기간·서비스·사용자 필터·상세·내보내기; 파기일정 취소/승인 별도,이메일 전달·반송·수신거부 이벤트를 실제 생성 후 조회; 각 로그유형 실제업무로 이벤트 생성; U/D405; 타회사·PII 제한; export 동일필터,실제 DB 생성 ID/토큰; A/B회사·2서비스·허용/거부역할·활성/만료라이선스·빈/보유 상태,E2E-RR083,planned,False,False,False,R/export; 시스템 이벤트 C; 일정 action만,"[{""method"": ""GET"", ""path"": ""/audit-events""}, {""method"": ""GET"", ""path"": ""/audit-events/export""}]",현재 OpenAPI에서 추출한 페이지 관련 후보; 실제 컴포넌트 호출 일치·누락 API는 R00/Rxx-T02에서 확정,"[""src/components/management/AuditLogs.tsx"", ""src/components/management/ActivityReviews.tsx""]",../catchsecu-reverse-2026-10-09/route-coverage.json
RR084,/log/member,개인정보 모니터링·이력,R22,개인정보·권한·활동 감사로그,page,유료 제한,LIVE-log__member,AST-R136,"ADMIN,BILLING,ROOT,SECURITY,USER",,P12-T01,파일/계약 정적 대조; 이번 계획에서 실행 미검증,정상·오류·권한별 실제동작 재검증 필요; 구현 누락으로 단정하지 않음,"[""AuditEvent"", ""ActivityReview"", ""ActivityReviewMessage"", ""ExportJob""]",R/export; 시스템 이벤트 C; 일정 action만,api-ui-spec.md#r22,R22-T01,R22-T02,R22-T03,R22-T04,audit.read + service scope; mine는 actor 강제,구성원 초대·변경·회수 이력; 분류별 기간·서비스·사용자 필터·상세·내보내기; 파기일정 취소/승인 별도,구성원 초대·변경·회수 이벤트를 실제 생성 후 조회; 각 로그유형 실제업무로 이벤트 생성; U/D405; 타회사·PII 제한; export 동일필터,실제 DB 생성 ID/토큰; A/B회사·2서비스·허용/거부역할·활성/만료라이선스·빈/보유 상태,E2E-RR084,planned,False,False,False,R/export; 시스템 이벤트 C; 일정 action만,"[{""method"": ""GET"", ""path"": ""/audit-events""}, {""method"": ""GET"", ""path"": ""/audit-events/export""}]",현재 OpenAPI에서 추출한 페이지 관련 후보; 실제 컴포넌트 호출 일치·누락 API는 R00/Rxx-T02에서 확정,"[""src/components/management/AuditLogs.tsx"", ""src/components/management/ActivityReviews.tsx""]",../catchsecu-reverse-2026-10-09/route-coverage.json
RR085,/log/month-monitoring,개인정보 모니터링·이력,R23,대시보드·통계·준수·월마감,page,엔터프라이즈 제한,LIVE-log__month-monitoring,AST-R090,"ROOT,SECURITY,USER",,P12-T01,파일/계약 정적 대조; 이번 계획에서 실행 미검증,ManagementPages에서 enterprise 고정 안내 분기에 도달. 기존 compliance close API를 월마감 UI에 연결 필요.,"[""Submission"", ""MarketingPreference"", ""AuditEvent"", ""ComplianceClose"", ""ComplianceExportJob"", ""BillingMonthClose""]",R/export; 시스템 이벤트 C; 일정 action만,api-ui-spec.md#r23,R23-T01,R23-T02,R23-T03,R23-T04,허용서비스 집계; audit/security·license별 마감권한,월별 마감·조정 이력; 분류별 기간·서비스·사용자 필터·상세·내보내기; 파기일정 취소/승인 별도,월별 마감·조정 이벤트를 실제 생성 후 조회; 각 로그유형 실제업무로 이벤트 생성; U/D405; 타회사·PII 제한; export 동일필터,실제 DB 생성 ID/토큰; A/B회사·2서비스·허용/거부역할·활성/만료라이선스·빈/보유 상태,E2E-RR085,planned,False,False,False,R/export; 시스템 이벤트 C; 일정 action만,"[{""method"": ""GET"", ""path"": ""/analytics/closes""}, {""method"": ""POST"", ""path"": ""/analytics/closes""}, {""method"": ""GET"", ""path"": ""/analytics/closes/{id}/export""}, {""method"": ""POST"", ""path"": ""/analytics/exports""}, {""method"": ""GET"", ""path"": ""/analytics/exports""}, {""method"": ""GET"", ""path"": ""/analytics/exports/{id}""}, {""method"": ""DELETE"", ""path"": ""/analytics/exports/{id}""}, {""method"": ""POST"", ""path"": ""/analytics/exports/{id}/cancel""}, {""method"": ""GET"", ""path"": ""/analytics/exports/{id}/download""}]",현재 OpenAPI에서 추출한 페이지 관련 후보; 실제 컴포넌트 호출 일치·누락 API는 R00/Rxx-T02에서 확정,"[""src/components/Dashboard.tsx"", ""src/components/StatisticsPages.tsx"", ""src/components/forms/Marketing.tsx""]",../catchsecu-reverse-2026-10-09/route-coverage.json
RR086,/log/retention,개인정보 모니터링·이력,R16,보유기간·파기 일정·증명서,page,유료 제한,LIVE-log__retention,AST-R088,,,신규대조,파일/계약 정적 대조; 이번 계획에서 실행 미검증,최신 원본 경로에 존재; 기존 manifest·ManagementPages 매핑 없음. RetentionRule API는 존재. 정상원본 UX 미확인: 보유규칙 UI 독립 제안.,"[""RetentionRule"", ""DestructionRequest"", ""DestructionCertificate"", ""Submission"", ""FileObject"", ""Job"", ""ExportSource""]",C/R/U/D 보유기간규칙·조회/보관,api-ui-spec.md#r16,R16-T01,R16-T02,R16-T03,R16-T04,security.read/write·submission.destroy 분리; 승인자 범위,최신 원본 경로에 존재; 기존 manifest·ManagementPages 매핑 없음. RetentionRule API는 존재. 정상원본 UX 미확인: 보유규칙 UI 독립 제안.,짧은보유fixture→보류→만료worker실행(유지)→보류해제/승인→실제DB·파일삭제→증명서; 다운로드/발송/정정과 파기경합; worker중단후재개 중복증명서없음.,실제 DB 생성 ID/토큰; A/B회사·2서비스·허용/거부역할·활성/만료라이선스·빈/보유 상태,E2E-RR086,planned,False,False,False,C/R/U/D 보유기간규칙·조회/보관,"[{""method"": ""GET"", ""path"": ""/retention-rules""}, {""method"": ""POST"", ""path"": ""/retention-rules""}, {""method"": ""GET"", ""path"": ""/retention-rules/{id}""}, {""method"": ""PATCH"", ""path"": ""/retention-rules/{id}""}, {""method"": ""DELETE"", ""path"": ""/retention-rules/{id}""}]",현재 OpenAPI에서 추출한 페이지 관련 후보; 실제 컴포넌트 호출 일치·누락 API는 R00/Rxx-T02에서 확정,"[""src/components/management/destruction.tsx"", ""src/components/management/CollectDestruction.tsx""]",../catchsecu-reverse-2026-10-09/route-coverage.json
RR087,/log/service,개인정보 모니터링·이력,R22,개인정보·권한·활동 감사로그,page,화면 관찰,LIVE-log__service,AST-R083,"ROOT,SECURITY,USER",,P12-T01,파일/계약 정적 대조; 이번 계획에서 실행 미검증,정상·오류·권한별 실제동작 재검증 필요; 구현 누락으로 단정하지 않음,"[""AuditEvent"", ""ActivityReview"", ""ActivityReviewMessage"", ""ExportJob""]",R/export; 시스템 이벤트 C; 일정 action만,api-ui-spec.md#r22,R22-T01,R22-T02,R22-T03,R22-T04,audit.read + service scope; mine는 actor 강제,서비스 생성·수정·보관 이력; 분류별 기간·서비스·사용자 필터·상세·내보내기; 파기일정 취소/승인 별도,서비스 생성·수정·보관 이벤트를 실제 생성 후 조회; 각 로그유형 실제업무로 이벤트 생성; U/D405; 타회사·PII 제한; export 동일필터,실제 DB 생성 ID/토큰; A/B회사·2서비스·허용/거부역할·활성/만료라이선스·빈/보유 상태,E2E-RR087,planned,False,False,False,R/export; 시스템 이벤트 C; 일정 action만,"[{""method"": ""GET"", ""path"": ""/audit-events""}, {""method"": ""GET"", ""path"": ""/audit-events/export""}]",현재 OpenAPI에서 추출한 페이지 관련 후보; 실제 컴포넌트 호출 일치·누락 API는 R00/Rxx-T02에서 확정,"[""src/components/management/AuditLogs.tsx"", ""src/components/management/ActivityReviews.tsx""]",../catchsecu-reverse-2026-10-09/route-coverage.json
RR088,/login,로그인·인증,R02,계정 인증·세션·복구,page,정적 선언만 확인,,AST-R015,,모든 카테고리의 대표 화면을 조사했으며 이 경로의 정상 상태는 실행 미검증,P02-T01,파일/계약 정적 대조; 이번 계획에서 실행 미검증,정상·오류·권한별 실제동작 재검증 필요; 구현 누락으로 단정하지 않음,"[""User"", ""Account"", ""Session"", ""Verification"", ""TwoFactor"", ""RateLimit"", ""PasswordHistory"", ""PasswordDeferral""]",인증/session C/R,api-ui-spec.md#r02,R02-T01,R02-T02,R02-T03,R02-T04,익명 challenge 또는 자기 계정; 회사 권한 이전에 인증 검증,로그인·실패·잠금·추가인증; gwloginUser 계약 확정,실제비밀번호검사; 오류/정지/만료; 그룹웨어 계약 미확정 성공금지,실제 DB 생성 ID/토큰; A/B회사·2서비스·허용/거부역할·활성/만료라이선스·빈/보유 상태,E2E-RR088,planned,False,False,False,인증/session C/R,"[{""method"": ""POST"", ""path"": ""/auth/sign-in/email""}]",현재 OpenAPI에서 추출한 페이지 관련 후보; 실제 컴포넌트 호출 일치·누락 API는 R00/Rxx-T02에서 확정,"[""src/components/auth/AuthPages.tsx"", ""src/components/auth/LiveAuth.tsx""]",../catchsecu-reverse-2026-10-09/route-coverage.json
RR089,/login-email,로그인·인증,R02,계정 인증·세션·복구,page,정적 선언만 확인,,AST-R026,,모든 카테고리의 대표 화면을 조사했으며 이 경로의 정상 상태는 실행 미검증,P02-T02,파일/계약 정적 대조; 이번 계획에서 실행 미검증,정상·오류·권한별 실제동작 재검증 필요; 구현 누락으로 단정하지 않음,"[""User"", ""Account"", ""Session"", ""Verification"", ""TwoFactor"", ""RateLimit"", ""PasswordHistory"", ""PasswordDeferral""]",인증수단 CRUD; 일회용 검증,api-ui-spec.md#r02,R02-T01,R02-T02,R02-T03,R02-T04,익명 challenge 또는 자기 계정; 회사 권한 이전에 인증 검증,이메일/OTP 설정·코드입력·만료·재전송,인증전 보호API 차단; 코드만료/재사용·시도제한; recovery 1회,실제 DB 생성 ID/토큰; A/B회사·2서비스·허용/거부역할·활성/만료라이선스·빈/보유 상태,E2E-RR089,planned,False,False,False,인증수단 CRUD; 일회용 검증,"[{""method"": ""GET"", ""path"": ""/me/sessions""}, {""method"": ""DELETE"", ""path"": ""/me/sessions/{id}""}, {""method"": ""POST"", ""path"": ""/auth/sign-up/email""}, {""method"": ""POST"", ""path"": ""/auth/sign-in/email""}, {""method"": ""POST"", ""path"": ""/auth/request-password-reset""}, {""method"": ""POST"", ""path"": ""/auth/reset-password""}, {""method"": ""POST"", ""path"": ""/auth/change-password""}, {""method"": ""POST"", ""path"": ""/auth/sign-out""}, {""method"": ""POST"", ""path"": ""/auth/two-factor/enable""}, {""method"": ""POST"", ""path"": ""/auth/two-factor/verify-totp""}, {""method"": ""POST"", ""path"": ""/auth/two-factor/send-otp""}, {""method"": ""POST"", ""path"": ""/auth/two-factor/verify-otp""}, {""method"": ""POST"", ""path"": ""/auth/two-factor/verify-backup-code""}, {""method"": ""POST"", ""path"": ""/auth/two-factor/disable""}, {""method"": ""GET"", ""path"": ""/auth/get-session""}, {""method"": ""GET"", ""path"": ""/me/password-policy""}, {""method"": ""POST"", ""path"": ""/me/password-policy""}, {""method"": ""POST"", ""path"": ""/auth/org/login""}, {""method"": ""POST"", ""path"": ""/auth/org/email-register""}, {""method"": ""GET"", ""path"": ""/auth/sso/{providerId}""}, {""method"": ""GET"", ""path"": ""/auth/sso/callback""}, {""method"": ""POST"", ""path"": ""/auth/sso/saml""}]",현재 OpenAPI에서 추출한 페이지 관련 후보; 실제 컴포넌트 호출 일치·누락 API는 R00/Rxx-T02에서 확정,"[""src/components/auth/AuthPages.tsx"", ""src/components/auth/LiveAuth.tsx""]",../catchsecu-reverse-2026-10-09/route-coverage.json
RR090,/login-failed,로그인·인증,R02,계정 인증·세션·복구,page,정적 선언만 확인,,AST-R028,,모든 카테고리의 대표 화면을 조사했으며 이 경로의 정상 상태는 실행 미검증,P02-T04,파일/계약 정적 대조; 이번 계획에서 실행 미검증,정상·오류·권한별 실제동작 재검증 필요; 구현 누락으로 단정하지 않음,"[""User"", ""Account"", ""Session"", ""Verification"", ""TwoFactor"", ""RateLimit"", ""PasswordHistory"", ""PasswordDeferral""]",R,api-ui-spec.md#r02,R02-T01,R02-T02,R02-T03,R02-T04,익명 challenge 또는 자기 계정; 회사 권한 이전에 인증 검증,IP 제한·로그인 실패·다시 시도; 오류코드 안전 표시,다른 attempt 정보 미노출; 제한우회 불가; 원인정책 추적,실제 DB 생성 ID/토큰; A/B회사·2서비스·허용/거부역할·활성/만료라이선스·빈/보유 상태,E2E-RR090,planned,False,False,False,R,"[{""method"": ""GET"", ""path"": ""/me/sessions""}, {""method"": ""DELETE"", ""path"": ""/me/sessions/{id}""}, {""method"": ""POST"", ""path"": ""/auth/sign-up/email""}, {""method"": ""POST"", ""path"": ""/auth/sign-in/email""}, {""method"": ""POST"", ""path"": ""/auth/request-password-reset""}, {""method"": ""POST"", ""path"": ""/auth/reset-password""}, {""method"": ""POST"", ""path"": ""/auth/change-password""}, {""method"": ""POST"", ""path"": ""/auth/sign-out""}, {""method"": ""POST"", ""path"": ""/auth/two-factor/enable""}, {""method"": ""POST"", ""path"": ""/auth/two-factor/verify-totp""}, {""method"": ""POST"", ""path"": ""/auth/two-factor/send-otp""}, {""method"": ""POST"", ""path"": ""/auth/two-factor/verify-otp""}, {""method"": ""POST"", ""path"": ""/auth/two-factor/verify-backup-code""}, {""method"": ""POST"", ""path"": ""/auth/two-factor/disable""}, {""method"": ""GET"", ""path"": ""/auth/get-session""}, {""method"": ""GET"", ""path"": ""/me/password-policy""}, {""method"": ""POST"", ""path"": ""/me/password-policy""}, {""method"": ""POST"", ""path"": ""/auth/org/login""}, {""method"": ""POST"", ""path"": ""/auth/org/email-register""}, {""method"": ""GET"", ""path"": ""/auth/sso/{providerId}""}, {""method"": ""GET"", ""path"": ""/auth/sso/callback""}, {""method"": ""POST"", ""path"": ""/auth/sso/saml""}]",현재 OpenAPI에서 추출한 페이지 관련 후보; 실제 컴포넌트 호출 일치·누락 API는 R00/Rxx-T02에서 확정,"[""src/components/auth/AuthPages.tsx"", ""src/components/auth/LiveAuth.tsx""]",../catchsecu-reverse-2026-10-09/route-coverage.json
RR091,/login-otp,로그인·인증,R02,계정 인증·세션·복구,page,정적 선언만 확인,,AST-R027,,모든 카테고리의 대표 화면을 조사했으며 이 경로의 정상 상태는 실행 미검증,P02-T02,파일/계약 정적 대조; 이번 계획에서 실행 미검증,정상·오류·권한별 실제동작 재검증 필요; 구현 누락으로 단정하지 않음,"[""User"", ""Account"", ""Session"", ""Verification"", ""TwoFactor"", ""RateLimit"", ""PasswordHistory"", ""PasswordDeferral""]",인증수단 CRUD; 일회용 검증,api-ui-spec.md#r02,R02-T01,R02-T02,R02-T03,R02-T04,익명 challenge 또는 자기 계정; 회사 권한 이전에 인증 검증,이메일/OTP 설정·코드입력·만료·재전송,인증전 보호API 차단; 코드만료/재사용·시도제한; recovery 1회,실제 DB 생성 ID/토큰; A/B회사·2서비스·허용/거부역할·활성/만료라이선스·빈/보유 상태,E2E-RR091,planned,False,False,False,인증수단 CRUD; 일회용 검증,"[{""method"": ""GET"", ""path"": ""/me/sessions""}, {""method"": ""DELETE"", ""path"": ""/me/sessions/{id}""}, {""method"": ""POST"", ""path"": ""/auth/sign-up/email""}, {""method"": ""POST"", ""path"": ""/auth/sign-in/email""}, {""method"": ""POST"", ""path"": ""/auth/request-password-reset""}, {""method"": ""POST"", ""path"": ""/auth/reset-password""}, {""method"": ""POST"", ""path"": ""/auth/change-password""}, {""method"": ""POST"", ""path"": ""/auth/sign-out""}, {""method"": ""POST"", ""path"": ""/auth/two-factor/enable""}, {""method"": ""POST"", ""path"": ""/auth/two-factor/verify-totp""}, {""method"": ""POST"", ""path"": ""/auth/two-factor/send-otp""}, {""method"": ""POST"", ""path"": ""/auth/two-factor/verify-otp""}, {""method"": ""POST"", ""path"": ""/auth/two-factor/verify-backup-code""}, {""method"": ""POST"", ""path"": ""/auth/two-factor/disable""}, {""method"": ""GET"", ""path"": ""/auth/get-session""}, {""method"": ""GET"", ""path"": ""/me/password-policy""}, {""method"": ""POST"", ""path"": ""/me/password-policy""}, {""method"": ""POST"", ""path"": ""/auth/org/login""}, {""method"": ""POST"", ""path"": ""/auth/org/email-register""}, {""method"": ""GET"", ""path"": ""/auth/sso/{providerId}""}, {""method"": ""GET"", ""path"": ""/auth/sso/callback""}, {""method"": ""POST"", ""path"": ""/auth/sso/saml""}]",현재 OpenAPI에서 추출한 페이지 관련 후보; 실제 컴포넌트 호출 일치·누락 API는 R00/Rxx-T02에서 확정,"[""src/components/auth/AuthPages.tsx"", ""src/components/auth/LiveAuth.tsx""]",../catchsecu-reverse-2026-10-09/route-coverage.json
RR092,/login/gpki,로그인·인증,R07,SSO·OAuth·기관 인증,page,정적 선언만 확인,,AST-R154,,모든 카테고리의 대표 화면을 조사했으며 이 경로의 정상 상태는 실행 미검증,P11-T04,"현재 가상디렉터리/이메일OTP 백엔드 실제 DB·HTTP 검증; 화면 구현/정적검토, Ego 실행 대기",브라우저 복구/레이아웃 수용 및 실제 외부 기관 연동 미검증. 원본 동등성 미확인.,"[""SsoProvider"", ""SsoState"", ""Account"", ""Session"", ""VirtualOrgMember"", ""Verification"", ""SsoLoginPolicy"", ""SsoSessionProof"", ""OrgEmailChallenge""]",기관 로그인/확인/계정 연결,api-ui-spec.md#r07,R07-T01,R07-T02,R07-T03,R07-T04,관리 security.write; 익명 callback의 일회성 state; 자기 계정연결,GPKI·새올 로그인·이메일 등록·기관별 실패,공식SDK/기관 식별자 확정; 실제test환경 검증; 미설정 성공금지,실제 DB 생성 ID/토큰; A/B회사·2서비스·허용/거부역할·활성/만료라이선스·빈/보유 상태,E2E-RR092,in_progress,True,False,False,기관 로그인/확인/계정 연결,"[{""method"": ""POST"", ""path"": ""/auth/org/login""}, {""method"": ""POST"", ""path"": ""/auth/org/email-register/challenge""}, {""method"": ""POST"", ""path"": ""/auth/org/email-register""}]",OrgLogin.tsx 실제 호출과 현재 계약 대조; 실제 HTTP16/재시작1 검증,"[""src/components/auth/AuthPages.tsx"", ""src/components/auth/OrgLogin.tsx""]",../catchsecu-reverse-2026-10-09/route-coverage.json
RR093,/login/gpki/callback,로그인·인증,R07,SSO·OAuth·기관 인증,page,정적 선언만 확인,,AST-R155,,로그아웃·상태 변경·인증/결제 결과 경로는 실행하지 않음,신규대조,파일/계약 정적 대조; 이번 계획에서 실행 미검증,최신 원본 경로에 존재; 기존 manifest 없음; 현재 기관 로그인은 가상디렉터리. 실제기관 callback 규격/어댑터 필요.,"[""SsoProvider"", ""SsoState"", ""Account"", ""Session"", ""VirtualOrgMember"", ""Verification"", ""SsoLoginPolicy"", ""SsoSessionProof""]",검증된 외부인증 callback 결과 처리·세션 생성; 일반 CRUD 없음,api-ui-spec.md#r07,R07-T01,R07-T02,R07-T03,R07-T04,관리 security.write; 익명 callback의 일회성 state; 자기 계정연결,최신 원본 경로에 존재; 기존 manifest 없음; 현재 기관 로그인은 가상디렉터리. 실제기관 callback 규격/어댑터 필요.,잘못된 issuer/audience/state·만료/재사용 assertion 거부; 별도 시험 IdP로 로그인·연결·해제; 기관2곳 tenant 분리; 가상기관 테스트와 실제기관 수신 증거를 분리.,실제 DB 생성 ID/토큰; A/B회사·2서비스·허용/거부역할·활성/만료라이선스·빈/보유 상태,E2E-RR093,planned,False,False,False,검증된 외부인증 callback 결과 처리·세션 생성; 일반 CRUD 없음,"[{""method"": ""GET"", ""path"": ""/me/sso-accounts""}, {""method"": ""DELETE"", ""path"": ""/me/sso-accounts/{id}""}, {""method"": ""POST"", ""path"": ""/invitations/sso/options""}, {""method"": ""POST"", ""path"": ""/invitations/sso/start""}, {""method"": ""GET"", ""path"": ""/security/sso""}, {""method"": ""POST"", ""path"": ""/security/sso""}, {""method"": ""PATCH"", ""path"": ""/security/sso/{id}""}, {""method"": ""DELETE"", ""path"": ""/security/sso/{id}""}, {""method"": ""POST"", ""path"": ""/security/sso/{id}/preflight""}, {""method"": ""GET"", ""path"": ""/security/sso/{id}/directory""}, {""method"": ""POST"", ""path"": ""/security/sso/{id}/directory""}, {""method"": ""DELETE"", ""path"": ""/security/sso/{id}/directory/{memberId}""}, {""method"": ""POST"", ""path"": ""/auth/org/login""}, {""method"": ""POST"", ""path"": ""/auth/org/email-register""}, {""method"": ""GET"", ""path"": ""/auth/sso/{providerId}""}, {""method"": ""GET"", ""path"": ""/auth/sso/callback""}, {""method"": ""POST"", ""path"": ""/auth/sso/saml""}]",현재 OpenAPI에서 추출한 페이지 관련 후보; 실제 컴포넌트 호출 일치·누락 API는 R00/Rxx-T02에서 확정,"[""src/components/management/SsoProviders.tsx"", ""src/components/auth/AuthPages.tsx"", ""src/components/auth/SsoRecovery.tsx"", ""src/components/auth/SsoAccounts.tsx""]",../catchsecu-reverse-2026-10-09/route-coverage.json
RR094,/login/oauth2,로그인·인증,R07,SSO·OAuth·기관 인증,page,정적 선언만 확인,,AST-R152,,모든 카테고리의 대표 화면을 조사했으며 이 경로의 정상 상태는 실행 미검증,P11-T03,파일/계약 정적 대조; 이번 계획에서 실행 미검증,정상·오류·권한별 실제동작 재검증 필요; 구현 누락으로 단정하지 않음,"[""SsoProvider"", ""SsoState"", ""Account"", ""Session"", ""VirtualOrgMember"", ""Verification"", ""SsoLoginPolicy"", ""SsoSessionProof""]",로그인·연결 C/R/회수,api-ui-spec.md#r07,R07-T01,R07-T02,R07-T03,R07-T04,관리 security.write; 익명 callback의 일회성 state; 자기 계정연결,OAuth 시작·검증·연동·실패; 연결/해제 관리,state/nonce/PKCE·계정연결 재인증; callback재전송 거부,실제 DB 생성 ID/토큰; A/B회사·2서비스·허용/거부역할·활성/만료라이선스·빈/보유 상태,E2E-RR094,planned,False,False,False,로그인·연결 C/R/회수,"[{""method"": ""GET"", ""path"": ""/me/sso-accounts""}, {""method"": ""DELETE"", ""path"": ""/me/sso-accounts/{id}""}, {""method"": ""POST"", ""path"": ""/invitations/sso/options""}, {""method"": ""POST"", ""path"": ""/invitations/sso/start""}, {""method"": ""GET"", ""path"": ""/security/sso""}, {""method"": ""POST"", ""path"": ""/security/sso""}, {""method"": ""PATCH"", ""path"": ""/security/sso/{id}""}, {""method"": ""DELETE"", ""path"": ""/security/sso/{id}""}, {""method"": ""POST"", ""path"": ""/security/sso/{id}/preflight""}, {""method"": ""GET"", ""path"": ""/security/sso/{id}/directory""}, {""method"": ""POST"", ""path"": ""/security/sso/{id}/directory""}, {""method"": ""DELETE"", ""path"": ""/security/sso/{id}/directory/{memberId}""}, {""method"": ""POST"", ""path"": ""/auth/org/login""}, {""method"": ""POST"", ""path"": ""/auth/org/email-register""}, {""method"": ""GET"", ""path"": ""/auth/sso/{providerId}""}, {""method"": ""GET"", ""path"": ""/auth/sso/callback""}, {""method"": ""POST"", ""path"": ""/auth/sso/saml""}]",현재 OpenAPI에서 추출한 페이지 관련 후보; 실제 컴포넌트 호출 일치·누락 API는 R00/Rxx-T02에서 확정,"[""src/components/management/SsoProviders.tsx"", ""src/components/auth/AuthPages.tsx"", ""src/components/auth/SsoRecovery.tsx"", ""src/components/auth/SsoAccounts.tsx""]",../catchsecu-reverse-2026-10-09/route-coverage.json
RR095,/login/oauth2/verified,로그인·인증,R07,SSO·OAuth·기관 인증,page,정적 선언만 확인,,AST-R153,,로그아웃·상태 변경·인증/결제 결과 경로는 실행하지 않음,P11-T03,파일/계약 정적 대조; 이번 계획에서 실행 미검증,정상·오류·권한별 실제동작 재검증 필요; 구현 누락으로 단정하지 않음,"[""SsoProvider"", ""SsoState"", ""Account"", ""Session"", ""VirtualOrgMember"", ""Verification"", ""SsoLoginPolicy"", ""SsoSessionProof""]",로그인·연결 C/R/회수,api-ui-spec.md#r07,R07-T01,R07-T02,R07-T03,R07-T04,관리 security.write; 익명 callback의 일회성 state; 자기 계정연결,OAuth 시작·검증·연동·실패; 연결/해제 관리,state/nonce/PKCE·계정연결 재인증; callback재전송 거부,실제 DB 생성 ID/토큰; A/B회사·2서비스·허용/거부역할·활성/만료라이선스·빈/보유 상태,E2E-RR095,planned,False,False,False,로그인·연결 C/R/회수,"[{""method"": ""GET"", ""path"": ""/me/sso-accounts""}, {""method"": ""DELETE"", ""path"": ""/me/sso-accounts/{id}""}, {""method"": ""POST"", ""path"": ""/invitations/sso/options""}, {""method"": ""POST"", ""path"": ""/invitations/sso/start""}, {""method"": ""GET"", ""path"": ""/security/sso""}, {""method"": ""POST"", ""path"": ""/security/sso""}, {""method"": ""PATCH"", ""path"": ""/security/sso/{id}""}, {""method"": ""DELETE"", ""path"": ""/security/sso/{id}""}, {""method"": ""POST"", ""path"": ""/security/sso/{id}/preflight""}, {""method"": ""GET"", ""path"": ""/security/sso/{id}/directory""}, {""method"": ""POST"", ""path"": ""/security/sso/{id}/directory""}, {""method"": ""DELETE"", ""path"": ""/security/sso/{id}/directory/{memberId}""}, {""method"": ""POST"", ""path"": ""/auth/org/login""}, {""method"": ""POST"", ""path"": ""/auth/org/email-register""}, {""method"": ""GET"", ""path"": ""/auth/sso/{providerId}""}, {""method"": ""GET"", ""path"": ""/auth/sso/callback""}, {""method"": ""POST"", ""path"": ""/auth/sso/saml""}]",현재 OpenAPI에서 추출한 페이지 관련 후보; 실제 컴포넌트 호출 일치·누락 API는 R00/Rxx-T02에서 확정,"[""src/components/management/SsoProviders.tsx"", ""src/components/auth/AuthPages.tsx"", ""src/components/auth/SsoRecovery.tsx"", ""src/components/auth/SsoAccounts.tsx""]",../catchsecu-reverse-2026-10-09/route-coverage.json
RR096,/login/saeol,로그인·인증,R07,SSO·OAuth·기관 인증,page,정적 선언만 확인,,AST-R156,,모든 카테고리의 대표 화면을 조사했으며 이 경로의 정상 상태는 실행 미검증,P11-T04,"현재 가상디렉터리/이메일OTP 백엔드 실제 DB·HTTP 검증; 화면 구현/정적검토, Ego 실행 대기",브라우저 복구/레이아웃 수용 및 실제 외부 기관 연동 미검증. 원본 동등성 미확인.,"[""SsoProvider"", ""SsoState"", ""Account"", ""Session"", ""VirtualOrgMember"", ""Verification"", ""SsoLoginPolicy"", ""SsoSessionProof"", ""OrgEmailChallenge""]",기관 로그인/확인/계정 연결,api-ui-spec.md#r07,R07-T01,R07-T02,R07-T03,R07-T04,관리 security.write; 익명 callback의 일회성 state; 자기 계정연결,GPKI·새올 로그인·이메일 등록·기관별 실패,공식SDK/기관 식별자 확정; 실제test환경 검증; 미설정 성공금지,실제 DB 생성 ID/토큰; A/B회사·2서비스·허용/거부역할·활성/만료라이선스·빈/보유 상태,E2E-RR096,in_progress,True,False,False,기관 로그인/확인/계정 연결,"[{""method"": ""POST"", ""path"": ""/auth/org/login""}, {""method"": ""POST"", ""path"": ""/auth/org/email-register/challenge""}, {""method"": ""POST"", ""path"": ""/auth/org/email-register""}]",OrgLogin.tsx 실제 호출과 현재 계약 대조; 실제 HTTP16/재시작1 검증,"[""src/components/auth/AuthPages.tsx"", ""src/components/auth/OrgLogin.tsx""]",../catchsecu-reverse-2026-10-09/route-coverage.json
RR097,/login/saeol/callback,로그인·인증,R07,SSO·OAuth·기관 인증,page,정적 선언만 확인,,AST-R157,,로그아웃·상태 변경·인증/결제 결과 경로는 실행하지 않음,신규대조,파일/계약 정적 대조; 이번 계획에서 실행 미검증,최신 원본 경로에 존재; 기존 manifest 없음; 현재 기관 로그인은 가상디렉터리. 실제기관 callback 규격/어댑터 필요.,"[""SsoProvider"", ""SsoState"", ""Account"", ""Session"", ""VirtualOrgMember"", ""Verification"", ""SsoLoginPolicy"", ""SsoSessionProof""]",검증된 외부인증 callback 결과 처리·세션 생성; 일반 CRUD 없음,api-ui-spec.md#r07,R07-T01,R07-T02,R07-T03,R07-T04,관리 security.write; 익명 callback의 일회성 state; 자기 계정연결,최신 원본 경로에 존재; 기존 manifest 없음; 현재 기관 로그인은 가상디렉터리. 실제기관 callback 규격/어댑터 필요.,잘못된 issuer/audience/state·만료/재사용 assertion 거부; 별도 시험 IdP로 로그인·연결·해제; 기관2곳 tenant 분리; 가상기관 테스트와 실제기관 수신 증거를 분리.,실제 DB 생성 ID/토큰; A/B회사·2서비스·허용/거부역할·활성/만료라이선스·빈/보유 상태,E2E-RR097,planned,False,False,False,검증된 외부인증 callback 결과 처리·세션 생성; 일반 CRUD 없음,"[{""method"": ""GET"", ""path"": ""/me/sso-accounts""}, {""method"": ""DELETE"", ""path"": ""/me/sso-accounts/{id}""}, {""method"": ""POST"", ""path"": ""/invitations/sso/options""}, {""method"": ""POST"", ""path"": ""/invitations/sso/start""}, {""method"": ""GET"", ""path"": ""/security/sso""}, {""method"": ""POST"", ""path"": ""/security/sso""}, {""method"": ""PATCH"", ""path"": ""/security/sso/{id}""}, {""method"": ""DELETE"", ""path"": ""/security/sso/{id}""}, {""method"": ""POST"", ""path"": ""/security/sso/{id}/preflight""}, {""method"": ""GET"", ""path"": ""/security/sso/{id}/directory""}, {""method"": ""POST"", ""path"": ""/security/sso/{id}/directory""}, {""method"": ""DELETE"", ""path"": ""/security/sso/{id}/directory/{memberId}""}, {""method"": ""POST"", ""path"": ""/auth/org/login""}, {""method"": ""POST"", ""path"": ""/auth/org/email-register""}, {""method"": ""GET"", ""path"": ""/auth/sso/{providerId}""}, {""method"": ""GET"", ""path"": ""/auth/sso/callback""}, {""method"": ""POST"", ""path"": ""/auth/sso/saml""}]",현재 OpenAPI에서 추출한 페이지 관련 후보; 실제 컴포넌트 호출 일치·누락 API는 R00/Rxx-T02에서 확정,"[""src/components/management/SsoProviders.tsx"", ""src/components/auth/AuthPages.tsx"", ""src/components/auth/SsoRecovery.tsx"", ""src/components/auth/SsoAccounts.tsx""]",../catchsecu-reverse-2026-10-09/route-coverage.json
RR098,/login/saml,로그인·인증,R07,SSO·OAuth·기관 인증,page,정적 선언만 확인,,AST-R170,,모든 카테고리의 대표 화면을 조사했으며 이 경로의 정상 상태는 실행 미검증,P11-T03,파일/계약 정적 대조; 이번 계획에서 실행 미검증,정상·오류·권한별 실제동작 재검증 필요; 구현 누락으로 단정하지 않음,"[""SsoProvider"", ""SsoState"", ""Account"", ""Session"", ""VirtualOrgMember"", ""Verification"", ""SsoLoginPolicy"", ""SsoSessionProof""]",SSO 요청/검증/세션 생성,api-ui-spec.md#r07,R07-T01,R07-T02,R07-T03,R07-T04,관리 security.write; 익명 callback의 일회성 state; 자기 계정연결,SAML 회사 주소 입력·시작·검증 결과302·실패303 안내/재시작; 별도 polling 없이 세션 확인,테스트IdP 성공; 서명/audience/issuer/시간창·replay 거부,실제 DB 생성 ID/토큰; A/B회사·2서비스·허용/거부역할·활성/만료라이선스·빈/보유 상태,E2E-RR098,planned,False,False,False,SSO 요청/검증/세션 생성,"[{""method"": ""GET"", ""path"": ""/me/sso-accounts""}, {""method"": ""DELETE"", ""path"": ""/me/sso-accounts/{id}""}, {""method"": ""POST"", ""path"": ""/invitations/sso/options""}, {""method"": ""POST"", ""path"": ""/invitations/sso/start""}, {""method"": ""GET"", ""path"": ""/security/sso""}, {""method"": ""POST"", ""path"": ""/security/sso""}, {""method"": ""PATCH"", ""path"": ""/security/sso/{id}""}, {""method"": ""DELETE"", ""path"": ""/security/sso/{id}""}, {""method"": ""POST"", ""path"": ""/security/sso/{id}/preflight""}, {""method"": ""GET"", ""path"": ""/security/sso/{id}/directory""}, {""method"": ""POST"", ""path"": ""/security/sso/{id}/directory""}, {""method"": ""DELETE"", ""path"": ""/security/sso/{id}/directory/{memberId}""}, {""method"": ""POST"", ""path"": ""/auth/org/login""}, {""method"": ""POST"", ""path"": ""/auth/org/email-register""}, {""method"": ""GET"", ""path"": ""/auth/sso/{providerId}""}, {""method"": ""GET"", ""path"": ""/auth/sso/callback""}, {""method"": ""POST"", ""path"": ""/auth/sso/saml""}]",현재 OpenAPI에서 추출한 페이지 관련 후보; 실제 컴포넌트 호출 일치·누락 API는 R00/Rxx-T02에서 확정,"[""src/components/management/SsoProviders.tsx"", ""src/components/auth/AuthPages.tsx"", ""src/components/auth/SsoRecovery.tsx"", ""src/components/auth/SsoAccounts.tsx""]",../catchsecu-reverse-2026-10-09/route-coverage.json
RR099,/login/saml/fail,로그인·인증,R07,SSO·OAuth·기관 인증,page,정적 선언만 확인,,AST-R173,,로그아웃·상태 변경·인증/결제 결과 경로는 실행하지 않음,P11-T03,파일/계약 정적 대조; 이번 계획에서 실행 미검증,정상·오류·권한별 실제동작 재검증 필요; 구현 누락으로 단정하지 않음,"[""SsoProvider"", ""SsoState"", ""Account"", ""Session"", ""VirtualOrgMember"", ""Verification"", ""SsoLoginPolicy"", ""SsoSessionProof""]",SSO 요청/검증/세션 생성,api-ui-spec.md#r07,R07-T01,R07-T02,R07-T03,R07-T04,관리 security.write; 익명 callback의 일회성 state; 자기 계정연결,SAML 회사 주소 입력·시작·검증 결과302·실패303 안내/재시작; 별도 polling 없이 세션 확인,테스트IdP 성공; 서명/audience/issuer/시간창·replay 거부,실제 DB 생성 ID/토큰; A/B회사·2서비스·허용/거부역할·활성/만료라이선스·빈/보유 상태,E2E-RR099,planned,False,False,False,SSO 요청/검증/세션 생성,"[{""method"": ""GET"", ""path"": ""/me/sso-accounts""}, {""method"": ""DELETE"", ""path"": ""/me/sso-accounts/{id}""}, {""method"": ""POST"", ""path"": ""/invitations/sso/options""}, {""method"": ""POST"", ""path"": ""/invitations/sso/start""}, {""method"": ""GET"", ""path"": ""/security/sso""}, {""method"": ""POST"", ""path"": ""/security/sso""}, {""method"": ""PATCH"", ""path"": ""/security/sso/{id}""}, {""method"": ""DELETE"", ""path"": ""/security/sso/{id}""}, {""method"": ""POST"", ""path"": ""/security/sso/{id}/preflight""}, {""method"": ""GET"", ""path"": ""/security/sso/{id}/directory""}, {""method"": ""POST"", ""path"": ""/security/sso/{id}/directory""}, {""method"": ""DELETE"", ""path"": ""/security/sso/{id}/directory/{memberId}""}, {""method"": ""POST"", ""path"": ""/auth/org/login""}, {""method"": ""POST"", ""path"": ""/auth/org/email-register""}, {""method"": ""GET"", ""path"": ""/auth/sso/{providerId}""}, {""method"": ""GET"", ""path"": ""/auth/sso/callback""}, {""method"": ""POST"", ""path"": ""/auth/sso/saml""}]",현재 OpenAPI에서 추출한 페이지 관련 후보; 실제 컴포넌트 호출 일치·누락 API는 R00/Rxx-T02에서 확정,"[""src/components/management/SsoProviders.tsx"", ""src/components/auth/AuthPages.tsx"", ""src/components/auth/SsoRecovery.tsx"", ""src/components/auth/SsoAccounts.tsx""]",../catchsecu-reverse-2026-10-09/route-coverage.json
RR100,/login/saml/start,로그인·인증,R07,SSO·OAuth·기관 인증,page,정적 선언만 확인,,AST-R171,,모든 카테고리의 대표 화면을 조사했으며 이 경로의 정상 상태는 실행 미검증,P11-T03,파일/계약 정적 대조; 이번 계획에서 실행 미검증,정상·오류·권한별 실제동작 재검증 필요; 구현 누락으로 단정하지 않음,"[""SsoProvider"", ""SsoState"", ""Account"", ""Session"", ""VirtualOrgMember"", ""Verification"", ""SsoLoginPolicy"", ""SsoSessionProof""]",SSO 요청/검증/세션 생성,api-ui-spec.md#r07,R07-T01,R07-T02,R07-T03,R07-T04,관리 security.write; 익명 callback의 일회성 state; 자기 계정연결,SAML 회사 주소 입력·시작·검증 결과302·실패303 안내/재시작; 별도 polling 없이 세션 확인,테스트IdP 성공; 서명/audience/issuer/시간창·replay 거부,실제 DB 생성 ID/토큰; A/B회사·2서비스·허용/거부역할·활성/만료라이선스·빈/보유 상태,E2E-RR100,planned,False,False,False,SSO 요청/검증/세션 생성,"[{""method"": ""GET"", ""path"": ""/me/sso-accounts""}, {""method"": ""DELETE"", ""path"": ""/me/sso-accounts/{id}""}, {""method"": ""POST"", ""path"": ""/invitations/sso/options""}, {""method"": ""POST"", ""path"": ""/invitations/sso/start""}, {""method"": ""GET"", ""path"": ""/security/sso""}, {""method"": ""POST"", ""path"": ""/security/sso""}, {""method"": ""PATCH"", ""path"": ""/security/sso/{id}""}, {""method"": ""DELETE"", ""path"": ""/security/sso/{id}""}, {""method"": ""POST"", ""path"": ""/security/sso/{id}/preflight""}, {""method"": ""GET"", ""path"": ""/security/sso/{id}/directory""}, {""method"": ""POST"", ""path"": ""/security/sso/{id}/directory""}, {""method"": ""DELETE"", ""path"": ""/security/sso/{id}/directory/{memberId}""}, {""method"": ""POST"", ""path"": ""/auth/org/login""}, {""method"": ""POST"", ""path"": ""/auth/org/email-register""}, {""method"": ""GET"", ""path"": ""/auth/sso/{providerId}""}, {""method"": ""GET"", ""path"": ""/auth/sso/callback""}, {""method"": ""POST"", ""path"": ""/auth/sso/saml""}]",현재 OpenAPI에서 추출한 페이지 관련 후보; 실제 컴포넌트 호출 일치·누락 API는 R00/Rxx-T02에서 확정,"[""src/components/management/SsoProviders.tsx"", ""src/components/auth/AuthPages.tsx"", ""src/components/auth/SsoRecovery.tsx"", ""src/components/auth/SsoAccounts.tsx""]",../catchsecu-reverse-2026-10-09/route-coverage.json
RR101,/login/saml/verified,로그인·인증,R07,SSO·OAuth·기관 인증,page,정적 선언만 확인,,AST-R172,,로그아웃·상태 변경·인증/결제 결과 경로는 실행하지 않음,P11-T03,파일/계약 정적 대조; 이번 계획에서 실행 미검증,정상·오류·권한별 실제동작 재검증 필요; 구현 누락으로 단정하지 않음,"[""SsoProvider"", ""SsoState"", ""Account"", ""Session"", ""VirtualOrgMember"", ""Verification"", ""SsoLoginPolicy"", ""SsoSessionProof""]",SSO 요청/검증/세션 생성,api-ui-spec.md#r07,R07-T01,R07-T02,R07-T03,R07-T04,관리 security.write; 익명 callback의 일회성 state; 자기 계정연결,SAML 회사 주소 입력·시작·검증 결과302·실패303 안내/재시작; 별도 polling 없이 세션 확인,테스트IdP 성공; 서명/audience/issuer/시간창·replay 거부,실제 DB 생성 ID/토큰; A/B회사·2서비스·허용/거부역할·활성/만료라이선스·빈/보유 상태,E2E-RR101,planned,False,False,False,SSO 요청/검증/세션 생성,"[{""method"": ""GET"", ""path"": ""/me/sso-accounts""}, {""method"": ""DELETE"", ""path"": ""/me/sso-accounts/{id}""}, {""method"": ""POST"", ""path"": ""/invitations/sso/options""}, {""method"": ""POST"", ""path"": ""/invitations/sso/start""}, {""method"": ""GET"", ""path"": ""/security/sso""}, {""method"": ""POST"", ""path"": ""/security/sso""}, {""method"": ""PATCH"", ""path"": ""/security/sso/{id}""}, {""method"": ""DELETE"", ""path"": ""/security/sso/{id}""}, {""method"": ""POST"", ""path"": ""/security/sso/{id}/preflight""}, {""method"": ""GET"", ""path"": ""/security/sso/{id}/directory""}, {""method"": ""POST"", ""path"": ""/security/sso/{id}/directory""}, {""method"": ""DELETE"", ""path"": ""/security/sso/{id}/directory/{memberId}""}, {""method"": ""POST"", ""path"": ""/auth/org/login""}, {""method"": ""POST"", ""path"": ""/auth/org/email-register""}, {""method"": ""GET"", ""path"": ""/auth/sso/{providerId}""}, {""method"": ""GET"", ""path"": ""/auth/sso/callback""}, {""method"": ""POST"", ""path"": ""/auth/sso/saml""}]",현재 OpenAPI에서 추출한 페이지 관련 후보; 실제 컴포넌트 호출 일치·누락 API는 R00/Rxx-T02에서 확정,"[""src/components/management/SsoProviders.tsx"", ""src/components/auth/AuthPages.tsx"", ""src/components/auth/SsoRecovery.tsx"", ""src/components/auth/SsoAccounts.tsx""]",../catchsecu-reverse-2026-10-09/route-coverage.json
RR102,/logout,로그인·인증,R02,계정 인증·세션·복구,page,정적 선언만 확인,,"AST-R186,AST-R198",,로그아웃·상태 변경·인증/결제 결과 경로는 실행하지 않음,P02-T01,파일/계약 정적 대조; 이번 계획에서 실행 미검증,정상·오류·권한별 실제동작 재검증 필요; 구현 누락으로 단정하지 않음,"[""User"", ""Account"", ""Session"", ""Verification"", ""TwoFactor"", ""RateLimit"", ""PasswordHistory"", ""PasswordDeferral""]",세션 회수,api-ui-spec.md#r02,R02-T01,R02-T02,R02-T03,R02-T04,익명 challenge 또는 자기 계정; 회사 권한 이전에 인증 검증,로그아웃은 POST 후 로그인 화면; GET 진입은 확인/안전 처리,쿠키삭제+DB세션회수; 뒤로/원래token 재사용401,실제 DB 생성 ID/토큰; A/B회사·2서비스·허용/거부역할·활성/만료라이선스·빈/보유 상태,E2E-RR102,planned,False,False,False,세션 회수,"[{""method"": ""POST"", ""path"": ""/auth/sign-out""}]",현재 OpenAPI에서 추출한 페이지 관련 후보; 실제 컴포넌트 호출 일치·누락 API는 R00/Rxx-T02에서 확정,"[""src/components/auth/AuthPages.tsx"", ""src/components/auth/LiveAuth.tsx""]",../catchsecu-reverse-2026-10-09/route-coverage.json
RR103,/mail,이메일,R18,발신메일·이메일 발송·수신거부,page,정적 선언만 확인,,AST-R074,,모든 카테고리의 대표 화면을 조사했으며 이 경로의 정상 상태는 실행 미검증,P08-T01,파일/계약 정적 대조; 이번 계획에서 실행 미검증,정상·오류·권한별 실제동작 재검증 필요; 구현 누락으로 단정하지 않음,"[""Sender"", ""SenderVerification"", ""Campaign"", ""CampaignDelivery"", ""CampaignEvent"", ""MessageTemplate"", ""MessageTemplateRevision"", ""EmailFeedback"", ""EmailSuppression"", ""FileObject""]",R/등록화면이동,api-ui-spec.md#r18,R18-T01,R18-T02,R18-T03,R18-T04,sender.manage·message.send/manage; 구독취소 서명토큰,발신자없음·미인증 안내; 등록되면 작성화면,등록전차단·검증후작성허용; GET 라우트임의발송0,실제 DB 생성 ID/토큰; A/B회사·2서비스·허용/거부역할·활성/만료라이선스·빈/보유 상태,E2E-RR103,planned,False,False,False,R/등록화면이동,"[{""method"": ""GET"", ""path"": ""/senders""}, {""method"": ""POST"", ""path"": ""/senders""}, {""method"": ""GET"", ""path"": ""/senders/{id}""}, {""method"": ""PATCH"", ""path"": ""/senders/{id}""}, {""method"": ""DELETE"", ""path"": ""/senders/{id}""}, {""method"": ""POST"", ""path"": ""/senders/{id}/default""}, {""method"": ""POST"", ""path"": ""/senders/{id}/disable""}, {""method"": ""POST"", ""path"": ""/senders/{id}/renew""}, {""method"": ""POST"", ""path"": ""/senders/{id}/cleanup""}, {""method"": ""POST"", ""path"": ""/senders/{id}/request-email""}, {""method"": ""POST"", ""path"": ""/senders/{id}/confirm-email""}, {""method"": ""POST"", ""path"": ""/senders/{id}/dns""}, {""method"": ""POST"", ""path"": ""/senders/{id}/check""}, {""method"": ""POST"", ""path"": ""/senders/{id}/evidence""}, {""method"": ""POST"", ""path"": ""/senders/{id}/evidence/{fileId}/attach""}, {""method"": ""DELETE"", ""path"": ""/senders/{id}/evidence/{fileId}""}, {""method"": ""GET"", ""path"": ""/senders/{id}/evidence/{fileId}/download""}]",현재 OpenAPI에서 추출한 페이지 관련 후보; 실제 컴포넌트 호출 일치·누락 API는 R00/Rxx-T02에서 확정,"[""src/components/services/Senders.tsx"", ""src/components/services/Campaigns.tsx"", ""src/components/services/MessageContent.tsx"", ""src/components/services/EmailSuppressions.tsx"", ""src/components/services/EmailUnsubscribe.tsx"", ""src/components/services/CampaignFiles.tsx""]",../catchsecu-reverse-2026-10-09/route-coverage.json
RR104,/mail/catchform,이메일,R18,발신메일·이메일 발송·수신거부,page,유료 제한,LIVE-mail__catchform,AST-R075,"ROOT,USER",,P09-T01,파일/계약 정적 대조; 이번 계획에서 실행 미검증,정상·오류·권한별 실제동작 재검증 필요; 구현 누락으로 단정하지 않음,"[""Sender"", ""SenderVerification"", ""Campaign"", ""CampaignDelivery"", ""CampaignEvent"", ""MessageTemplate"", ""MessageTemplateRevision"", ""EmailFeedback"", ""EmailSuppression"", ""FileObject""]",초안 CRUD/전송/예약,api-ui-spec.md#r18,R18-T01,R18-T02,R18-T03,R18-T04,sender.manage·message.send/manage; 구독취소 서명토큰,폼대상/직접입력·첨부·메일작성·미리보기·전송,실제메일함 수신; XSS/잘못된주소/철회제외; 예약취소/단일수신자실패,실제 DB 생성 ID/토큰; A/B회사·2서비스·허용/거부역할·활성/만료라이선스·빈/보유 상태,E2E-RR104,planned,False,False,False,초안 CRUD/전송/예약,"[{""method"": ""GET"", ""path"": ""/senders""}, {""method"": ""POST"", ""path"": ""/senders""}, {""method"": ""GET"", ""path"": ""/senders/{id}""}, {""method"": ""PATCH"", ""path"": ""/senders/{id}""}, {""method"": ""DELETE"", ""path"": ""/senders/{id}""}, {""method"": ""GET"", ""path"": ""/campaigns""}, {""method"": ""POST"", ""path"": ""/campaigns""}, {""method"": ""GET"", ""path"": ""/campaigns/{id}""}, {""method"": ""PATCH"", ""path"": ""/campaigns/{id}""}, {""method"": ""DELETE"", ""path"": ""/campaigns/{id}""}, {""method"": ""GET"", ""path"": ""/message-templates""}, {""method"": ""POST"", ""path"": ""/message-templates""}, {""method"": ""GET"", ""path"": ""/message-templates/{id}""}, {""method"": ""PATCH"", ""path"": ""/message-templates/{id}""}, {""method"": ""DELETE"", ""path"": ""/message-templates/{id}""}, {""method"": ""POST"", ""path"": ""/senders/{id}/default""}, {""method"": ""POST"", ""path"": ""/senders/{id}/disable""}, {""method"": ""POST"", ""path"": ""/senders/{id}/renew""}, {""method"": ""POST"", ""path"": ""/senders/{id}/cleanup""}, {""method"": ""POST"", ""path"": ""/senders/{id}/request-email""}, {""method"": ""POST"", ""path"": ""/senders/{id}/confirm-email""}, {""method"": ""POST"", ""path"": ""/senders/{id}/dns""}, {""method"": ""POST"", ""path"": ""/senders/{id}/check""}, {""method"": ""POST"", ""path"": ""/senders/{id}/evidence""}, {""method"": ""POST"", ""path"": ""/senders/{id}/evidence/{fileId}/attach""}, {""method"": ""DELETE"", ""path"": ""/senders/{id}/evidence/{fileId}""}, {""method"": ""GET"", ""path"": ""/senders/{id}/evidence/{fileId}/download""}, {""method"": ""GET"", ""path"": ""/campaigns/sources""}, {""method"": ""GET"", ""path"": ""/campaigns/{id}/recipients""}, {""method"": ""POST"", ""path"": ""/campaigns/{id}/recipients""}, {""method"": ""GET"", ""path"": ""/campaigns/{id}/deliveries""}, {""method"": ""GET"", ""path"": ""/campaigns/{id}/export""}, {""method"": ""POST"", ""path"": ""/campaigns/{id}/preview""}, {""method"": ""POST"", ""path"": ""/campaigns/{id}/schedule""}, {""method"": ""POST"", ""path"": ""/campaigns/{id}/reschedule""}, {""method"": ""POST"", ""path"": ""/campaigns/{id}/cancel""}, {""method"": ""POST"", ""path"": ""/campaigns/{id}/archive""}, {""method"": ""POST"", ""path"": ""/campaigns/{id}/retry""}, {""method"": ""GET"", ""path"": ""/message-templates/{id}/revisions/{version}""}, {""method"": ""GET"", ""path"": ""/campaigns/{id}/files/{fileId}/download""}, {""method"": ""POST"", ""path"": ""/message-templates/{id}/archive""}, {""method"": ""POST"", ""path"": ""/message-templates/{id}/restore""}, {""method"": ""POST"", ""path"": ""/campaigns/{id}/apply-template""}, {""method"": ""POST"", ""path"": ""/campaigns/{id}/files""}, {""method"": ""POST"", ""path"": ""/campaigns/{id}/files/{fileId}/attach""}, {""method"": ""DELETE"", ""path"": ""/campaigns/{id}/files/{fileId}""}]",현재 OpenAPI에서 추출한 페이지 관련 후보; 실제 컴포넌트 호출 일치·누락 API는 R00/Rxx-T02에서 확정,"[""src/components/services/Senders.tsx"", ""src/components/services/Campaigns.tsx"", ""src/components/services/MessageContent.tsx"", ""src/components/services/EmailSuppressions.tsx"", ""src/components/services/EmailUnsubscribe.tsx"", ""src/components/services/CampaignFiles.tsx""]",../catchsecu-reverse-2026-10-09/route-coverage.json
RR105,/mail/direct,이메일,R18,발신메일·이메일 발송·수신거부,page,유료 제한,LIVE-mail__direct,AST-R076,"ROOT,USER",,P09-T01,파일/계약 정적 대조; 이번 계획에서 실행 미검증,정상·오류·권한별 실제동작 재검증 필요; 구현 누락으로 단정하지 않음,"[""Sender"", ""SenderVerification"", ""Campaign"", ""CampaignDelivery"", ""CampaignEvent"", ""MessageTemplate"", ""MessageTemplateRevision"", ""EmailFeedback"", ""EmailSuppression"", ""FileObject""]",초안 CRUD/전송/예약,api-ui-spec.md#r18,R18-T01,R18-T02,R18-T03,R18-T04,sender.manage·message.send/manage; 구독취소 서명토큰,폼대상/직접입력·첨부·메일작성·미리보기·전송,실제메일함 수신; XSS/잘못된주소/철회제외; 예약취소/단일수신자실패,실제 DB 생성 ID/토큰; A/B회사·2서비스·허용/거부역할·활성/만료라이선스·빈/보유 상태,E2E-RR105,planned,False,False,False,초안 CRUD/전송/예약,"[{""method"": ""GET"", ""path"": ""/senders""}, {""method"": ""POST"", ""path"": ""/senders""}, {""method"": ""GET"", ""path"": ""/senders/{id}""}, {""method"": ""PATCH"", ""path"": ""/senders/{id}""}, {""method"": ""DELETE"", ""path"": ""/senders/{id}""}, {""method"": ""GET"", ""path"": ""/campaigns""}, {""method"": ""POST"", ""path"": ""/campaigns""}, {""method"": ""GET"", ""path"": ""/campaigns/{id}""}, {""method"": ""PATCH"", ""path"": ""/campaigns/{id}""}, {""method"": ""DELETE"", ""path"": ""/campaigns/{id}""}, {""method"": ""GET"", ""path"": ""/message-templates""}, {""method"": ""POST"", ""path"": ""/message-templates""}, {""method"": ""GET"", ""path"": ""/message-templates/{id}""}, {""method"": ""PATCH"", ""path"": ""/message-templates/{id}""}, {""method"": ""DELETE"", ""path"": ""/message-templates/{id}""}, {""method"": ""POST"", ""path"": ""/senders/{id}/default""}, {""method"": ""POST"", ""path"": ""/senders/{id}/disable""}, {""method"": ""POST"", ""path"": ""/senders/{id}/renew""}, {""method"": ""POST"", ""path"": ""/senders/{id}/cleanup""}, {""method"": ""POST"", ""path"": ""/senders/{id}/request-email""}, {""method"": ""POST"", ""path"": ""/senders/{id}/confirm-email""}, {""method"": ""POST"", ""path"": ""/senders/{id}/dns""}, {""method"": ""POST"", ""path"": ""/senders/{id}/check""}, {""method"": ""POST"", ""path"": ""/senders/{id}/evidence""}, {""method"": ""POST"", ""path"": ""/senders/{id}/evidence/{fileId}/attach""}, {""method"": ""DELETE"", ""path"": ""/senders/{id}/evidence/{fileId}""}, {""method"": ""GET"", ""path"": ""/senders/{id}/evidence/{fileId}/download""}, {""method"": ""GET"", ""path"": ""/campaigns/sources""}, {""method"": ""GET"", ""path"": ""/campaigns/{id}/recipients""}, {""method"": ""POST"", ""path"": ""/campaigns/{id}/recipients""}, {""method"": ""GET"", ""path"": ""/campaigns/{id}/deliveries""}, {""method"": ""GET"", ""path"": ""/campaigns/{id}/export""}, {""method"": ""POST"", ""path"": ""/campaigns/{id}/preview""}, {""method"": ""POST"", ""path"": ""/campaigns/{id}/schedule""}, {""method"": ""POST"", ""path"": ""/campaigns/{id}/reschedule""}, {""method"": ""POST"", ""path"": ""/campaigns/{id}/cancel""}, {""method"": ""POST"", ""path"": ""/campaigns/{id}/archive""}, {""method"": ""POST"", ""path"": ""/campaigns/{id}/retry""}, {""method"": ""GET"", ""path"": ""/message-templates/{id}/revisions/{version}""}, {""method"": ""GET"", ""path"": ""/campaigns/{id}/files/{fileId}/download""}, {""method"": ""POST"", ""path"": ""/message-templates/{id}/archive""}, {""method"": ""POST"", ""path"": ""/message-templates/{id}/restore""}, {""method"": ""POST"", ""path"": ""/campaigns/{id}/apply-template""}, {""method"": ""POST"", ""path"": ""/campaigns/{id}/files""}, {""method"": ""POST"", ""path"": ""/campaigns/{id}/files/{fileId}/attach""}, {""method"": ""DELETE"", ""path"": ""/campaigns/{id}/files/{fileId}""}]",현재 OpenAPI에서 추출한 페이지 관련 후보; 실제 컴포넌트 호출 일치·누락 API는 R00/Rxx-T02에서 확정,"[""src/components/services/Senders.tsx"", ""src/components/services/Campaigns.tsx"", ""src/components/services/MessageContent.tsx"", ""src/components/services/EmailSuppressions.tsx"", ""src/components/services/EmailUnsubscribe.tsx"", ""src/components/services/CampaignFiles.tsx""]",../catchsecu-reverse-2026-10-09/route-coverage.json
RR106,/mail/history,이메일,R18,발신메일·이메일 발송·수신거부,page,화면 관찰 · 401 동반,LIVE-mail__history,AST-R078,"ROOT,USER",,P08-T04,파일/계약 정적 대조; 이번 계획에서 실행 미검증,정상·오류·권한별 실제동작 재검증 필요; 구현 누락으로 단정하지 않음,"[""Sender"", ""SenderVerification"", ""Campaign"", ""CampaignDelivery"", ""CampaignEvent"", ""MessageTemplate"", ""MessageTemplateRevision"", ""EmailFeedback"", ""EmailSuppression"", ""FileObject""]",R/취소/재시도/export,api-ui-spec.md#r18,R18-T01,R18-T02,R18-T03,R18-T04,sender.manage·message.send/manage; 구독취소 서명토큰,발송/예약 탭·기간필터·상세·수신자별결과,실제상태검색·예약취소·중복전송0·다른회사대상 접근거부,실제 DB 생성 ID/토큰; A/B회사·2서비스·허용/거부역할·활성/만료라이선스·빈/보유 상태,E2E-RR106,planned,False,False,False,R/취소/재시도/export,"[{""method"": ""GET"", ""path"": ""/senders""}, {""method"": ""POST"", ""path"": ""/senders""}, {""method"": ""GET"", ""path"": ""/senders/{id}""}, {""method"": ""PATCH"", ""path"": ""/senders/{id}""}, {""method"": ""DELETE"", ""path"": ""/senders/{id}""}, {""method"": ""GET"", ""path"": ""/campaigns""}, {""method"": ""POST"", ""path"": ""/campaigns""}, {""method"": ""GET"", ""path"": ""/campaigns/{id}""}, {""method"": ""PATCH"", ""path"": ""/campaigns/{id}""}, {""method"": ""DELETE"", ""path"": ""/campaigns/{id}""}, {""method"": ""GET"", ""path"": ""/message-templates""}, {""method"": ""POST"", ""path"": ""/message-templates""}, {""method"": ""GET"", ""path"": ""/message-templates/{id}""}, {""method"": ""PATCH"", ""path"": ""/message-templates/{id}""}, {""method"": ""DELETE"", ""path"": ""/message-templates/{id}""}, {""method"": ""POST"", ""path"": ""/senders/{id}/default""}, {""method"": ""POST"", ""path"": ""/senders/{id}/disable""}, {""method"": ""POST"", ""path"": ""/senders/{id}/renew""}, {""method"": ""POST"", ""path"": ""/senders/{id}/cleanup""}, {""method"": ""POST"", ""path"": ""/senders/{id}/request-email""}, {""method"": ""POST"", ""path"": ""/senders/{id}/confirm-email""}, {""method"": ""POST"", ""path"": ""/senders/{id}/dns""}, {""method"": ""POST"", ""path"": ""/senders/{id}/check""}, {""method"": ""POST"", ""path"": ""/senders/{id}/evidence""}, {""method"": ""POST"", ""path"": ""/senders/{id}/evidence/{fileId}/attach""}, {""method"": ""DELETE"", ""path"": ""/senders/{id}/evidence/{fileId}""}, {""method"": ""GET"", ""path"": ""/senders/{id}/evidence/{fileId}/download""}, {""method"": ""GET"", ""path"": ""/campaigns/sources""}, {""method"": ""GET"", ""path"": ""/campaigns/{id}/recipients""}, {""method"": ""POST"", ""path"": ""/campaigns/{id}/recipients""}, {""method"": ""GET"", ""path"": ""/campaigns/{id}/deliveries""}, {""method"": ""GET"", ""path"": ""/campaigns/{id}/export""}, {""method"": ""POST"", ""path"": ""/campaigns/{id}/preview""}, {""method"": ""POST"", ""path"": ""/campaigns/{id}/schedule""}, {""method"": ""POST"", ""path"": ""/campaigns/{id}/reschedule""}, {""method"": ""POST"", ""path"": ""/campaigns/{id}/cancel""}, {""method"": ""POST"", ""path"": ""/campaigns/{id}/archive""}, {""method"": ""POST"", ""path"": ""/campaigns/{id}/retry""}, {""method"": ""GET"", ""path"": ""/message-templates/{id}/revisions/{version}""}, {""method"": ""GET"", ""path"": ""/campaigns/{id}/files/{fileId}/download""}, {""method"": ""POST"", ""path"": ""/message-templates/{id}/archive""}, {""method"": ""POST"", ""path"": ""/message-templates/{id}/restore""}, {""method"": ""POST"", ""path"": ""/campaigns/{id}/apply-template""}, {""method"": ""POST"", ""path"": ""/campaigns/{id}/files""}, {""method"": ""POST"", ""path"": ""/campaigns/{id}/files/{fileId}/attach""}, {""method"": ""DELETE"", ""path"": ""/campaigns/{id}/files/{fileId}""}]",현재 OpenAPI에서 추출한 페이지 관련 후보; 실제 컴포넌트 호출 일치·누락 API는 R00/Rxx-T02에서 확정,"[""src/components/services/Senders.tsx"", ""src/components/services/Campaigns.tsx"", ""src/components/services/MessageContent.tsx"", ""src/components/services/EmailSuppressions.tsx"", ""src/components/services/EmailUnsubscribe.tsx"", ""src/components/services/CampaignFiles.tsx""]",../catchsecu-reverse-2026-10-09/route-coverage.json
RR107,/mail/no-mail,이메일,R18,발신메일·이메일 발송·수신거부,page,정적 선언만 확인,,AST-R079,,모든 카테고리의 대표 화면을 조사했으며 이 경로의 정상 상태는 실행 미검증,P08-T01,파일/계약 정적 대조; 이번 계획에서 실행 미검증,정상·오류·권한별 실제동작 재검증 필요; 구현 누락으로 단정하지 않음,"[""Sender"", ""SenderVerification"", ""Campaign"", ""CampaignDelivery"", ""CampaignEvent"", ""MessageTemplate"", ""MessageTemplateRevision"", ""EmailFeedback"", ""EmailSuppression"", ""FileObject""]",R/등록화면이동,api-ui-spec.md#r18,R18-T01,R18-T02,R18-T03,R18-T04,sender.manage·message.send/manage; 구독취소 서명토큰,발신자없음·미인증 안내; 등록되면 작성화면,등록전차단·검증후작성허용; GET 라우트임의발송0,실제 DB 생성 ID/토큰; A/B회사·2서비스·허용/거부역할·활성/만료라이선스·빈/보유 상태,E2E-RR107,planned,False,False,False,R/등록화면이동,"[{""method"": ""GET"", ""path"": ""/senders""}, {""method"": ""POST"", ""path"": ""/senders""}, {""method"": ""GET"", ""path"": ""/senders/{id}""}, {""method"": ""PATCH"", ""path"": ""/senders/{id}""}, {""method"": ""DELETE"", ""path"": ""/senders/{id}""}, {""method"": ""POST"", ""path"": ""/senders/{id}/default""}, {""method"": ""POST"", ""path"": ""/senders/{id}/disable""}, {""method"": ""POST"", ""path"": ""/senders/{id}/renew""}, {""method"": ""POST"", ""path"": ""/senders/{id}/cleanup""}, {""method"": ""POST"", ""path"": ""/senders/{id}/request-email""}, {""method"": ""POST"", ""path"": ""/senders/{id}/confirm-email""}, {""method"": ""POST"", ""path"": ""/senders/{id}/dns""}, {""method"": ""POST"", ""path"": ""/senders/{id}/check""}, {""method"": ""POST"", ""path"": ""/senders/{id}/evidence""}, {""method"": ""POST"", ""path"": ""/senders/{id}/evidence/{fileId}/attach""}, {""method"": ""DELETE"", ""path"": ""/senders/{id}/evidence/{fileId}""}, {""method"": ""GET"", ""path"": ""/senders/{id}/evidence/{fileId}/download""}]",현재 OpenAPI에서 추출한 페이지 관련 후보; 실제 컴포넌트 호출 일치·누락 API는 R00/Rxx-T02에서 확정,"[""src/components/services/Senders.tsx"", ""src/components/services/Campaigns.tsx"", ""src/components/services/MessageContent.tsx"", ""src/components/services/EmailSuppressions.tsx"", ""src/components/services/EmailUnsubscribe.tsx"", ""src/components/services/CampaignFiles.tsx""]",../catchsecu-reverse-2026-10-09/route-coverage.json
RR108,/mail/number,이메일,R18,발신메일·이메일 발송·수신거부,page,화면 관찰,LIVE-mail__number,AST-R077,"ROOT,USER",,P08-T01,파일/계약 정적 대조; 이번 계획에서 실행 미검증,정상·오류·권한별 실제동작 재검증 필요; 구현 누락으로 단정하지 않음,"[""Sender"", ""SenderVerification"", ""Campaign"", ""CampaignDelivery"", ""CampaignEvent"", ""MessageTemplate"", ""MessageTemplateRevision"", ""EmailFeedback"", ""EmailSuppression"", ""FileObject""]",CRUD/인증/재인증,api-ui-spec.md#r18,R18-T01,R18-T02,R18-T03,R18-T04,sender.manage·message.send/manage; 구독취소 서명토큰,발신주소·번호 등록/검색/증빙·검증상태·비활성,등록확인·만료·이미사용중삭제·2회사중복범위 검사,실제 DB 생성 ID/토큰; A/B회사·2서비스·허용/거부역할·활성/만료라이선스·빈/보유 상태,E2E-RR108,planned,False,False,False,CRUD/인증/재인증,"[{""method"": ""GET"", ""path"": ""/senders""}, {""method"": ""POST"", ""path"": ""/senders""}, {""method"": ""GET"", ""path"": ""/senders/{id}""}, {""method"": ""PATCH"", ""path"": ""/senders/{id}""}, {""method"": ""DELETE"", ""path"": ""/senders/{id}""}, {""method"": ""POST"", ""path"": ""/senders/{id}/default""}, {""method"": ""POST"", ""path"": ""/senders/{id}/disable""}, {""method"": ""POST"", ""path"": ""/senders/{id}/renew""}, {""method"": ""POST"", ""path"": ""/senders/{id}/cleanup""}, {""method"": ""POST"", ""path"": ""/senders/{id}/request-email""}, {""method"": ""POST"", ""path"": ""/senders/{id}/confirm-email""}, {""method"": ""POST"", ""path"": ""/senders/{id}/dns""}, {""method"": ""POST"", ""path"": ""/senders/{id}/check""}, {""method"": ""POST"", ""path"": ""/senders/{id}/evidence""}, {""method"": ""POST"", ""path"": ""/senders/{id}/evidence/{fileId}/attach""}, {""method"": ""DELETE"", ""path"": ""/senders/{id}/evidence/{fileId}""}, {""method"": ""GET"", ""path"": ""/senders/{id}/evidence/{fileId}/download""}]",현재 OpenAPI에서 추출한 페이지 관련 후보; 실제 컴포넌트 호출 일치·누락 API는 R00/Rxx-T02에서 확정,"[""src/components/services/Senders.tsx"", ""src/components/services/Campaigns.tsx"", ""src/components/services/MessageContent.tsx"", ""src/components/services/EmailSuppressions.tsx"", ""src/components/services/EmailUnsubscribe.tsx"", ""src/components/services/CampaignFiles.tsx""]",../catchsecu-reverse-2026-10-09/route-coverage.json
RR109,/marketing-detail,대시보드,R23,대시보드·통계·준수·월마감,page,화면 관찰,LIVE-marketing-detail,AST-R035,,,P12-T02,파일/계약 정적 대조; 이번 계획에서 실행 미검증,정상·오류·권한별 실제동작 재검증 필요; 구현 누락으로 단정하지 않음,"[""Submission"", ""MarketingPreference"", ""AuditEvent"", ""ComplianceClose"", ""ComplianceExportJob"", ""BillingMonthClose""]",집계 R/export; 원천업무로 갱신,api-ui-spec.md#r23,R23-T01,R23-T02,R23-T03,R23-T04,허용서비스 집계; audit/security·license별 마감권한,전체/서비스별 카드·통계·필터·서비스행·보고서,원천작성·철회·파기와 집계일치; serviceId변조거부; 기간경계/0건,실제 DB 생성 ID/토큰; A/B회사·2서비스·허용/거부역할·활성/만료라이선스·빈/보유 상태,E2E-RR109,planned,False,False,False,집계 R/export; 원천업무로 갱신,"[{""method"": ""GET"", ""path"": ""/analytics/marketing""}, {""method"": ""GET"", ""path"": ""/marketing/preferences""}, {""method"": ""POST"", ""path"": ""/marketing/preferences""}, {""method"": ""GET"", ""path"": ""/marketing/preferences/{id}""}, {""method"": ""PATCH"", ""path"": ""/marketing/preferences/{id}""}, {""method"": ""DELETE"", ""path"": ""/marketing/preferences/{id}""}, {""method"": ""POST"", ""path"": ""/marketing/preferences/withdrawals""}, {""method"": ""GET"", ""path"": ""/marketing/preferences/export""}, {""method"": ""GET"", ""path"": ""/marketing/summary""}]",현재 OpenAPI에서 추출한 페이지 관련 후보; 실제 컴포넌트 호출 일치·누락 API는 R00/Rxx-T02에서 확정,"[""src/components/Dashboard.tsx"", ""src/components/StatisticsPages.tsx"", ""src/components/forms/Marketing.tsx""]",../catchsecu-reverse-2026-10-09/route-coverage.json
RR110,/marketing-detail/:serviceId,대시보드,R23,대시보드·통계·준수·월마감,dynamic,정적 선언만 확인,,AST-R036,,실제 객체 ID·토큰·사용자 흐름이 필요함,P12-T02,파일/계약 정적 대조; 이번 계획에서 실행 미검증,정상·오류·권한별 실제동작 재검증 필요; 구현 누락으로 단정하지 않음,"[""Submission"", ""MarketingPreference"", ""AuditEvent"", ""ComplianceClose"", ""ComplianceExportJob"", ""BillingMonthClose""]",집계 R/export; 원천업무로 갱신,api-ui-spec.md#r23,R23-T01,R23-T02,R23-T03,R23-T04,허용서비스 집계; audit/security·license별 마감권한,전체/서비스별 카드·통계·필터·서비스행·보고서,원천작성·철회·파기와 집계일치; serviceId변조거부; 기간경계/0건,실제 DB 생성 ID/토큰; A/B회사·2서비스·허용/거부역할·활성/만료라이선스·빈/보유 상태,E2E-RR110,planned,False,False,False,집계 R/export; 원천업무로 갱신,"[{""method"": ""GET"", ""path"": ""/analytics/marketing""}, {""method"": ""GET"", ""path"": ""/marketing/preferences""}, {""method"": ""POST"", ""path"": ""/marketing/preferences""}, {""method"": ""GET"", ""path"": ""/marketing/preferences/{id}""}, {""method"": ""PATCH"", ""path"": ""/marketing/preferences/{id}""}, {""method"": ""DELETE"", ""path"": ""/marketing/preferences/{id}""}, {""method"": ""POST"", ""path"": ""/marketing/preferences/withdrawals""}, {""method"": ""GET"", ""path"": ""/marketing/preferences/export""}, {""method"": ""GET"", ""path"": ""/marketing/summary""}]",현재 OpenAPI에서 추출한 페이지 관련 후보; 실제 컴포넌트 호출 일치·누락 API는 R00/Rxx-T02에서 확정,"[""src/components/Dashboard.tsx"", ""src/components/StatisticsPages.tsx"", ""src/components/forms/Marketing.tsx""]",../catchsecu-reverse-2026-10-09/route-coverage.json
RR111,/my-page,마이페이지·공지,R05,MY·프로필·활동 검토·탈퇴,page,본문 미확인,LIVE-my-page,AST-R093,,,P03-T03,파일/계약 정적 대조; 이번 계획에서 실행 미검증,정상·오류·권한별 실제동작 재검증 필요; 구현 누락으로 단정하지 않음,"[""User"", ""AccountClosure"", ""Session"", ""Account"", ""ActivityReview"", ""ActivityReviewMessage""]",본인 R/U/탈퇴; C는가입,api-ui-spec.md#r05,R05-T01,R05-T02,R05-T03,R05-T04,자기 계정; 검토자는 security.write/audit.read 및 해당 서비스,프로필조회/편집·세션·연결계정·탈퇴·인계,기기재로그인반영; 이메일변경재확인; 마지막owner인계; 세션회수,실제 DB 생성 ID/토큰; A/B회사·2서비스·허용/거부역할·활성/만료라이선스·빈/보유 상태,E2E-RR111,planned,False,False,False,본인 R/U/탈퇴; C는가입,"[{""method"": ""GET"", ""path"": ""/me""}, {""method"": ""PATCH"", ""path"": ""/me""}, {""method"": ""GET"", ""path"": ""/me/sso-accounts""}, {""method"": ""DELETE"", ""path"": ""/me/sso-accounts/{id}""}, {""method"": ""GET"", ""path"": ""/me/sessions""}, {""method"": ""DELETE"", ""path"": ""/me/sessions/{id}""}, {""method"": ""GET"", ""path"": ""/me/closure""}, {""method"": ""POST"", ""path"": ""/me/closure""}, {""method"": ""GET"", ""path"": ""/me/audit-events""}, {""method"": ""GET"", ""path"": ""/me/audit-events/export""}, {""method"": ""GET"", ""path"": ""/me/password-policy""}, {""method"": ""POST"", ""path"": ""/me/password-policy""}]",현재 OpenAPI에서 추출한 페이지 관련 후보; 실제 컴포넌트 호출 일치·누락 API는 R00/Rxx-T02에서 확정,"[""src/components/management/live.tsx"", ""src/components/management/AccountClosure.tsx"", ""src/components/management/ActivityReviews.tsx"", ""src/components/auth/SsoAccounts.tsx""]",../catchsecu-reverse-2026-10-09/route-coverage.json
RR112,/my-page/activity-log,마이페이지·공지,R05,MY·프로필·활동 검토·탈퇴,page,화면 관찰,LIVE-my-page__activity-log,AST-R097,,,P12-T01,파일/계약 정적 대조; 이번 계획에서 실행 미검증,정상·오류·권한별 실제동작 재검증 필요; 구현 누락으로 단정하지 않음,"[""User"", ""AccountClosure"", ""Session"", ""Account"", ""ActivityReview"", ""ActivityReviewMessage""]",본인이력 R/export,api-ui-spec.md#r05,R05-T01,R05-T02,R05-T03,R05-T04,자기 계정; 검토자는 security.write/audit.read 및 해당 서비스,본인 활동·개인정보 활동 필터/상세,다른userId변조거부; 본인이력범위; 원문PII 미노출,실제 DB 생성 ID/토큰; A/B회사·2서비스·허용/거부역할·활성/만료라이선스·빈/보유 상태,E2E-RR112,planned,False,False,False,본인이력 R/export,"[{""method"": ""GET"", ""path"": ""/me/audit-events""}, {""method"": ""GET"", ""path"": ""/me/audit-events/export""}]",현재 OpenAPI에서 추출한 페이지 관련 후보; 실제 컴포넌트 호출 일치·누락 API는 R00/Rxx-T02에서 확정,"[""src/components/management/live.tsx"", ""src/components/management/AccountClosure.tsx"", ""src/components/management/ActivityReviews.tsx"", ""src/components/auth/SsoAccounts.tsx""]",../catchsecu-reverse-2026-10-09/route-coverage.json
RR113,/my-page/delete,마이페이지·공지,R05,MY·프로필·활동 검토·탈퇴,page,정적 선언만 확인,,AST-R096,,로그아웃·상태 변경·인증/결제 결과 경로는 실행하지 않음,P03-T03,파일/계약 정적 대조; 이번 계획에서 실행 미검증,정상·오류·권한별 실제동작 재검증 필요; 구현 누락으로 단정하지 않음,"[""User"", ""AccountClosure"", ""Session"", ""Account"", ""ActivityReview"", ""ActivityReviewMessage""]",본인 R/U/탈퇴; C는가입,api-ui-spec.md#r05,R05-T01,R05-T02,R05-T03,R05-T04,자기 계정; 검토자는 security.write/audit.read 및 해당 서비스,프로필조회/편집·세션·연결계정·탈퇴·인계,기기재로그인반영; 이메일변경재확인; 마지막owner인계; 세션회수,실제 DB 생성 ID/토큰; A/B회사·2서비스·허용/거부역할·활성/만료라이선스·빈/보유 상태,E2E-RR113,planned,False,False,False,본인 R/U/탈퇴; C는가입,"[{""method"": ""GET"", ""path"": ""/me/closure""}, {""method"": ""POST"", ""path"": ""/me/closure""}]",현재 OpenAPI에서 추출한 페이지 관련 후보; 실제 컴포넌트 호출 일치·누락 API는 R00/Rxx-T02에서 확정,"[""src/components/management/live.tsx"", ""src/components/management/AccountClosure.tsx"", ""src/components/management/ActivityReviews.tsx"", ""src/components/auth/SsoAccounts.tsx""]",../catchsecu-reverse-2026-10-09/route-coverage.json
RR114,/my-page/info,마이페이지·공지,R05,MY·프로필·활동 검토·탈퇴,page,화면 관찰 · 403 동반,LIVE-my-page__info,AST-R094,,,P03-T03,파일/계약 정적 대조; 이번 계획에서 실행 미검증,정상·오류·권한별 실제동작 재검증 필요; 구현 누락으로 단정하지 않음,"[""User"", ""AccountClosure"", ""Session"", ""Account"", ""ActivityReview"", ""ActivityReviewMessage""]",본인 R/U/탈퇴; C는가입,api-ui-spec.md#r05,R05-T01,R05-T02,R05-T03,R05-T04,자기 계정; 검토자는 security.write/audit.read 및 해당 서비스,프로필조회/편집·세션·연결계정·탈퇴·인계,기기재로그인반영; 이메일변경재확인; 마지막owner인계; 세션회수,실제 DB 생성 ID/토큰; A/B회사·2서비스·허용/거부역할·활성/만료라이선스·빈/보유 상태,E2E-RR114,planned,False,False,False,본인 R/U/탈퇴; C는가입,"[{""method"": ""GET"", ""path"": ""/me""}, {""method"": ""PATCH"", ""path"": ""/me""}, {""method"": ""GET"", ""path"": ""/me/sso-accounts""}, {""method"": ""DELETE"", ""path"": ""/me/sso-accounts/{id}""}, {""method"": ""GET"", ""path"": ""/me/sessions""}, {""method"": ""DELETE"", ""path"": ""/me/sessions/{id}""}, {""method"": ""GET"", ""path"": ""/me/closure""}, {""method"": ""POST"", ""path"": ""/me/closure""}, {""method"": ""GET"", ""path"": ""/me/audit-events""}, {""method"": ""GET"", ""path"": ""/me/audit-events/export""}, {""method"": ""GET"", ""path"": ""/me/password-policy""}, {""method"": ""POST"", ""path"": ""/me/password-policy""}]",현재 OpenAPI에서 추출한 페이지 관련 후보; 실제 컴포넌트 호출 일치·누락 API는 R00/Rxx-T02에서 확정,"[""src/components/management/live.tsx"", ""src/components/management/AccountClosure.tsx"", ""src/components/management/ActivityReviews.tsx"", ""src/components/auth/SsoAccounts.tsx""]",../catchsecu-reverse-2026-10-09/route-coverage.json
RR115,/my-page/info-activity-log,마이페이지·공지,R05,MY·프로필·활동 검토·탈퇴,page,화면 관찰 · 403 동반,LIVE-my-page__info-activity-log,AST-R098,,,P12-T01,파일/계약 정적 대조; 이번 계획에서 실행 미검증,정상·오류·권한별 실제동작 재검증 필요; 구현 누락으로 단정하지 않음,"[""User"", ""AccountClosure"", ""Session"", ""Account"", ""ActivityReview"", ""ActivityReviewMessage""]",본인이력 R/export,api-ui-spec.md#r05,R05-T01,R05-T02,R05-T03,R05-T04,자기 계정; 검토자는 security.write/audit.read 및 해당 서비스,본인 활동·개인정보 활동 필터/상세,다른userId변조거부; 본인이력범위; 원문PII 미노출,실제 DB 생성 ID/토큰; A/B회사·2서비스·허용/거부역할·활성/만료라이선스·빈/보유 상태,E2E-RR115,planned,False,False,False,본인이력 R/export,"[{""method"": ""GET"", ""path"": ""/activity-reviews""}, {""method"": ""POST"", ""path"": ""/activity-reviews""}, {""method"": ""GET"", ""path"": ""/activity-reviews/{id}""}, {""method"": ""POST"", ""path"": ""/activity-reviews/{id}/actions""}, {""method"": ""POST"", ""path"": ""/activity-reviews/{id}/notifications""}, {""method"": ""POST"", ""path"": ""/activity-reviews/{id}/destruction""}]",현재 OpenAPI에서 추출한 페이지 관련 후보; 실제 컴포넌트 호출 일치·누락 API는 R00/Rxx-T02에서 확정,"[""src/components/management/live.tsx"", ""src/components/management/AccountClosure.tsx"", ""src/components/management/ActivityReviews.tsx"", ""src/components/auth/SsoAccounts.tsx""]",../catchsecu-reverse-2026-10-09/route-coverage.json
RR116,/my-page/info/edit,마이페이지·공지,R05,MY·프로필·활동 검토·탈퇴,page,정적 선언만 확인,,AST-R095,,모든 카테고리의 대표 화면을 조사했으며 이 경로의 정상 상태는 실행 미검증,P03-T03,파일/계약 정적 대조; 이번 계획에서 실행 미검증,정상·오류·권한별 실제동작 재검증 필요; 구현 누락으로 단정하지 않음,"[""User"", ""AccountClosure"", ""Session"", ""Account"", ""ActivityReview"", ""ActivityReviewMessage""]",본인 R/U/탈퇴; C는가입,api-ui-spec.md#r05,R05-T01,R05-T02,R05-T03,R05-T04,자기 계정; 검토자는 security.write/audit.read 및 해당 서비스,프로필조회/편집·세션·연결계정·탈퇴·인계,기기재로그인반영; 이메일변경재확인; 마지막owner인계; 세션회수,실제 DB 생성 ID/토큰; A/B회사·2서비스·허용/거부역할·활성/만료라이선스·빈/보유 상태,E2E-RR116,planned,False,False,False,본인 R/U/탈퇴; C는가입,"[{""method"": ""GET"", ""path"": ""/me""}, {""method"": ""PATCH"", ""path"": ""/me""}, {""method"": ""GET"", ""path"": ""/me/sso-accounts""}, {""method"": ""DELETE"", ""path"": ""/me/sso-accounts/{id}""}, {""method"": ""GET"", ""path"": ""/me/sessions""}, {""method"": ""DELETE"", ""path"": ""/me/sessions/{id}""}, {""method"": ""GET"", ""path"": ""/me/closure""}, {""method"": ""POST"", ""path"": ""/me/closure""}, {""method"": ""GET"", ""path"": ""/me/audit-events""}, {""method"": ""GET"", ""path"": ""/me/audit-events/export""}, {""method"": ""GET"", ""path"": ""/me/password-policy""}, {""method"": ""POST"", ""path"": ""/me/password-policy""}]",현재 OpenAPI에서 추출한 페이지 관련 후보; 실제 컴포넌트 호출 일치·누락 API는 R00/Rxx-T02에서 확정,"[""src/components/management/live.tsx"", ""src/components/management/AccountClosure.tsx"", ""src/components/management/ActivityReviews.tsx"", ""src/components/auth/SsoAccounts.tsx""]",../catchsecu-reverse-2026-10-09/route-coverage.json
RR117,/not-allow-ip,로그인·인증,R02,계정 인증·세션·복구,page,정적 선언만 확인,,AST-R025,,모든 카테고리의 대표 화면을 조사했으며 이 경로의 정상 상태는 실행 미검증,P02-T04,파일/계약 정적 대조; 이번 계획에서 실행 미검증,정상·오류·권한별 실제동작 재검증 필요; 구현 누락으로 단정하지 않음,"[""User"", ""Account"", ""Session"", ""Verification"", ""TwoFactor"", ""RateLimit"", ""PasswordHistory"", ""PasswordDeferral""]",R,api-ui-spec.md#r02,R02-T01,R02-T02,R02-T03,R02-T04,익명 challenge 또는 자기 계정; 회사 권한 이전에 인증 검증,IP 제한·로그인 실패·다시 시도; 오류코드 안전 표시,다른 attempt 정보 미노출; 제한우회 불가; 원인정책 추적,실제 DB 생성 ID/토큰; A/B회사·2서비스·허용/거부역할·활성/만료라이선스·빈/보유 상태,E2E-RR117,planned,False,False,False,R,"[{""method"": ""GET"", ""path"": ""/context""}, {""method"": ""POST"", ""path"": ""/context""}]",현재 OpenAPI에서 추출한 페이지 관련 후보; 실제 컴포넌트 호출 일치·누락 API는 R00/Rxx-T02에서 확정,"[""src/components/auth/AuthPages.tsx"", ""src/components/auth/LiveAuth.tsx""]",../catchsecu-reverse-2026-10-09/route-coverage.json
RR118,/notice,마이페이지·공지,R24,공지·도움말·문의·공통 경로,page,화면 관찰,LIVE-notice,AST-R099,,,P13-T01,파일/계약 정적 대조; 이번 계획에서 실행 미검증,정상·오류·권한별 실제동작 재검증 필요; 구현 누락으로 단정하지 않음,"[""Notice"", ""NoticeAttachment"", ""Guide"", ""SupportTicket"", ""AccessRequest""]",사용자 R; 운영자 CRUD/게시,api-ui-spec.md#r24,R24-T01,R24-T02,R24-T03,R24-T04,platformAdmin; 게시문서공개정책; 자기문의 및 지원담당,목록·검색·상세·페이지; 운영자 작성/편집/미리보기/보관,작성→게시→다른 계정 조회→수정→보관; 임의 ID404; HTML sanitize,실제 DB 생성 ID/토큰; A/B회사·2서비스·허용/거부역할·활성/만료라이선스·빈/보유 상태,E2E-RR118,planned,False,False,False,사용자 R; 운영자 CRUD/게시,"[{""method"": ""GET"", ""path"": ""/notices""}, {""method"": ""POST"", ""path"": ""/notices""}, {""method"": ""GET"", ""path"": ""/notices/{id}""}, {""method"": ""PATCH"", ""path"": ""/notices/{id}""}, {""method"": ""DELETE"", ""path"": ""/notices/{id}""}, {""method"": ""GET"", ""path"": ""/notices/{id}/attachments/{attachmentId}""}, {""method"": ""PUT"", ""path"": ""/notices/{id}/attachments/{attachmentId}""}, {""method"": ""DELETE"", ""path"": ""/notices/{id}/attachments/{attachmentId}""}]",현재 OpenAPI에서 추출한 페이지 관련 후보; 실제 컴포넌트 호출 일치·누락 API는 R00/Rxx-T02에서 확정,"[""src/components/NoticePages.tsx"", ""src/components/GuidePages.tsx"", ""src/components/SupportPages.tsx"", ""src/components/LoadingTransition.tsx"", ""src/components/AccessDeniedPage.tsx"", ""src/components/AppShell.tsx"", ""src/components/CloneApp.tsx""]",../catchsecu-reverse-2026-10-09/route-coverage.json
RR119,/notice/:admNotiId,마이페이지·공지,R24,공지·도움말·문의·공통 경로,dynamic,정적 선언만 확인,,AST-R100,,실제 객체 ID·토큰·사용자 흐름이 필요함,P13-T01,파일/계약 정적 대조; 이번 계획에서 실행 미검증,정상·오류·권한별 실제동작 재검증 필요; 구현 누락으로 단정하지 않음,"[""Notice"", ""NoticeAttachment"", ""Guide"", ""SupportTicket"", ""AccessRequest""]",사용자 R; 운영자 CRUD/게시,api-ui-spec.md#r24,R24-T01,R24-T02,R24-T03,R24-T04,platformAdmin; 게시문서공개정책; 자기문의 및 지원담당,목록·검색·상세·페이지; 운영자 작성/편집/미리보기/보관,작성→게시→다른 계정 조회→수정→보관; 임의 ID404; HTML sanitize,실제 DB 생성 ID/토큰; A/B회사·2서비스·허용/거부역할·활성/만료라이선스·빈/보유 상태,E2E-RR119,planned,False,False,False,사용자 R; 운영자 CRUD/게시,"[{""method"": ""GET"", ""path"": ""/notices""}, {""method"": ""POST"", ""path"": ""/notices""}, {""method"": ""GET"", ""path"": ""/notices/{id}""}, {""method"": ""PATCH"", ""path"": ""/notices/{id}""}, {""method"": ""DELETE"", ""path"": ""/notices/{id}""}, {""method"": ""GET"", ""path"": ""/notices/{id}/attachments/{attachmentId}""}, {""method"": ""PUT"", ""path"": ""/notices/{id}/attachments/{attachmentId}""}, {""method"": ""DELETE"", ""path"": ""/notices/{id}/attachments/{attachmentId}""}]",현재 OpenAPI에서 추출한 페이지 관련 후보; 실제 컴포넌트 호출 일치·누락 API는 R00/Rxx-T02에서 확정,"[""src/components/NoticePages.tsx"", ""src/components/GuidePages.tsx"", ""src/components/SupportPages.tsx"", ""src/components/LoadingTransition.tsx"", ""src/components/AccessDeniedPage.tsx"", ""src/components/AppShell.tsx"", ""src/components/CloneApp.tsx""]",../catchsecu-reverse-2026-10-09/route-coverage.json
RR120,/oauth2/fail,로그인·인증,R07,SSO·OAuth·기관 인증,page,정적 선언만 확인,,"AST-R163,AST-R164",,로그아웃·상태 변경·인증/결제 결과 경로는 실행하지 않음,P11-T03,파일/계약 정적 대조; 이번 계획에서 실행 미검증,정상·오류·권한별 실제동작 재검증 필요; 구현 누락으로 단정하지 않음,"[""SsoProvider"", ""SsoState"", ""Account"", ""Session"", ""VirtualOrgMember"", ""Verification"", ""SsoLoginPolicy"", ""SsoSessionProof""]",로그인·연결 C/R/회수,api-ui-spec.md#r07,R07-T01,R07-T02,R07-T03,R07-T04,관리 security.write; 익명 callback의 일회성 state; 자기 계정연결,OAuth 시작·검증·연동·실패; 연결/해제 관리,state/nonce/PKCE·계정연결 재인증; callback재전송 거부,실제 DB 생성 ID/토큰; A/B회사·2서비스·허용/거부역할·활성/만료라이선스·빈/보유 상태,E2E-RR120,planned,False,False,False,로그인·연결 C/R/회수,"[{""method"": ""GET"", ""path"": ""/me/sso-accounts""}, {""method"": ""DELETE"", ""path"": ""/me/sso-accounts/{id}""}, {""method"": ""POST"", ""path"": ""/invitations/sso/options""}, {""method"": ""POST"", ""path"": ""/invitations/sso/start""}, {""method"": ""GET"", ""path"": ""/security/sso""}, {""method"": ""POST"", ""path"": ""/security/sso""}, {""method"": ""PATCH"", ""path"": ""/security/sso/{id}""}, {""method"": ""DELETE"", ""path"": ""/security/sso/{id}""}, {""method"": ""POST"", ""path"": ""/security/sso/{id}/preflight""}, {""method"": ""GET"", ""path"": ""/security/sso/{id}/directory""}, {""method"": ""POST"", ""path"": ""/security/sso/{id}/directory""}, {""method"": ""DELETE"", ""path"": ""/security/sso/{id}/directory/{memberId}""}, {""method"": ""POST"", ""path"": ""/auth/org/login""}, {""method"": ""POST"", ""path"": ""/auth/org/email-register""}, {""method"": ""GET"", ""path"": ""/auth/sso/{providerId}""}, {""method"": ""GET"", ""path"": ""/auth/sso/callback""}, {""method"": ""POST"", ""path"": ""/auth/sso/saml""}]",현재 OpenAPI에서 추출한 페이지 관련 후보; 실제 컴포넌트 호출 일치·누락 API는 R00/Rxx-T02에서 확정,"[""src/components/management/SsoProviders.tsx"", ""src/components/auth/AuthPages.tsx"", ""src/components/auth/SsoRecovery.tsx"", ""src/components/auth/SsoAccounts.tsx""]",../catchsecu-reverse-2026-10-09/route-coverage.json
RR121,/oauth2/invite/signup,로그인·인증,R04,구성원·초대·권한·전문가,page,정적 선언만 확인,,AST-R166,,모든 카테고리의 대표 화면을 조사했으며 이 경로의 정상 상태는 실행 미검증,P02-T04,파일/계약 정적 대조; 이번 계획에서 실행 미검증,정상·오류·권한별 실제동작 재검증 필요; 구현 누락으로 단정하지 않음,"[""Membership"", ""ServiceGrant"", ""Invitation"", ""AccessRequest"", ""ExpertAssignment"", ""ExpertAssignmentService""]",계정/소속 C,api-ui-spec.md#r04,R04-T01,R04-T02,R04-T03,R04-T04,"member.manage, company.manage, platformAdmin; 원본 ROOT 등과 로컬 역할은 별도 매핑",토큰 기반 회사 공급자 선택·SSO 초대가입; 기존 계정은 로그인 후 이메일 초대 수락·명시적 연결,중복이메일·초대만료·이메일일치·외부신원검증; 회사 자동승격 금지,실제 DB 생성 ID/토큰; A/B회사·2서비스·허용/거부역할·활성/만료라이선스·빈/보유 상태,E2E-RR121,planned,False,False,False,계정/소속 C,"[{""method"": ""POST"", ""path"": ""/invitations/preview""}, {""method"": ""POST"", ""path"": ""/invitations/accept""}, {""method"": ""POST"", ""path"": ""/invitations/sso/options""}, {""method"": ""POST"", ""path"": ""/invitations/sso/start""}]",현재 OpenAPI에서 추출한 페이지 관련 후보; 실제 컴포넌트 호출 일치·누락 API는 R00/Rxx-T02에서 확정,"[""src/components/management/members.tsx"", ""src/components/auth/InvitationAccept.tsx"", ""src/components/ExpertSelectPage.tsx"", ""src/components/ExpertAssignmentsAdmin.tsx""]",../catchsecu-reverse-2026-10-09/route-coverage.json
RR122,/oauth2/signup,로그인·인증,R07,SSO·OAuth·기관 인증,page,정적 선언만 확인,,AST-R165,,모든 카테고리의 대표 화면을 조사했으며 이 경로의 정상 상태는 실행 미검증,P02-T04,파일/계약 정적 대조; 이번 계획에서 실행 미검증,정상·오류·권한별 실제동작 재검증 필요; 구현 누락으로 단정하지 않음,"[""SsoProvider"", ""SsoState"", ""Account"", ""Session"", ""VirtualOrgMember"", ""Verification"", ""SsoLoginPolicy"", ""SsoSessionProof""]",계정/소속 C,api-ui-spec.md#r07,R07-T01,R07-T02,R07-T03,R07-T04,관리 security.write; 익명 callback의 일회성 state; 자기 계정연결,일반가입·외부인증 후 가입·초대가입,중복이메일·초대만료·이메일일치·외부신원검증; 회사 자동승격 금지,실제 DB 생성 ID/토큰; A/B회사·2서비스·허용/거부역할·활성/만료라이선스·빈/보유 상태,E2E-RR122,planned,False,False,False,계정/소속 C,"[{""method"": ""GET"", ""path"": ""/me/sso-accounts""}, {""method"": ""DELETE"", ""path"": ""/me/sso-accounts/{id}""}, {""method"": ""POST"", ""path"": ""/invitations/sso/options""}, {""method"": ""POST"", ""path"": ""/invitations/sso/start""}, {""method"": ""GET"", ""path"": ""/security/sso""}, {""method"": ""POST"", ""path"": ""/security/sso""}, {""method"": ""PATCH"", ""path"": ""/security/sso/{id}""}, {""method"": ""DELETE"", ""path"": ""/security/sso/{id}""}, {""method"": ""POST"", ""path"": ""/security/sso/{id}/preflight""}, {""method"": ""GET"", ""path"": ""/security/sso/{id}/directory""}, {""method"": ""POST"", ""path"": ""/security/sso/{id}/directory""}, {""method"": ""DELETE"", ""path"": ""/security/sso/{id}/directory/{memberId}""}, {""method"": ""POST"", ""path"": ""/auth/org/login""}, {""method"": ""POST"", ""path"": ""/auth/org/email-register""}, {""method"": ""GET"", ""path"": ""/auth/sso/{providerId}""}, {""method"": ""GET"", ""path"": ""/auth/sso/callback""}, {""method"": ""POST"", ""path"": ""/auth/sso/saml""}]",현재 OpenAPI에서 추출한 페이지 관련 후보; 실제 컴포넌트 호출 일치·누락 API는 R00/Rxx-T02에서 확정,"[""src/components/management/SsoProviders.tsx"", ""src/components/auth/AuthPages.tsx"", ""src/components/auth/SsoRecovery.tsx"", ""src/components/auth/SsoAccounts.tsx""]",../catchsecu-reverse-2026-10-09/route-coverage.json
RR123,/password-change-email,로그인·인증,R02,계정 인증·세션·복구,page,정적 선언만 확인,,AST-R016,,모든 카테고리의 대표 화면을 조사했으며 이 경로의 정상 상태는 실행 미검증,P02-T02,파일/계약 정적 대조; 이번 계획에서 실행 미검증,정상·오류·권한별 실제동작 재검증 필요; 구현 누락으로 단정하지 않음,"[""User"", ""Account"", ""Session"", ""Verification"", ""TwoFactor"", ""RateLimit"", ""PasswordHistory"", ""PasswordDeferral""]",요청 C/암호 변경 U,api-ui-spec.md#r02,R02-T01,R02-T02,R02-T03,R02-T04,익명 challenge 또는 자기 계정; 회사 권한 이전에 인증 검증,복구메일 요청·완료·암호규칙·새비밀번호,항상동일 요청응답; expired/consumed token거부; 이전세션폐기,실제 DB 생성 ID/토큰; A/B회사·2서비스·허용/거부역할·활성/만료라이선스·빈/보유 상태,E2E-RR123,planned,False,False,False,요청 C/암호 변경 U,"[{""method"": ""POST"", ""path"": ""/auth/request-password-reset""}]",현재 OpenAPI에서 추출한 페이지 관련 후보; 실제 컴포넌트 호출 일치·누락 API는 R00/Rxx-T02에서 확정,"[""src/components/auth/AuthPages.tsx"", ""src/components/auth/LiveAuth.tsx""]",../catchsecu-reverse-2026-10-09/route-coverage.json
RR124,/password-change-email/complete,로그인·인증,R02,계정 인증·세션·복구,page,정적 선언만 확인,,AST-R018,,모든 카테고리의 대표 화면을 조사했으며 이 경로의 정상 상태는 실행 미검증,P02-T02,파일/계약 정적 대조; 이번 계획에서 실행 미검증,정상·오류·권한별 실제동작 재검증 필요; 구현 누락으로 단정하지 않음,"[""User"", ""Account"", ""Session"", ""Verification"", ""TwoFactor"", ""RateLimit"", ""PasswordHistory"", ""PasswordDeferral""]",요청 C/암호 변경 U,api-ui-spec.md#r02,R02-T01,R02-T02,R02-T03,R02-T04,익명 challenge 또는 자기 계정; 회사 권한 이전에 인증 검증,복구메일 요청·완료·암호규칙·새비밀번호,항상동일 요청응답; expired/consumed token거부; 이전세션폐기,실제 DB 생성 ID/토큰; A/B회사·2서비스·허용/거부역할·활성/만료라이선스·빈/보유 상태,E2E-RR124,planned,False,False,False,요청 C/암호 변경 U,[],현재 OpenAPI에서 추출한 페이지 관련 후보; 실제 컴포넌트 호출 일치·누락 API는 R00/Rxx-T02에서 확정,"[""src/components/auth/AuthPages.tsx"", ""src/components/auth/LiveAuth.tsx""]",../catchsecu-reverse-2026-10-09/route-coverage.json
RR125,/password-change-rule,로그인·인증,R02,계정 인증·세션·복구,page,정적 선언만 확인,,AST-R019,,모든 카테고리의 대표 화면을 조사했으며 이 경로의 정상 상태는 실행 미검증,P02-T02,파일/계약 정적 대조; 이번 계획에서 실행 미검증,정상·오류·권한별 실제동작 재검증 필요; 구현 누락으로 단정하지 않음,"[""User"", ""Account"", ""Session"", ""Verification"", ""TwoFactor"", ""RateLimit"", ""PasswordHistory"", ""PasswordDeferral""]",요청 C/암호 변경 U,api-ui-spec.md#r02,R02-T01,R02-T02,R02-T03,R02-T04,익명 challenge 또는 자기 계정; 회사 권한 이전에 인증 검증,복구메일 요청·완료·암호규칙·새비밀번호,항상동일 요청응답; expired/consumed token거부; 이전세션폐기,실제 DB 생성 ID/토큰; A/B회사·2서비스·허용/거부역할·활성/만료라이선스·빈/보유 상태,E2E-RR125,planned,False,False,False,요청 C/암호 변경 U,"[{""method"": ""POST"", ""path"": ""/auth/change-password""}, {""method"": ""GET"", ""path"": ""/me/password-policy""}, {""method"": ""POST"", ""path"": ""/me/password-policy""}]",현재 OpenAPI에서 추출한 페이지 관련 후보; 실제 컴포넌트 호출 일치·누락 API는 R00/Rxx-T02에서 확정,"[""src/components/auth/AuthPages.tsx"", ""src/components/auth/LiveAuth.tsx""]",../catchsecu-reverse-2026-10-09/route-coverage.json
RR126,/passwordChange,로그인·인증,R02,계정 인증·세션·복구,page,정적 선언만 확인,,AST-R017,,모든 카테고리의 대표 화면을 조사했으며 이 경로의 정상 상태는 실행 미검증,P02-T02,파일/계약 정적 대조; 이번 계획에서 실행 미검증,정상·오류·권한별 실제동작 재검증 필요; 구현 누락으로 단정하지 않음,"[""User"", ""Account"", ""Session"", ""Verification"", ""TwoFactor"", ""RateLimit"", ""PasswordHistory"", ""PasswordDeferral""]",요청 C/암호 변경 U,api-ui-spec.md#r02,R02-T01,R02-T02,R02-T03,R02-T04,익명 challenge 또는 자기 계정; 회사 권한 이전에 인증 검증,복구메일 요청·완료·암호규칙·새비밀번호,항상동일 요청응답; expired/consumed token거부; 이전세션폐기,실제 DB 생성 ID/토큰; A/B회사·2서비스·허용/거부역할·활성/만료라이선스·빈/보유 상태,E2E-RR126,planned,False,False,False,요청 C/암호 변경 U,"[{""method"": ""POST"", ""path"": ""/auth/reset-password""}, {""method"": ""POST"", ""path"": ""/auth/change-password""}]",현재 OpenAPI에서 추출한 페이지 관련 후보; 실제 컴포넌트 호출 일치·누락 API는 R00/Rxx-T02에서 확정,"[""src/components/auth/AuthPages.tsx"", ""src/components/auth/LiveAuth.tsx""]",../catchsecu-reverse-2026-10-09/route-coverage.json
RR127,/pay/billing-policy,구독·결제,R21,라이선스·결제수단·주문·원장·환불,page,정적 선언만 확인,,AST-R102,,모든 카테고리의 대표 화면을 조사했으며 이 경로의 정상 상태는 실행 미검증,P10-T01,파일/계약 정적 대조; 이번 계획에서 실행 미검증,정상·오류·권한별 실제동작 재검증 필요; 구현 누락으로 단정하지 않음,"[""BillingPlan"", ""BillingPlanVersion"", ""BillingSubscription"", ""BillingSubscriptionEvent"", ""PaymentMethod"", ""PaymentOrder"", ""PaymentEvent"", ""PaymentRefund"", ""BillingMonthClose"", ""CreditAccount"", ""LedgerTransaction"", ""LedgerEntry""]",R/구독 C/U/해지,api-ui-spec.md#r21,R21-T01,R21-T02,R21-T03,R21-T04,billing.read/write; 상품관리는 platformAdmin; webhook검증,상품·가격·월/연·구독·할당량·자산·정책,구독변경/해지에 entitlement 반영; 서버가격; 제한계정403,실제 DB 생성 ID/토큰; A/B회사·2서비스·허용/거부역할·활성/만료라이선스·빈/보유 상태,E2E-RR127,planned,False,False,False,R/구독 C/U/해지,"[{""method"": ""GET"", ""path"": ""/plans""}, {""method"": ""GET"", ""path"": ""/subscriptions""}, {""method"": ""POST"", ""path"": ""/subscriptions""}, {""method"": ""GET"", ""path"": ""/subscriptions/entitlement""}, {""method"": ""POST"", ""path"": ""/subscriptions/{id}/cancel""}, {""method"": ""POST"", ""path"": ""/subscriptions/{id}/undo-cancel""}, {""method"": ""POST"", ""path"": ""/subscriptions/{id}/schedule-cancel""}]",현재 OpenAPI에서 추출한 페이지 관련 후보; 실제 컴포넌트 호출 일치·누락 API는 R00/Rxx-T02에서 확정,"[""src/components/services/payment.tsx"", ""src/components/services/InvoiceDetail.tsx""]",../catchsecu-reverse-2026-10-09/route-coverage.json
RR128,/pay/cancel,구독·결제,R21,라이선스·결제수단·주문·원장·환불,page,정적 선언만 확인,,AST-R106,,로그아웃·상태 변경·인증/결제 결과 경로는 실행하지 않음,P10-T04,파일/계약 정적 대조; 이번 계획에서 실행 미검증,정상·오류·권한별 실제동작 재검증 필요; 구현 누락으로 단정하지 않음,"[""BillingPlan"", ""BillingPlanVersion"", ""BillingSubscription"", ""BillingSubscriptionEvent"", ""PaymentMethod"", ""PaymentOrder"", ""PaymentEvent"", ""PaymentRefund"", ""BillingMonthClose"", ""CreditAccount"", ""LedgerTransaction"", ""LedgerEntry""]",환불/해지 요청 C; R,api-ui-spec.md#r21,R21-T01,R21-T02,R21-T03,R21-T04,billing.read/write; 상품관리는 platformAdmin; webhook검증,취소대상·사유·예상환불·확인·처리상태,환불중복/누계초과/타purchase 차단; 외부환불+원장대사,실제 DB 생성 ID/토큰; A/B회사·2서비스·허용/거부역할·활성/만료라이선스·빈/보유 상태,E2E-RR128,planned,False,False,False,환불/해지 요청 C; R,"[{""method"": ""GET"", ""path"": ""/billing/orders/{id}""}]",현재 OpenAPI에서 추출한 페이지 관련 후보; 실제 컴포넌트 호출 일치·누락 API는 R00/Rxx-T02에서 확정,"[""src/components/services/payment.tsx"", ""src/components/services/InvoiceDetail.tsx""]",../catchsecu-reverse-2026-10-09/route-coverage.json
RR129,/pay/credit/success/:purchaseId,구독·결제,R21,라이선스·결제수단·주문·원장·환불,dynamic,정적 선언만 확인,,AST-R110,,실제 객체 ID·토큰·사용자 흐름이 필요함,P10-T02,파일/계약 정적 대조; 이번 계획에서 실행 미검증,정상·오류·권한별 실제동작 재검증 필요; 구현 누락으로 단정하지 않음,"[""BillingPlan"", ""BillingPlanVersion"", ""BillingSubscription"", ""BillingSubscriptionEvent"", ""PaymentMethod"", ""PaymentOrder"", ""PaymentEvent"", ""PaymentRefund"", ""BillingMonthClose"", ""CreditAccount"", ""LedgerTransaction"", ""LedgerEntry""]",결과 R; 변경은검증webhook,api-ui-spec.md#r21,R21-T01,R21-T02,R21-T03,R21-T04,billing.read/write; 상품관리는 platformAdmin; webhook검증,성공/실패/크레딧/부가상품 결과와 영수증 이동,임의id/type/errorCode로상태변경불가; verified paid만성공; 지연callback 대기표시,실제 DB 생성 ID/토큰; A/B회사·2서비스·허용/거부역할·활성/만료라이선스·빈/보유 상태,E2E-RR129,planned,False,False,False,결과 R; 변경은검증webhook,"[{""method"": ""GET"", ""path"": ""/billing/orders/{id}""}]",현재 OpenAPI에서 추출한 페이지 관련 후보; 실제 컴포넌트 호출 일치·누락 API는 R00/Rxx-T02에서 확정,"[""src/components/services/payment.tsx"", ""src/components/services/InvoiceDetail.tsx""]",../catchsecu-reverse-2026-10-09/route-coverage.json
RR130,/pay/history,구독·결제,R21,라이선스·결제수단·주문·원장·환불,page,화면 관찰,LIVE-pay__history,AST-R107,,,P10-T03,파일/계약 정적 대조; 이번 계획에서 실행 미검증,정상·오류·권한별 실제동작 재검증 필요; 구현 누락으로 단정하지 않음,"[""BillingPlan"", ""BillingPlanVersion"", ""BillingSubscription"", ""BillingSubscriptionEvent"", ""PaymentMethod"", ""PaymentOrder"", ""PaymentEvent"", ""PaymentRefund"", ""BillingMonthClose"", ""CreditAccount"", ""LedgerTransaction"", ""LedgerEntry""]",R/export,api-ui-spec.md#r21,R21-T01,R21-T02,R21-T03,R21-T04,billing.read/write; 상품관리는 platformAdmin; webhook검증,결제/환불/문자/본인인증사용 탭·필터·상세,서버집계와원장일치; 월경계·0건·pagination·다른회사거부,실제 DB 생성 ID/토큰; A/B회사·2서비스·허용/거부역할·활성/만료라이선스·빈/보유 상태,E2E-RR130,planned,False,False,False,R/export,"[{""method"": ""GET"", ""path"": ""/billing-history""}, {""method"": ""GET"", ""path"": ""/invoices""}, {""method"": ""GET"", ""path"": ""/billing/orders""}, {""method"": ""POST"", ""path"": ""/billing/orders""}, {""method"": ""GET"", ""path"": ""/billing/orders/{id}""}, {""method"": ""POST"", ""path"": ""/billing/orders/{id}/return""}, {""method"": ""POST"", ""path"": ""/billing/orders/{id}/virtual-checkout""}]",현재 OpenAPI에서 추출한 페이지 관련 후보; 실제 컴포넌트 호출 일치·누락 API는 R00/Rxx-T02에서 확정,"[""src/components/services/payment.tsx"", ""src/components/services/InvoiceDetail.tsx""]",../catchsecu-reverse-2026-10-09/route-coverage.json
RR131,/pay/license-service,구독·결제,R21,라이선스·결제수단·주문·원장·환불,page,화면 관찰,LIVE-pay__license-service,AST-R103,,,P10-T01,파일/계약 정적 대조; 이번 계획에서 실행 미검증,정상·오류·권한별 실제동작 재검증 필요; 구현 누락으로 단정하지 않음,"[""BillingPlan"", ""BillingPlanVersion"", ""BillingSubscription"", ""BillingSubscriptionEvent"", ""PaymentMethod"", ""PaymentOrder"", ""PaymentEvent"", ""PaymentRefund"", ""BillingMonthClose"", ""CreditAccount"", ""LedgerTransaction"", ""LedgerEntry""]",R/구독 C/U/해지,api-ui-spec.md#r21,R21-T01,R21-T02,R21-T03,R21-T04,billing.read/write; 상품관리는 platformAdmin; webhook검증,상품·가격·월/연·구독·할당량·자산·정책,구독변경/해지에 entitlement 반영; 서버가격; 제한계정403,실제 DB 생성 ID/토큰; A/B회사·2서비스·허용/거부역할·활성/만료라이선스·빈/보유 상태,E2E-RR131,planned,False,False,False,R/구독 C/U/해지,"[{""method"": ""GET"", ""path"": ""/plans""}, {""method"": ""GET"", ""path"": ""/entitlements""}, {""method"": ""GET"", ""path"": ""/subscriptions""}, {""method"": ""POST"", ""path"": ""/subscriptions""}, {""method"": ""GET"", ""path"": ""/billing/methods""}, {""method"": ""POST"", ""path"": ""/billing/methods""}, {""method"": ""PATCH"", ""path"": ""/billing/methods/{id}""}, {""method"": ""DELETE"", ""path"": ""/billing/methods/{id}""}, {""method"": ""GET"", ""path"": ""/subscriptions/entitlement""}, {""method"": ""POST"", ""path"": ""/subscriptions/{id}/cancel""}, {""method"": ""POST"", ""path"": ""/subscriptions/{id}/undo-cancel""}, {""method"": ""POST"", ""path"": ""/subscriptions/{id}/schedule-cancel""}]",현재 OpenAPI에서 추출한 페이지 관련 후보; 실제 컴포넌트 호출 일치·누락 API는 R00/Rxx-T02에서 확정,"[""src/components/services/payment.tsx"", ""src/components/services/InvoiceDetail.tsx""]",../catchsecu-reverse-2026-10-09/route-coverage.json
RR132,/pay/membership/detail,구독·결제,R21,라이선스·결제수단·주문·원장·환불,page,정적 선언만 확인,,AST-R101,"BILLING,ROOT",모든 카테고리의 대표 화면을 조사했으며 이 경로의 정상 상태는 실행 미검증,P10-T01,파일/계약 정적 대조; 이번 계획에서 실행 미검증,정상·오류·권한별 실제동작 재검증 필요; 구현 누락으로 단정하지 않음,"[""BillingPlan"", ""BillingPlanVersion"", ""BillingSubscription"", ""BillingSubscriptionEvent"", ""PaymentMethod"", ""PaymentOrder"", ""PaymentEvent"", ""PaymentRefund"", ""BillingMonthClose"", ""CreditAccount"", ""LedgerTransaction"", ""LedgerEntry""]",R/구독 C/U/해지,api-ui-spec.md#r21,R21-T01,R21-T02,R21-T03,R21-T04,billing.read/write; 상품관리는 platformAdmin; webhook검증,상품·가격·월/연·구독·할당량·자산·정책,구독변경/해지에 entitlement 반영; 서버가격; 제한계정403,실제 DB 생성 ID/토큰; A/B회사·2서비스·허용/거부역할·활성/만료라이선스·빈/보유 상태,E2E-RR132,planned,False,False,False,R/구독 C/U/해지,"[{""method"": ""GET"", ""path"": ""/plans""}, {""method"": ""GET"", ""path"": ""/entitlements""}, {""method"": ""GET"", ""path"": ""/subscriptions""}, {""method"": ""POST"", ""path"": ""/subscriptions""}, {""method"": ""GET"", ""path"": ""/subscriptions/entitlement""}, {""method"": ""POST"", ""path"": ""/subscriptions/{id}/cancel""}, {""method"": ""POST"", ""path"": ""/subscriptions/{id}/undo-cancel""}, {""method"": ""POST"", ""path"": ""/subscriptions/{id}/schedule-cancel""}]",현재 OpenAPI에서 추출한 페이지 관련 후보; 실제 컴포넌트 호출 일치·누락 API는 R00/Rxx-T02에서 확정,"[""src/components/services/payment.tsx"", ""src/components/services/InvoiceDetail.tsx""]",../catchsecu-reverse-2026-10-09/route-coverage.json
RR133,/pay/method,구독·결제,R21,라이선스·결제수단·주문·원장·환불,page,리디렉션 관찰,LIVE-pay__method,AST-R105,,,P10-T02,파일/계약 정적 대조; 이번 계획에서 실행 미검증,정상·오류·권한별 실제동작 재검증 필요; 구현 누락으로 단정하지 않음,"[""BillingPlan"", ""BillingPlanVersion"", ""BillingSubscription"", ""BillingSubscriptionEvent"", ""PaymentMethod"", ""PaymentOrder"", ""PaymentEvent"", ""PaymentRefund"", ""BillingMonthClose"", ""CreditAccount"", ""LedgerTransaction"", ""LedgerEntry""]",token수단 CRUD,api-ui-spec.md#r21,R21-T01,R21-T02,R21-T03,R21-T04,billing.read/write; 상품관리는 platformAdmin; webhook검증,수단추가·대표선택·삭제·PG인증결과,PAN/CVV 미저장; 사용중수단삭제정책; PG취소/실패,실제 DB 생성 ID/토큰; A/B회사·2서비스·허용/거부역할·활성/만료라이선스·빈/보유 상태,E2E-RR133,planned,False,False,False,token수단 CRUD,"[{""method"": ""GET"", ""path"": ""/billing/methods""}, {""method"": ""POST"", ""path"": ""/billing/methods""}, {""method"": ""PATCH"", ""path"": ""/billing/methods/{id}""}, {""method"": ""DELETE"", ""path"": ""/billing/methods/{id}""}]",현재 OpenAPI에서 추출한 페이지 관련 후보; 실제 컴포넌트 호출 일치·누락 API는 R00/Rxx-T02에서 확정,"[""src/components/services/payment.tsx"", ""src/components/services/InvoiceDetail.tsx""]",../catchsecu-reverse-2026-10-09/route-coverage.json
RR134,/pay/plus/fail/:errorCode,구독·결제,R21,라이선스·결제수단·주문·원장·환불,dynamic,정적 선언만 확인,,AST-R114,"BILLING,ROOT",실제 객체 ID·토큰·사용자 흐름이 필요함,P10-T02,파일/계약 정적 대조; 이번 계획에서 실행 미검증,정상·오류·권한별 실제동작 재검증 필요; 구현 누락으로 단정하지 않음,"[""BillingPlan"", ""BillingPlanVersion"", ""BillingSubscription"", ""BillingSubscriptionEvent"", ""PaymentMethod"", ""PaymentOrder"", ""PaymentEvent"", ""PaymentRefund"", ""BillingMonthClose"", ""CreditAccount"", ""LedgerTransaction"", ""LedgerEntry""]",결과 R; 변경은검증webhook,api-ui-spec.md#r21,R21-T01,R21-T02,R21-T03,R21-T04,billing.read/write; 상품관리는 platformAdmin; webhook검증,성공/실패/크레딧/부가상품 결과와 영수증 이동,임의id/type/errorCode로상태변경불가; verified paid만성공; 지연callback 대기표시,실제 DB 생성 ID/토큰; A/B회사·2서비스·허용/거부역할·활성/만료라이선스·빈/보유 상태,E2E-RR134,planned,False,False,False,결과 R; 변경은검증webhook,"[{""method"": ""GET"", ""path"": ""/billing/orders/{id}""}]",현재 OpenAPI에서 추출한 페이지 관련 후보; 실제 컴포넌트 호출 일치·누락 API는 R00/Rxx-T02에서 확정,"[""src/components/services/payment.tsx"", ""src/components/services/InvoiceDetail.tsx""]",../catchsecu-reverse-2026-10-09/route-coverage.json
RR135,/pay/plus/success/:purchaseId,구독·결제,R21,라이선스·결제수단·주문·원장·환불,dynamic,정적 선언만 확인,,AST-R111,"BILLING,ROOT",실제 객체 ID·토큰·사용자 흐름이 필요함,P10-T02,파일/계약 정적 대조; 이번 계획에서 실행 미검증,정상·오류·권한별 실제동작 재검증 필요; 구현 누락으로 단정하지 않음,"[""BillingPlan"", ""BillingPlanVersion"", ""BillingSubscription"", ""BillingSubscriptionEvent"", ""PaymentMethod"", ""PaymentOrder"", ""PaymentEvent"", ""PaymentRefund"", ""BillingMonthClose"", ""CreditAccount"", ""LedgerTransaction"", ""LedgerEntry""]",결과 R; 변경은검증webhook,api-ui-spec.md#r21,R21-T01,R21-T02,R21-T03,R21-T04,billing.read/write; 상품관리는 platformAdmin; webhook검증,성공/실패/크레딧/부가상품 결과와 영수증 이동,임의id/type/errorCode로상태변경불가; verified paid만성공; 지연callback 대기표시,실제 DB 생성 ID/토큰; A/B회사·2서비스·허용/거부역할·활성/만료라이선스·빈/보유 상태,E2E-RR135,planned,False,False,False,결과 R; 변경은검증webhook,"[{""method"": ""GET"", ""path"": ""/billing/orders/{id}""}]",현재 OpenAPI에서 추출한 페이지 관련 후보; 실제 컴포넌트 호출 일치·누락 API는 R00/Rxx-T02에서 확정,"[""src/components/services/payment.tsx"", ""src/components/services/InvoiceDetail.tsx""]",../catchsecu-reverse-2026-10-09/route-coverage.json
RR136,/pay/plus/success/:purchasedId/:type,구독·결제,R21,라이선스·결제수단·주문·원장·환불,dynamic,정적 선언만 확인,,AST-R112,"BILLING,ROOT",실제 객체 ID·토큰·사용자 흐름이 필요함,P10-T02,파일/계약 정적 대조; 이번 계획에서 실행 미검증,정상·오류·권한별 실제동작 재검증 필요; 구현 누락으로 단정하지 않음,"[""BillingPlan"", ""BillingPlanVersion"", ""BillingSubscription"", ""BillingSubscriptionEvent"", ""PaymentMethod"", ""PaymentOrder"", ""PaymentEvent"", ""PaymentRefund"", ""BillingMonthClose"", ""CreditAccount"", ""LedgerTransaction"", ""LedgerEntry""]",결과 R; 변경은검증webhook,api-ui-spec.md#r21,R21-T01,R21-T02,R21-T03,R21-T04,billing.read/write; 상품관리는 platformAdmin; webhook검증,성공/실패/크레딧/부가상품 결과와 영수증 이동,임의id/type/errorCode로상태변경불가; verified paid만성공; 지연callback 대기표시,실제 DB 생성 ID/토큰; A/B회사·2서비스·허용/거부역할·활성/만료라이선스·빈/보유 상태,E2E-RR136,planned,False,False,False,결과 R; 변경은검증webhook,"[{""method"": ""GET"", ""path"": ""/billing/orders/{id}""}]",현재 OpenAPI에서 추출한 페이지 관련 후보; 실제 컴포넌트 호출 일치·누락 API는 R00/Rxx-T02에서 확정,"[""src/components/services/payment.tsx"", ""src/components/services/InvoiceDetail.tsx""]",../catchsecu-reverse-2026-10-09/route-coverage.json
RR137,/pay/result/fail,구독·결제,R21,라이선스·결제수단·주문·원장·환불,page,정적 선언만 확인,,AST-R113,,로그아웃·상태 변경·인증/결제 결과 경로는 실행하지 않음,P10-T02,파일/계약 정적 대조; 이번 계획에서 실행 미검증,정상·오류·권한별 실제동작 재검증 필요; 구현 누락으로 단정하지 않음,"[""BillingPlan"", ""BillingPlanVersion"", ""BillingSubscription"", ""BillingSubscriptionEvent"", ""PaymentMethod"", ""PaymentOrder"", ""PaymentEvent"", ""PaymentRefund"", ""BillingMonthClose"", ""CreditAccount"", ""LedgerTransaction"", ""LedgerEntry""]",결과 R; 변경은검증webhook,api-ui-spec.md#r21,R21-T01,R21-T02,R21-T03,R21-T04,billing.read/write; 상품관리는 platformAdmin; webhook검증,성공/실패/크레딧/부가상품 결과와 영수증 이동,임의id/type/errorCode로상태변경불가; verified paid만성공; 지연callback 대기표시,실제 DB 생성 ID/토큰; A/B회사·2서비스·허용/거부역할·활성/만료라이선스·빈/보유 상태,E2E-RR137,planned,False,False,False,결과 R; 변경은검증webhook,"[{""method"": ""GET"", ""path"": ""/billing/orders/{id}""}]",현재 OpenAPI에서 추출한 페이지 관련 후보; 실제 컴포넌트 호출 일치·누락 API는 R00/Rxx-T02에서 확정,"[""src/components/services/payment.tsx"", ""src/components/services/InvoiceDetail.tsx""]",../catchsecu-reverse-2026-10-09/route-coverage.json
RR138,/pay/result/success/:purchaseId,구독·결제,R21,라이선스·결제수단·주문·원장·환불,dynamic,정적 선언만 확인,,AST-R109,,실제 객체 ID·토큰·사용자 흐름이 필요함,P10-T02,파일/계약 정적 대조; 이번 계획에서 실행 미검증,정상·오류·권한별 실제동작 재검증 필요; 구현 누락으로 단정하지 않음,"[""BillingPlan"", ""BillingPlanVersion"", ""BillingSubscription"", ""BillingSubscriptionEvent"", ""PaymentMethod"", ""PaymentOrder"", ""PaymentEvent"", ""PaymentRefund"", ""BillingMonthClose"", ""CreditAccount"", ""LedgerTransaction"", ""LedgerEntry""]",결과 R; 변경은검증webhook,api-ui-spec.md#r21,R21-T01,R21-T02,R21-T03,R21-T04,billing.read/write; 상품관리는 platformAdmin; webhook검증,성공/실패/크레딧/부가상품 결과와 영수증 이동,임의id/type/errorCode로상태변경불가; verified paid만성공; 지연callback 대기표시,실제 DB 생성 ID/토큰; A/B회사·2서비스·허용/거부역할·활성/만료라이선스·빈/보유 상태,E2E-RR138,planned,False,False,False,결과 R; 변경은검증webhook,"[{""method"": ""GET"", ""path"": ""/billing/orders/{id}""}]",현재 OpenAPI에서 추출한 페이지 관련 후보; 실제 컴포넌트 호출 일치·누락 API는 R00/Rxx-T02에서 확정,"[""src/components/services/payment.tsx"", ""src/components/services/InvoiceDetail.tsx""]",../catchsecu-reverse-2026-10-09/route-coverage.json
RR139,/pay/service-asset,구독·결제,R21,라이선스·결제수단·주문·원장·환불,page,권한 제한,LIVE-pay__service-asset,AST-R104,,,P10-T01,파일/계약 정적 대조; 이번 계획에서 실행 미검증,정상·오류·권한별 실제동작 재검증 필요; 구현 누락으로 단정하지 않음,"[""BillingPlan"", ""BillingPlanVersion"", ""BillingSubscription"", ""BillingSubscriptionEvent"", ""PaymentMethod"", ""PaymentOrder"", ""PaymentEvent"", ""PaymentRefund"", ""BillingMonthClose"", ""CreditAccount"", ""LedgerTransaction"", ""LedgerEntry""]",R/구독 C/U/해지,api-ui-spec.md#r21,R21-T01,R21-T02,R21-T03,R21-T04,billing.read/write; 상품관리는 platformAdmin; webhook검증,상품·가격·월/연·구독·할당량·자산·정책,구독변경/해지에 entitlement 반영; 서버가격; 제한계정403,실제 DB 생성 ID/토큰; A/B회사·2서비스·허용/거부역할·활성/만료라이선스·빈/보유 상태,E2E-RR139,planned,False,False,False,R/구독 C/U/해지,"[{""method"": ""GET"", ""path"": ""/entitlements""}, {""method"": ""GET"", ""path"": ""/assets""}]",현재 OpenAPI에서 추출한 페이지 관련 후보; 실제 컴포넌트 호출 일치·누락 API는 R00/Rxx-T02에서 확정,"[""src/components/services/payment.tsx"", ""src/components/services/InvoiceDetail.tsx""]",../catchsecu-reverse-2026-10-09/route-coverage.json
RR140,/pay/usage/history,구독·결제,R21,라이선스·결제수단·주문·원장·환불,page,리디렉션 관찰,LIVE-pay__usage__history,AST-R108,,,P10-T03,파일/계약 정적 대조; 이번 계획에서 실행 미검증,정상·오류·권한별 실제동작 재검증 필요; 구현 누락으로 단정하지 않음,"[""BillingPlan"", ""BillingPlanVersion"", ""BillingSubscription"", ""BillingSubscriptionEvent"", ""PaymentMethod"", ""PaymentOrder"", ""PaymentEvent"", ""PaymentRefund"", ""BillingMonthClose"", ""CreditAccount"", ""LedgerTransaction"", ""LedgerEntry""]",R/export,api-ui-spec.md#r21,R21-T01,R21-T02,R21-T03,R21-T04,billing.read/write; 상품관리는 platformAdmin; webhook검증,결제/환불/문자/본인인증사용 탭·필터·상세,서버집계와원장일치; 월경계·0건·pagination·다른회사거부,실제 DB 생성 ID/토큰; A/B회사·2서비스·허용/거부역할·활성/만료라이선스·빈/보유 상태,E2E-RR140,planned,False,False,False,R/export,"[{""method"": ""GET"", ""path"": ""/ledger""}, {""method"": ""GET"", ""path"": ""/usage-events""}]",현재 OpenAPI에서 추출한 페이지 관련 후보; 실제 컴포넌트 호출 일치·누락 API는 R00/Rxx-T02에서 확정,"[""src/components/services/payment.tsx"", ""src/components/services/InvoiceDetail.tsx""]",../catchsecu-reverse-2026-10-09/route-coverage.json
RR141,/privacy-detail,대시보드,R23,대시보드·통계·준수·월마감,page,화면 관찰,LIVE-privacy-detail,AST-R033,,,P12-T02,파일/계약 정적 대조; 이번 계획에서 실행 미검증,정상·오류·권한별 실제동작 재검증 필요; 구현 누락으로 단정하지 않음,"[""Submission"", ""MarketingPreference"", ""AuditEvent"", ""ComplianceClose"", ""ComplianceExportJob"", ""BillingMonthClose""]",집계 R/export; 원천업무로 갱신,api-ui-spec.md#r23,R23-T01,R23-T02,R23-T03,R23-T04,허용서비스 집계; audit/security·license별 마감권한,전체/서비스별 카드·통계·필터·서비스행·보고서,원천작성·철회·파기와 집계일치; serviceId변조거부; 기간경계/0건,실제 DB 생성 ID/토큰; A/B회사·2서비스·허용/거부역할·활성/만료라이선스·빈/보유 상태,E2E-RR141,planned,False,False,False,집계 R/export; 원천업무로 갱신,"[{""method"": ""GET"", ""path"": ""/analytics/privacy""}, {""method"": ""POST"", ""path"": ""/analytics/exports""}, {""method"": ""GET"", ""path"": ""/analytics/exports""}, {""method"": ""GET"", ""path"": ""/analytics/exports/{id}""}, {""method"": ""DELETE"", ""path"": ""/analytics/exports/{id}""}, {""method"": ""POST"", ""path"": ""/analytics/exports/{id}/cancel""}, {""method"": ""GET"", ""path"": ""/analytics/exports/{id}/download""}]",현재 OpenAPI에서 추출한 페이지 관련 후보; 실제 컴포넌트 호출 일치·누락 API는 R00/Rxx-T02에서 확정,"[""src/components/Dashboard.tsx"", ""src/components/StatisticsPages.tsx"", ""src/components/forms/Marketing.tsx""]",../catchsecu-reverse-2026-10-09/route-coverage.json
RR142,/privacy-detail/:serviceId,대시보드,R23,대시보드·통계·준수·월마감,dynamic,정적 선언만 확인,,AST-R034,,실제 객체 ID·토큰·사용자 흐름이 필요함,P12-T02,파일/계약 정적 대조; 이번 계획에서 실행 미검증,정상·오류·권한별 실제동작 재검증 필요; 구현 누락으로 단정하지 않음,"[""Submission"", ""MarketingPreference"", ""AuditEvent"", ""ComplianceClose"", ""ComplianceExportJob"", ""BillingMonthClose""]",집계 R/export; 원천업무로 갱신,api-ui-spec.md#r23,R23-T01,R23-T02,R23-T03,R23-T04,허용서비스 집계; audit/security·license별 마감권한,전체/서비스별 카드·통계·필터·서비스행·보고서,원천작성·철회·파기와 집계일치; serviceId변조거부; 기간경계/0건,실제 DB 생성 ID/토큰; A/B회사·2서비스·허용/거부역할·활성/만료라이선스·빈/보유 상태,E2E-RR142,planned,False,False,False,집계 R/export; 원천업무로 갱신,"[{""method"": ""GET"", ""path"": ""/analytics/privacy""}, {""method"": ""POST"", ""path"": ""/analytics/exports""}, {""method"": ""GET"", ""path"": ""/analytics/exports""}, {""method"": ""GET"", ""path"": ""/analytics/exports/{id}""}, {""method"": ""DELETE"", ""path"": ""/analytics/exports/{id}""}, {""method"": ""POST"", ""path"": ""/analytics/exports/{id}/cancel""}, {""method"": ""GET"", ""path"": ""/analytics/exports/{id}/download""}]",현재 OpenAPI에서 추출한 페이지 관련 후보; 실제 컴포넌트 호출 일치·누락 API는 R00/Rxx-T02에서 확정,"[""src/components/Dashboard.tsx"", ""src/components/StatisticsPages.tsx"", ""src/components/forms/Marketing.tsx""]",../catchsecu-reverse-2026-10-09/route-coverage.json
RR143,/project/:outerToken/form,정보주체·공유·공개 폼,R11,공개 폼·응답·첨부·정정,dynamic,정적 선언만 확인,,AST-R006,,실제 객체 ID·토큰·사용자 흐름이 필요함,P06-T01,파일/계약 정적 대조; 이번 계획에서 실행 미검증,정상·오류·권한별 실제동작 재검증 필요; 구현 누락으로 단정하지 않음,"[""Submission"", ""Answer"", ""ConsentReceipt"", ""ConsentEvent"", ""Correction"", ""CorrectionPayload"", ""SubmissionNote"", ""FileObject"", ""ExportJob"", ""ExportChunk"", ""ExportSource""]",공개 R/제출 C; preview 별도,api-ui-spec.md#r11,R11-T01,R11-T02,R11-T03,R11-T04,외부 publication 토큰; 내부 submission.read/write/file.read; 공유별 scope,공개/이전별칭/테스트폼·필수/선택/분기/첨부·완료,세 경로 동일version 계약; 테스트응답 운영집계제외; max count 원자성,실제 DB 생성 ID/토큰; A/B회사·2서비스·허용/거부역할·활성/만료라이선스·빈/보유 상태,E2E-RR143,planned,False,False,False,공개 R/제출 C; preview 별도,"[{""method"": ""POST"", ""path"": ""/public/forms/{token}/uploads""}, {""method"": ""GET"", ""path"": ""/public/forms/{token}""}, {""method"": ""POST"", ""path"": ""/public/forms/{token}/submissions""}]",현재 OpenAPI에서 추출한 페이지 관련 후보; 실제 컴포넌트 호출 일치·누락 API는 R00/Rxx-T02에서 확정,"[""src/components/forms/PublicForm.tsx"", ""src/components/forms/SubmissionDetail.tsx"", ""src/components/forms/FileView.tsx"", ""src/components/forms/ExportJobs.tsx"", ""src/components/forms/FormLists.tsx""]",../catchsecu-reverse-2026-10-09/route-coverage.json
RR144,/projects/:outerToken/form,정보주체·공유·공개 폼,R11,공개 폼·응답·첨부·정정,dynamic,정적 선언만 확인,,AST-R005,,실제 객체 ID·토큰·사용자 흐름이 필요함,P06-T01,파일/계약 정적 대조; 이번 계획에서 실행 미검증,정상·오류·권한별 실제동작 재검증 필요; 구현 누락으로 단정하지 않음,"[""Submission"", ""Answer"", ""ConsentReceipt"", ""ConsentEvent"", ""Correction"", ""CorrectionPayload"", ""SubmissionNote"", ""FileObject"", ""ExportJob"", ""ExportChunk"", ""ExportSource""]",공개 R/제출 C; preview 별도,api-ui-spec.md#r11,R11-T01,R11-T02,R11-T03,R11-T04,외부 publication 토큰; 내부 submission.read/write/file.read; 공유별 scope,공개/이전별칭/테스트폼·필수/선택/분기/첨부·완료,세 경로 동일version 계약; 테스트응답 운영집계제외; max count 원자성,실제 DB 생성 ID/토큰; A/B회사·2서비스·허용/거부역할·활성/만료라이선스·빈/보유 상태,E2E-RR144,planned,False,False,False,공개 R/제출 C; preview 별도,"[{""method"": ""POST"", ""path"": ""/public/forms/{token}/uploads""}, {""method"": ""GET"", ""path"": ""/public/forms/{token}""}, {""method"": ""POST"", ""path"": ""/public/forms/{token}/submissions""}]",현재 OpenAPI에서 추출한 페이지 관련 후보; 실제 컴포넌트 호출 일치·누락 API는 R00/Rxx-T02에서 확정,"[""src/components/forms/PublicForm.tsx"", ""src/components/forms/SubmissionDetail.tsx"", ""src/components/forms/FileView.tsx"", ""src/components/forms/ExportJobs.tsx"", ""src/components/forms/FormLists.tsx""]",../catchsecu-reverse-2026-10-09/route-coverage.json
RR145,/saeol/fail/:org,로그인·인증,R07,SSO·OAuth·기관 인증,dynamic,정적 선언만 확인,,AST-R160,,실제 객체 ID·토큰·사용자 흐름이 필요함,P11-T04,파일/계약 정적 대조; 이번 계획에서 실행 미검증,정상·오류·권한별 실제동작 재검증 필요; 구현 누락으로 단정하지 않음,"[""SsoProvider"", ""SsoState"", ""Account"", ""Session"", ""VirtualOrgMember"", ""Verification"", ""SsoLoginPolicy"", ""SsoSessionProof""]",기관 로그인/확인/계정 연결,api-ui-spec.md#r07,R07-T01,R07-T02,R07-T03,R07-T04,관리 security.write; 익명 callback의 일회성 state; 자기 계정연결,GPKI·새올 로그인·이메일 등록·기관별 실패,공식SDK/기관 식별자 확정; 실제test환경 검증; 미설정 성공금지,실제 DB 생성 ID/토큰; A/B회사·2서비스·허용/거부역할·활성/만료라이선스·빈/보유 상태,E2E-RR145,planned,False,False,False,기관 로그인/확인/계정 연결,"[{""method"": ""GET"", ""path"": ""/me/sso-accounts""}, {""method"": ""DELETE"", ""path"": ""/me/sso-accounts/{id}""}, {""method"": ""POST"", ""path"": ""/invitations/sso/options""}, {""method"": ""POST"", ""path"": ""/invitations/sso/start""}, {""method"": ""GET"", ""path"": ""/security/sso""}, {""method"": ""POST"", ""path"": ""/security/sso""}, {""method"": ""PATCH"", ""path"": ""/security/sso/{id}""}, {""method"": ""DELETE"", ""path"": ""/security/sso/{id}""}, {""method"": ""POST"", ""path"": ""/security/sso/{id}/preflight""}, {""method"": ""GET"", ""path"": ""/security/sso/{id}/directory""}, {""method"": ""POST"", ""path"": ""/security/sso/{id}/directory""}, {""method"": ""DELETE"", ""path"": ""/security/sso/{id}/directory/{memberId}""}, {""method"": ""POST"", ""path"": ""/auth/org/login""}, {""method"": ""POST"", ""path"": ""/auth/org/email-register""}, {""method"": ""GET"", ""path"": ""/auth/sso/{providerId}""}, {""method"": ""GET"", ""path"": ""/auth/sso/callback""}, {""method"": ""POST"", ""path"": ""/auth/sso/saml""}]",현재 OpenAPI에서 추출한 페이지 관련 후보; 실제 컴포넌트 호출 일치·누락 API는 R00/Rxx-T02에서 확정,"[""src/components/management/SsoProviders.tsx"", ""src/components/auth/AuthPages.tsx"", ""src/components/auth/SsoRecovery.tsx"", ""src/components/auth/SsoAccounts.tsx""]",../catchsecu-reverse-2026-10-09/route-coverage.json
RR146,/security,보안,R06,회사 보안정책·IP·MFA,page,본문 미확인,LIVE-security,AST-R118,,,P11-T02,파일/계약 정적 대조; 이번 계획에서 실행 미검증,정상·오류·권한별 실제동작 재검증 필요; 구현 누락으로 단정하지 않음,"[""SecurityPolicy"", ""IpAccessPolicy"", ""IpRule"", ""MfaException"", ""PasswordHistory"", ""PasswordDeferral"", ""TwoFactor""]",R/관련설정이동,api-ui-spec.md#r06,R06-T01,R06-T02,R06-T03,R06-T04,security.read/write + 서비스 범위 + entitlements,보안상태·미충족조건·증거·설정바로가기,보안정책 실제상태와일치; 근거없이안전표시금지,실제 DB 생성 ID/토큰; A/B회사·2서비스·허용/거부역할·활성/만료라이선스·빈/보유 상태,E2E-RR146,planned,False,False,False,R/관련설정이동,"[{""method"": ""GET"", ""path"": ""/security/status""}]",현재 OpenAPI에서 추출한 페이지 관련 후보; 실제 컴포넌트 호출 일치·누락 API는 R00/Rxx-T02에서 확정,"[""src/components/management/policy.tsx"", ""src/components/management/SecurityOverview.tsx"", ""src/components/management/IpAccess.tsx"", ""src/components/management/MfaPolicy.tsx""]",../catchsecu-reverse-2026-10-09/route-coverage.json
RR147,/security/*,보안,R24,공지·도움말·문의·공통 경로,fallback,정적 선언만 확인,,AST-R122,,와일드카드/라우터 분기,신규대조,파일/계약 정적 대조; 이번 계획에서 실행 미검증,원본 보안 하위 wildcard 선언. 기존 manifest 없음. 보안 경로의 인증/접근거부/404 정책 분리.,"[""Notice"", ""NoticeAttachment"", ""Guide"", ""SupportTicket"", ""AccessRequest""]",R/정책에 따른 fallback; 독립 CRUD 없음,api-ui-spec.md#r24,R24-T01,R24-T02,R24-T03,R24-T04,platformAdmin; 게시문서공개정책; 자기문의 및 지원담당,원본 보안 하위 wildcard 선언. 기존 manifest 없음. 보안 경로의 인증/접근거부/404 정책 분리.,관리자공지생성/게시→일반조회→수정/보관·첨부검증; 일반계정관리CRUD거부; 문의A/B격리; 잘못된경로404·보안fallback·새로고침·뒤로가기·키보드·모바일까지 검증.,실제 DB 생성 ID/토큰; A/B회사·2서비스·허용/거부역할·활성/만료라이선스·빈/보유 상태,E2E-RR147,planned,False,False,False,R/정책에 따른 fallback; 독립 CRUD 없음,[],현재 OpenAPI에서 추출한 페이지 관련 후보; 실제 컴포넌트 호출 일치·누락 API는 R00/Rxx-T02에서 확정,"[""src/components/NoticePages.tsx"", ""src/components/GuidePages.tsx"", ""src/components/SupportPages.tsx"", ""src/components/LoadingTransition.tsx"", ""src/components/AccessDeniedPage.tsx"", ""src/components/AppShell.tsx"", ""src/components/CloneApp.tsx""]",../catchsecu-reverse-2026-10-09/route-coverage.json
RR148,/security/compliance,보안,R06,회사 보안정책·IP·MFA,page,엔터프라이즈 제한,LIVE-security__compliance,AST-R119,"ROOT,SECURITY",,P11-T02,파일/계약 정적 대조; 이번 계획에서 실행 미검증,정상·오류·권한별 실제동작 재검증 필요; 구현 누락으로 단정하지 않음,"[""SecurityPolicy"", ""IpAccessPolicy"", ""IpRule"", ""MfaException"", ""PasswordHistory"", ""PasswordDeferral"", ""TwoFactor""]",R/관련설정이동,api-ui-spec.md#r06,R06-T01,R06-T02,R06-T03,R06-T04,security.read/write + 서비스 범위 + entitlements,보안상태·미충족조건·증거·설정바로가기,보안정책 실제상태와일치; 근거없이안전표시금지,실제 DB 생성 ID/토큰; A/B회사·2서비스·허용/거부역할·활성/만료라이선스·빈/보유 상태,E2E-RR148,planned,False,False,False,R/관련설정이동,"[{""method"": ""GET"", ""path"": ""/compliance""}, {""method"": ""GET"", ""path"": ""/security/status""}]",현재 OpenAPI에서 추출한 페이지 관련 후보; 실제 컴포넌트 호출 일치·누락 API는 R00/Rxx-T02에서 확정,"[""src/components/management/policy.tsx"", ""src/components/management/SecurityOverview.tsx"", ""src/components/management/IpAccess.tsx"", ""src/components/management/MfaPolicy.tsx""]",../catchsecu-reverse-2026-10-09/route-coverage.json
RR149,/security/ip,보안,R06,회사 보안정책·IP·MFA,page,엔터프라이즈 제한,LIVE-security__ip,AST-R123,"ROOT,SECURITY",,P11-T02,파일/계약 정적 대조; 이번 계획에서 실행 미검증,정상·오류·권한별 실제동작 재검증 필요; 구현 누락으로 단정하지 않음,"[""SecurityPolicy"", ""IpAccessPolicy"", ""IpRule"", ""MfaException"", ""PasswordHistory"", ""PasswordDeferral"", ""TwoFactor""]",CRUD/enable,api-ui-spec.md#r06,R06-T01,R06-T02,R06-T03,R06-T04,security.read/write + 서비스 범위 + entitlements,IP/CIDR 목록·등록·편집·검증·삭제,현재관리자차단 경고/복구절차; IPv6·프록시위조·실제차단,실제 DB 생성 ID/토큰; A/B회사·2서비스·허용/거부역할·활성/만료라이선스·빈/보유 상태,E2E-RR149,planned,False,False,False,CRUD/enable,"[{""method"": ""GET"", ""path"": ""/security/ip-rules""}, {""method"": ""POST"", ""path"": ""/security/ip-rules""}, {""method"": ""GET"", ""path"": ""/security/ip-rules/{id}""}, {""method"": ""PATCH"", ""path"": ""/security/ip-rules/{id}""}, {""method"": ""DELETE"", ""path"": ""/security/ip-rules/{id}""}, {""method"": ""PATCH"", ""path"": ""/security/ip-rules/settings""}]",현재 OpenAPI에서 추출한 페이지 관련 후보; 실제 컴포넌트 호출 일치·누락 API는 R00/Rxx-T02에서 확정,"[""src/components/management/policy.tsx"", ""src/components/management/SecurityOverview.tsx"", ""src/components/management/IpAccess.tsx"", ""src/components/management/MfaPolicy.tsx""]",../catchsecu-reverse-2026-10-09/route-coverage.json
RR150,/security/ip/setting,보안,R06,회사 보안정책·IP·MFA,page,정적 선언만 확인,,AST-R124,"ROOT,SECURITY",모든 카테고리의 대표 화면을 조사했으며 이 경로의 정상 상태는 실행 미검증,P11-T02,파일/계약 정적 대조; 이번 계획에서 실행 미검증,정상·오류·권한별 실제동작 재검증 필요; 구현 누락으로 단정하지 않음,"[""SecurityPolicy"", ""IpAccessPolicy"", ""IpRule"", ""MfaException"", ""PasswordHistory"", ""PasswordDeferral"", ""TwoFactor""]",CRUD/enable,api-ui-spec.md#r06,R06-T01,R06-T02,R06-T03,R06-T04,security.read/write + 서비스 범위 + entitlements,IP/CIDR 목록·등록·편집·검증·삭제,현재관리자차단 경고/복구절차; IPv6·프록시위조·실제차단,실제 DB 생성 ID/토큰; A/B회사·2서비스·허용/거부역할·활성/만료라이선스·빈/보유 상태,E2E-RR150,planned,False,False,False,CRUD/enable,"[{""method"": ""GET"", ""path"": ""/security/ip-rules""}, {""method"": ""POST"", ""path"": ""/security/ip-rules""}, {""method"": ""GET"", ""path"": ""/security/ip-rules/{id}""}, {""method"": ""PATCH"", ""path"": ""/security/ip-rules/{id}""}, {""method"": ""DELETE"", ""path"": ""/security/ip-rules/{id}""}, {""method"": ""PATCH"", ""path"": ""/security/ip-rules/settings""}]",현재 OpenAPI에서 추출한 페이지 관련 후보; 실제 컴포넌트 호출 일치·누락 API는 R00/Rxx-T02에서 확정,"[""src/components/management/policy.tsx"", ""src/components/management/SecurityOverview.tsx"", ""src/components/management/IpAccess.tsx"", ""src/components/management/MfaPolicy.tsx""]",../catchsecu-reverse-2026-10-09/route-coverage.json
RR151,/security/sso,보안,R07,SSO·OAuth·기관 인증,page,엔터프라이즈 제한,LIVE-security__sso,AST-R120,"ROOT,SECURITY",,P11-T03,정책 API/화면 구현 및 PostgreSQL/실제 HTTP 검증; 원본 서버 predicate와 신규 화면 브라우저 수용은 미확인,Ego 작업공간 복구 확인 대기; 실제 외부 Google/Microsoft 및 원본 전 상태 비교 미검증,"[""SsoProvider"", ""SsoState"", ""Account"", ""Session"", ""VirtualOrgMember"", ""Verification"", ""SsoLoginPolicy"", ""SsoSessionProof"", ""SsoPolicyChallenge""]",R/U + email challenge; NONE=제한 해제,api-ui-spec.md#r07,R07-T01,R07-T02,R07-T03,R07-T04,직접 소속 security.read; 변경 owner/security + security.write + 기능 구독,"NONE·Microsoft·Google 정책 선택, 구성원 연결 영향·현재 구독·최근 SSO 인증·이메일 코드·충돌복구","최근 SSO 인증·이메일 코드·회사/사용자/세션/mode/version 일치, 오답5회·만료·재사용·권한/구독 회수 거절, 여러 탭 회사 전환 보호",실제 DB 생성 ID/토큰; A/B회사·2서비스·허용/거부역할·활성/만료라이선스·빈/보유 상태,E2E-RR151,in_progress,True,False,False,read/impact/challenge/update,"[{""method"": ""GET"", ""path"": ""/security/sso-policy""}, {""method"": ""POST"", ""path"": ""/security/sso-policy/challenge""}, {""method"": ""PUT"", ""path"": ""/security/sso-policy""}]",실제 정책 컴포넌트 호출에 맞춰 공급자 관리 API와 분리,"[""src/components/management/SsoLoginPolicy.tsx""]",../catchsecu-reverse-2026-10-09/route-coverage.json
RR152,/security/sso/setting,보안,R07,SSO·OAuth·기관 인증,page,정적 선언만 확인,,AST-R121,"ROOT,SECURITY",모든 카테고리의 대표 화면을 조사했으며 이 경로의 정상 상태는 실행 미검증,P11-T03,정책 API/화면 구현 및 PostgreSQL/실제 HTTP 검증; 원본 서버 predicate와 신규 화면 브라우저 수용은 미확인,Ego 작업공간 복구 확인 대기; 실제 외부 Google/Microsoft 및 원본 전 상태 비교 미검증,"[""SsoProvider"", ""SsoState"", ""Account"", ""Session"", ""VirtualOrgMember"", ""Verification"", ""SsoLoginPolicy"", ""SsoSessionProof"", ""SsoPolicyChallenge""]",R/U + email challenge; NONE=제한 해제,api-ui-spec.md#r07,R07-T01,R07-T02,R07-T03,R07-T04,직접 소속 security.read; 변경 owner/security + security.write + 기능 구독,"NONE·Microsoft·Google 정책 선택, 구성원 연결 영향·현재 구독·최근 SSO 인증·이메일 코드·충돌복구","최근 SSO 인증·이메일 코드·회사/사용자/세션/mode/version 일치, 오답5회·만료·재사용·권한/구독 회수 거절, 여러 탭 회사 전환 보호",실제 DB 생성 ID/토큰; A/B회사·2서비스·허용/거부역할·활성/만료라이선스·빈/보유 상태,E2E-RR152,in_progress,True,False,False,read/impact/challenge/update,"[{""method"": ""GET"", ""path"": ""/security/sso-policy""}, {""method"": ""POST"", ""path"": ""/security/sso-policy/challenge""}, {""method"": ""PUT"", ""path"": ""/security/sso-policy""}]",실제 정책 컴포넌트 호출에 맞춰 공급자 관리 API와 분리,"[""src/components/management/SsoLoginPolicy.tsx""]",../catchsecu-reverse-2026-10-09/route-coverage.json
RR153,/security/two-factor,보안,R06,회사 보안정책·IP·MFA,page,리디렉션 관찰,LIVE-security__two-factor,AST-R125,"ROOT,SECURITY",,P11-T02,파일/계약 정적 대조; 이번 계획에서 실행 미검증,정상·오류·권한별 실제동작 재검증 필요; 구현 누락으로 단정하지 않음,"[""SecurityPolicy"", ""IpAccessPolicy"", ""IpRule"", ""MfaException"", ""PasswordHistory"", ""PasswordDeferral"", ""TwoFactor""]",정책 R/U; 본인인증수단 CRUD,api-ui-spec.md#r06,R06-T01,R06-T02,R06-T03,R06-T04,security.read/write + 서비스 범위 + entitlements,회사강제정책·이메일/OTP 등록·해제·복구코드,등록완료전 활성금지; 다른사람factor삭제금지; 강제정책 즉시집행,실제 DB 생성 ID/토큰; A/B회사·2서비스·허용/거부역할·활성/만료라이선스·빈/보유 상태,E2E-RR153,planned,False,False,False,정책 R/U; 본인인증수단 CRUD,"[{""method"": ""GET"", ""path"": ""/security/mfa-policy""}, {""method"": ""PATCH"", ""path"": ""/security/mfa-policy""}, {""method"": ""POST"", ""path"": ""/security/mfa-policy/exceptions""}, {""method"": ""GET"", ""path"": ""/security/mfa-policy/exceptions/{id}""}, {""method"": ""PATCH"", ""path"": ""/security/mfa-policy/exceptions/{id}""}, {""method"": ""DELETE"", ""path"": ""/security/mfa-policy/exceptions/{id}""}]",현재 OpenAPI에서 추출한 페이지 관련 후보; 실제 컴포넌트 호출 일치·누락 API는 R00/Rxx-T02에서 확정,"[""src/components/management/policy.tsx"", ""src/components/management/SecurityOverview.tsx"", ""src/components/management/IpAccess.tsx"", ""src/components/management/MfaPolicy.tsx""]",../catchsecu-reverse-2026-10-09/route-coverage.json
RR154,/security/two-factor/setting,보안,R06,회사 보안정책·IP·MFA,page,정적 선언만 확인,,AST-R126,"ROOT,SECURITY",모든 카테고리의 대표 화면을 조사했으며 이 경로의 정상 상태는 실행 미검증,P11-T02,파일/계약 정적 대조; 이번 계획에서 실행 미검증,정상·오류·권한별 실제동작 재검증 필요; 구현 누락으로 단정하지 않음,"[""SecurityPolicy"", ""IpAccessPolicy"", ""IpRule"", ""MfaException"", ""PasswordHistory"", ""PasswordDeferral"", ""TwoFactor""]",정책 R/U; 본인인증수단 CRUD,api-ui-spec.md#r06,R06-T01,R06-T02,R06-T03,R06-T04,security.read/write + 서비스 범위 + entitlements,회사강제정책·이메일/OTP 등록·해제·복구코드,등록완료전 활성금지; 다른사람factor삭제금지; 강제정책 즉시집행,실제 DB 생성 ID/토큰; A/B회사·2서비스·허용/거부역할·활성/만료라이선스·빈/보유 상태,E2E-RR154,planned,False,False,False,정책 R/U; 본인인증수단 CRUD,"[{""method"": ""GET"", ""path"": ""/security/mfa-policy""}, {""method"": ""PATCH"", ""path"": ""/security/mfa-policy""}, {""method"": ""POST"", ""path"": ""/security/mfa-policy/exceptions""}, {""method"": ""GET"", ""path"": ""/security/mfa-policy/exceptions/{id}""}, {""method"": ""PATCH"", ""path"": ""/security/mfa-policy/exceptions/{id}""}, {""method"": ""DELETE"", ""path"": ""/security/mfa-policy/exceptions/{id}""}]",현재 OpenAPI에서 추출한 페이지 관련 후보; 실제 컴포넌트 호출 일치·누락 API는 R00/Rxx-T02에서 확정,"[""src/components/management/policy.tsx"", ""src/components/management/SecurityOverview.tsx"", ""src/components/management/IpAccess.tsx"", ""src/components/management/MfaPolicy.tsx""]",../catchsecu-reverse-2026-10-09/route-coverage.json
RR155,/service/none,서비스 초기설정·전문가,R03,회사·서비스·초기 설정,page,정적 선언만 확인,,AST-R150,,모든 카테고리의 대표 화면을 조사했으며 이 경로의 정상 상태는 실행 미검증,P13-T02,파일/계약 정적 대조; 이번 계획에서 실행 미검증,정상·오류·권한별 실제동작 재검증 필요; 구현 누락으로 단정하지 않음,"[""Company"", ""CompanyBusinessFile"", ""Service"", ""Membership"", ""ServiceGrant"", ""AccessRequest""]",R/권한 요청 생성,api-ui-spec.md#r03,R03-T01,R03-T02,R03-T03,R03-T04,company.manage/service.manage; 접근요청은 자기 멤버십·허용 서비스,서비스 없음·접근 거부 원인과 가능한 다음 동작 표시,무권한 상태에서 우회API 차단; 중복요청 멱등; 관리 승인 후 접근,실제 DB 생성 ID/토큰; A/B회사·2서비스·허용/거부역할·활성/만료라이선스·빈/보유 상태,E2E-RR155,planned,False,False,False,R/권한 요청 생성,"[{""method"": ""GET"", ""path"": ""/services""}, {""method"": ""POST"", ""path"": ""/services""}, {""method"": ""GET"", ""path"": ""/services/{id}""}, {""method"": ""PATCH"", ""path"": ""/services/{id}""}, {""method"": ""DELETE"", ""path"": ""/services/{id}""}, {""method"": ""GET"", ""path"": ""/services/{id}/verification""}, {""method"": ""POST"", ""path"": ""/services/{id}/verification""}, {""method"": ""PATCH"", ""path"": ""/services/{id}/verification""}, {""method"": ""DELETE"", ""path"": ""/services/{id}/verification""}, {""method"": ""GET"", ""path"": ""/services/{id}/consent-display/{kind}""}, {""method"": ""PATCH"", ""path"": ""/services/{id}/consent-display/{kind}""}, {""method"": ""GET"", ""path"": ""/services/{id}/subprocessors""}, {""method"": ""POST"", ""path"": ""/services/{id}/subprocessors""}, {""method"": ""GET"", ""path"": ""/services/{id}/subprocessors/{subId}""}, {""method"": ""PATCH"", ""path"": ""/services/{id}/subprocessors/{subId}""}, {""method"": ""GET"", ""path"": ""/services/{id}/subprocessor-notices""}, {""method"": ""POST"", ""path"": ""/services/{id}/subprocessor-notices""}, {""method"": ""GET"", ""path"": ""/access-requests""}, {""method"": ""POST"", ""path"": ""/access-requests""}, {""method"": ""PATCH"", ""path"": ""/access-requests/{id}""}, {""method"": ""DELETE"", ""path"": ""/access-requests/{id}""}]",현재 OpenAPI에서 추출한 페이지 관련 후보; 실제 컴포넌트 호출 일치·누락 API는 R00/Rxx-T02에서 확정,"[""src/components/management/live.tsx"", ""src/components/ServiceAccessPage.tsx"", ""src/components/ApplicationContext.tsx""]",../catchsecu-reverse-2026-10-09/route-coverage.json
RR156,/services/:serviceId/catchforms,서비스 초기설정·전문가,R10,처리 목적·동의서·처리방침·서비스 공개문서,dynamic,정적 선언만 확인,,AST-R146,,실제 객체 ID·토큰·사용자 흐름이 필요함,P05-T03,파일/계약 정적 대조; 이번 계획에서 실행 미검증,정상·오류·권한별 실제동작 재검증 필요; 구현 누락으로 단정하지 않음,"[""ProcessingPurpose"", ""Recipient"", ""Subprocessor"", ""PurposeRecipient"", ""PurposeRevision"", ""RecipientRevision"", ""Document"", ""DocumentPurpose"", ""DocumentRecipient"", ""DocumentVersion"", ""DocumentPdf"", ""DocumentPublication"", ""ClauseTemplate"", ""ServiceConsentDisplay"", ""FormDocumentBinding"", ""SubprocessorNotice""]",게시된 문서 R,api-ui-spec.md#r10,R10-T01,R10-T02,R10-T03,R10-T04,document.read/write; 공개문서는 게시토큰·공개허용 필드,수집항목·제공/수탁자·국외이전·주민번호 관련 안내; 파라미터 의미 검증,각 category/agree/isDomestic enum 검증; 비게시 문서/개인응답 미노출,실제 DB 생성 ID/토큰; A/B회사·2서비스·허용/거부역할·활성/만료라이선스·빈/보유 상태,E2E-RR156,planned,False,False,False,게시된 문서 R,"[{""method"": ""GET"", ""path"": ""/public/services/{serviceId}/documents""}]",현재 OpenAPI에서 추출한 페이지 관련 후보; 실제 컴포넌트 호출 일치·누락 API는 R00/Rxx-T02에서 확정,"[""src/components/forms/ProcessingCatalog.tsx"", ""src/components/forms/Documents.tsx"", ""src/components/forms/ConsentDocuments.tsx"", ""src/components/forms/PublicServiceDocuments.tsx"", ""src/components/management/ConsentDisplay.tsx"", ""src/components/management/SubprocessorMail.tsx""]",../catchsecu-reverse-2026-10-09/route-coverage.json
RR157,/services/:serviceId/catchforms/:isDomestic/resident/agree/:agree,서비스 초기설정·전문가,R10,처리 목적·동의서·처리방침·서비스 공개문서,dynamic,정적 선언만 확인,,AST-R149,,실제 객체 ID·토큰·사용자 흐름이 필요함,P05-T03,파일/계약 정적 대조; 이번 계획에서 실행 미검증,정상·오류·권한별 실제동작 재검증 필요; 구현 누락으로 단정하지 않음,"[""ProcessingPurpose"", ""Recipient"", ""Subprocessor"", ""PurposeRecipient"", ""PurposeRevision"", ""RecipientRevision"", ""Document"", ""DocumentPurpose"", ""DocumentRecipient"", ""DocumentVersion"", ""DocumentPdf"", ""DocumentPublication"", ""ClauseTemplate"", ""ServiceConsentDisplay"", ""FormDocumentBinding"", ""SubprocessorNotice""]",게시된 문서 R,api-ui-spec.md#r10,R10-T01,R10-T02,R10-T03,R10-T04,document.read/write; 공개문서는 게시토큰·공개허용 필드,수집항목·제공/수탁자·국외이전·주민번호 관련 안내; 파라미터 의미 검증,각 category/agree/isDomestic enum 검증; 비게시 문서/개인응답 미노출,실제 DB 생성 ID/토큰; A/B회사·2서비스·허용/거부역할·활성/만료라이선스·빈/보유 상태,E2E-RR157,planned,False,False,False,게시된 문서 R,"[{""method"": ""GET"", ""path"": ""/public/services/{serviceId}/documents""}]",현재 OpenAPI에서 추출한 페이지 관련 후보; 실제 컴포넌트 호출 일치·누락 API는 R00/Rxx-T02에서 확정,"[""src/components/forms/ProcessingCatalog.tsx"", ""src/components/forms/Documents.tsx"", ""src/components/forms/ConsentDocuments.tsx"", ""src/components/forms/PublicServiceDocuments.tsx"", ""src/components/management/ConsentDisplay.tsx"", ""src/components/management/SubprocessorMail.tsx""]",../catchsecu-reverse-2026-10-09/route-coverage.json
RR158,/services/:serviceId/catchforms/category/:category/agree/:agree,서비스 초기설정·전문가,R10,처리 목적·동의서·처리방침·서비스 공개문서,dynamic,정적 선언만 확인,,AST-R143,,실제 객체 ID·토큰·사용자 흐름이 필요함,P05-T03,파일/계약 정적 대조; 이번 계획에서 실행 미검증,정상·오류·권한별 실제동작 재검증 필요; 구현 누락으로 단정하지 않음,"[""ProcessingPurpose"", ""Recipient"", ""Subprocessor"", ""PurposeRecipient"", ""PurposeRevision"", ""RecipientRevision"", ""Document"", ""DocumentPurpose"", ""DocumentRecipient"", ""DocumentVersion"", ""DocumentPdf"", ""DocumentPublication"", ""ClauseTemplate"", ""ServiceConsentDisplay"", ""FormDocumentBinding"", ""SubprocessorNotice""]",게시된 문서 R,api-ui-spec.md#r10,R10-T01,R10-T02,R10-T03,R10-T04,document.read/write; 공개문서는 게시토큰·공개허용 필드,수집항목·제공/수탁자·국외이전·주민번호 관련 안내; 파라미터 의미 검증,각 category/agree/isDomestic enum 검증; 비게시 문서/개인응답 미노출,실제 DB 생성 ID/토큰; A/B회사·2서비스·허용/거부역할·활성/만료라이선스·빈/보유 상태,E2E-RR158,planned,False,False,False,게시된 문서 R,"[{""method"": ""GET"", ""path"": ""/public/services/{serviceId}/documents""}]",현재 OpenAPI에서 추출한 페이지 관련 후보; 실제 컴포넌트 호출 일치·누락 API는 R00/Rxx-T02에서 확정,"[""src/components/forms/ProcessingCatalog.tsx"", ""src/components/forms/Documents.tsx"", ""src/components/forms/ConsentDocuments.tsx"", ""src/components/forms/PublicServiceDocuments.tsx"", ""src/components/management/ConsentDisplay.tsx"", ""src/components/management/SubprocessorMail.tsx""]",../catchsecu-reverse-2026-10-09/route-coverage.json
RR159,/services/:serviceId/catchforms/recipients,서비스 초기설정·전문가,R10,처리 목적·동의서·처리방침·서비스 공개문서,dynamic,정적 선언만 확인,,AST-R147,,실제 객체 ID·토큰·사용자 흐름이 필요함,P05-T03,파일/계약 정적 대조; 이번 계획에서 실행 미검증,정상·오류·권한별 실제동작 재검증 필요; 구현 누락으로 단정하지 않음,"[""ProcessingPurpose"", ""Recipient"", ""Subprocessor"", ""PurposeRecipient"", ""PurposeRevision"", ""RecipientRevision"", ""Document"", ""DocumentPurpose"", ""DocumentRecipient"", ""DocumentVersion"", ""DocumentPdf"", ""DocumentPublication"", ""ClauseTemplate"", ""ServiceConsentDisplay"", ""FormDocumentBinding"", ""SubprocessorNotice""]",게시된 문서 R,api-ui-spec.md#r10,R10-T01,R10-T02,R10-T03,R10-T04,document.read/write; 공개문서는 게시토큰·공개허용 필드,수집항목·제공/수탁자·국외이전·주민번호 관련 안내; 파라미터 의미 검증,각 category/agree/isDomestic enum 검증; 비게시 문서/개인응답 미노출,실제 DB 생성 ID/토큰; A/B회사·2서비스·허용/거부역할·활성/만료라이선스·빈/보유 상태,E2E-RR159,planned,False,False,False,게시된 문서 R,"[{""method"": ""GET"", ""path"": ""/public/services/{serviceId}/documents""}]",현재 OpenAPI에서 추출한 페이지 관련 후보; 실제 컴포넌트 호출 일치·누락 API는 R00/Rxx-T02에서 확정,"[""src/components/forms/ProcessingCatalog.tsx"", ""src/components/forms/Documents.tsx"", ""src/components/forms/ConsentDocuments.tsx"", ""src/components/forms/PublicServiceDocuments.tsx"", ""src/components/management/ConsentDisplay.tsx"", ""src/components/management/SubprocessorMail.tsx""]",../catchsecu-reverse-2026-10-09/route-coverage.json
RR160,/services/:serviceId/catchforms/recipients/agree/:agree,서비스 초기설정·전문가,R10,처리 목적·동의서·처리방침·서비스 공개문서,dynamic,정적 선언만 확인,,AST-R144,,실제 객체 ID·토큰·사용자 흐름이 필요함,P05-T03,파일/계약 정적 대조; 이번 계획에서 실행 미검증,정상·오류·권한별 실제동작 재검증 필요; 구현 누락으로 단정하지 않음,"[""ProcessingPurpose"", ""Recipient"", ""Subprocessor"", ""PurposeRecipient"", ""PurposeRevision"", ""RecipientRevision"", ""Document"", ""DocumentPurpose"", ""DocumentRecipient"", ""DocumentVersion"", ""DocumentPdf"", ""DocumentPublication"", ""ClauseTemplate"", ""ServiceConsentDisplay"", ""FormDocumentBinding"", ""SubprocessorNotice""]",게시된 문서 R,api-ui-spec.md#r10,R10-T01,R10-T02,R10-T03,R10-T04,document.read/write; 공개문서는 게시토큰·공개허용 필드,수집항목·제공/수탁자·국외이전·주민번호 관련 안내; 파라미터 의미 검증,각 category/agree/isDomestic enum 검증; 비게시 문서/개인응답 미노출,실제 DB 생성 ID/토큰; A/B회사·2서비스·허용/거부역할·활성/만료라이선스·빈/보유 상태,E2E-RR160,planned,False,False,False,게시된 문서 R,"[{""method"": ""GET"", ""path"": ""/public/services/{serviceId}/documents""}]",현재 OpenAPI에서 추출한 페이지 관련 후보; 실제 컴포넌트 호출 일치·누락 API는 R00/Rxx-T02에서 확정,"[""src/components/forms/ProcessingCatalog.tsx"", ""src/components/forms/Documents.tsx"", ""src/components/forms/ConsentDocuments.tsx"", ""src/components/forms/PublicServiceDocuments.tsx"", ""src/components/management/ConsentDisplay.tsx"", ""src/components/management/SubprocessorMail.tsx""]",../catchsecu-reverse-2026-10-09/route-coverage.json
RR161,/services/:serviceId/oversea/catchforms,서비스 초기설정·전문가,R10,처리 목적·동의서·처리방침·서비스 공개문서,dynamic,정적 선언만 확인,,AST-R148,,실제 객체 ID·토큰·사용자 흐름이 필요함,P05-T03,파일/계약 정적 대조; 이번 계획에서 실행 미검증,정상·오류·권한별 실제동작 재검증 필요; 구현 누락으로 단정하지 않음,"[""ProcessingPurpose"", ""Recipient"", ""Subprocessor"", ""PurposeRecipient"", ""PurposeRevision"", ""RecipientRevision"", ""Document"", ""DocumentPurpose"", ""DocumentRecipient"", ""DocumentVersion"", ""DocumentPdf"", ""DocumentPublication"", ""ClauseTemplate"", ""ServiceConsentDisplay"", ""FormDocumentBinding"", ""SubprocessorNotice""]",게시된 문서 R,api-ui-spec.md#r10,R10-T01,R10-T02,R10-T03,R10-T04,document.read/write; 공개문서는 게시토큰·공개허용 필드,수집항목·제공/수탁자·국외이전·주민번호 관련 안내; 파라미터 의미 검증,각 category/agree/isDomestic enum 검증; 비게시 문서/개인응답 미노출,실제 DB 생성 ID/토큰; A/B회사·2서비스·허용/거부역할·활성/만료라이선스·빈/보유 상태,E2E-RR161,planned,False,False,False,게시된 문서 R,"[{""method"": ""GET"", ""path"": ""/public/services/{serviceId}/documents""}]",현재 OpenAPI에서 추출한 페이지 관련 후보; 실제 컴포넌트 호출 일치·누락 API는 R00/Rxx-T02에서 확정,"[""src/components/forms/ProcessingCatalog.tsx"", ""src/components/forms/Documents.tsx"", ""src/components/forms/ConsentDocuments.tsx"", ""src/components/forms/PublicServiceDocuments.tsx"", ""src/components/management/ConsentDisplay.tsx"", ""src/components/management/SubprocessorMail.tsx""]",../catchsecu-reverse-2026-10-09/route-coverage.json
RR162,/services/:serviceId/oversea/catchforms/agree/:agree,서비스 초기설정·전문가,R10,처리 목적·동의서·처리방침·서비스 공개문서,dynamic,정적 선언만 확인,,AST-R145,,실제 객체 ID·토큰·사용자 흐름이 필요함,P05-T03,파일/계약 정적 대조; 이번 계획에서 실행 미검증,정상·오류·권한별 실제동작 재검증 필요; 구현 누락으로 단정하지 않음,"[""ProcessingPurpose"", ""Recipient"", ""Subprocessor"", ""PurposeRecipient"", ""PurposeRevision"", ""RecipientRevision"", ""Document"", ""DocumentPurpose"", ""DocumentRecipient"", ""DocumentVersion"", ""DocumentPdf"", ""DocumentPublication"", ""ClauseTemplate"", ""ServiceConsentDisplay"", ""FormDocumentBinding"", ""SubprocessorNotice""]",게시된 문서 R,api-ui-spec.md#r10,R10-T01,R10-T02,R10-T03,R10-T04,document.read/write; 공개문서는 게시토큰·공개허용 필드,수집항목·제공/수탁자·국외이전·주민번호 관련 안내; 파라미터 의미 검증,각 category/agree/isDomestic enum 검증; 비게시 문서/개인응답 미노출,실제 DB 생성 ID/토큰; A/B회사·2서비스·허용/거부역할·활성/만료라이선스·빈/보유 상태,E2E-RR162,planned,False,False,False,게시된 문서 R,"[{""method"": ""GET"", ""path"": ""/public/services/{serviceId}/documents""}]",현재 OpenAPI에서 추출한 페이지 관련 후보; 실제 컴포넌트 호출 일치·누락 API는 R00/Rxx-T02에서 확정,"[""src/components/forms/ProcessingCatalog.tsx"", ""src/components/forms/Documents.tsx"", ""src/components/forms/ConsentDocuments.tsx"", ""src/components/forms/PublicServiceDocuments.tsx"", ""src/components/management/ConsentDisplay.tsx"", ""src/components/management/SubprocessorMail.tsx""]",../catchsecu-reverse-2026-10-09/route-coverage.json
RR163,/set/authority,권한 관리,R04,구성원·초대·권한·전문가,page,리디렉션 관찰,LIVE-set__authority,AST-R029,"ADMIN,ROOT,SECURITY,USER",,P03-T02,파일/계약 정적 대조; 이번 계획에서 실행 미검증,정상·오류·권한별 실제동작 재검증 필요; 구현 누락으로 단정하지 않음,"[""Membership"", ""ServiceGrant"", ""Invitation"", ""AccessRequest"", ""ExpertAssignment"", ""ExpertAssignmentService""]",역할 CRUD/권한 변경,api-ui-spec.md#r04,R04-T01,R04-T02,R04-T03,R04-T04,"member.manage, company.manage, platformAdmin; 원본 ROOT 등과 로컬 역할은 별도 매핑",권한목록·역할 편집·서비스별 체크·변경확인,자기권한초과 부여 금지; 마지막owner 유지; API 즉시반영,실제 DB 생성 ID/토큰; A/B회사·2서비스·허용/거부역할·활성/만료라이선스·빈/보유 상태,E2E-RR163,planned,False,False,False,역할 CRUD/권한 변경,"[{""method"": ""GET"", ""path"": ""/services""}, {""method"": ""POST"", ""path"": ""/services""}, {""method"": ""GET"", ""path"": ""/services/{id}""}, {""method"": ""PATCH"", ""path"": ""/services/{id}""}, {""method"": ""DELETE"", ""path"": ""/services/{id}""}, {""method"": ""GET"", ""path"": ""/services/{id}/verification""}, {""method"": ""POST"", ""path"": ""/services/{id}/verification""}, {""method"": ""PATCH"", ""path"": ""/services/{id}/verification""}, {""method"": ""DELETE"", ""path"": ""/services/{id}/verification""}, {""method"": ""GET"", ""path"": ""/members""}, {""method"": ""GET"", ""path"": ""/members/{id}""}, {""method"": ""PATCH"", ""path"": ""/members/{id}""}, {""method"": ""DELETE"", ""path"": ""/members/{id}""}, {""method"": ""POST"", ""path"": ""/members/{id}/transfer""}, {""method"": ""GET"", ""path"": ""/services/{id}/consent-display/{kind}""}, {""method"": ""PATCH"", ""path"": ""/services/{id}/consent-display/{kind}""}, {""method"": ""GET"", ""path"": ""/services/{id}/subprocessors""}, {""method"": ""POST"", ""path"": ""/services/{id}/subprocessors""}, {""method"": ""GET"", ""path"": ""/services/{id}/subprocessors/{subId}""}, {""method"": ""PATCH"", ""path"": ""/services/{id}/subprocessors/{subId}""}, {""method"": ""GET"", ""path"": ""/services/{id}/subprocessor-notices""}, {""method"": ""POST"", ""path"": ""/services/{id}/subprocessor-notices""}, {""method"": ""GET"", ""path"": ""/access-requests""}, {""method"": ""POST"", ""path"": ""/access-requests""}, {""method"": ""PATCH"", ""path"": ""/access-requests/{id}""}, {""method"": ""DELETE"", ""path"": ""/access-requests/{id}""}]",현재 OpenAPI에서 추출한 페이지 관련 후보; 실제 컴포넌트 호출 일치·누락 API는 R00/Rxx-T02에서 확정,"[""src/components/management/members.tsx"", ""src/components/auth/InvitationAccept.tsx"", ""src/components/ExpertSelectPage.tsx"", ""src/components/ExpertAssignmentsAdmin.tsx""]",../catchsecu-reverse-2026-10-09/route-coverage.json
RR164,/set/company,회사·서비스·구성원 설정,R03,회사·서비스·초기 설정,page,화면 관찰,LIVE-set__company,AST-R127,EXPERT,,P03-T01,파일/계약 정적 대조; 이번 계획에서 실행 미검증,정상·오류·권한별 실제동작 재검증 필요; 구현 누락으로 단정하지 않음,"[""Company"", ""CompanyBusinessFile"", ""Service"", ""Membership"", ""ServiceGrant"", ""AccessRequest""]",회사 C/R/U/폐쇄,api-ui-spec.md#r03,R03-T01,R03-T02,R03-T03,R03-T04,company.manage/service.manage; 접근요청은 자기 멤버십·허용 서비스,회사목록/선택·상세·편집·파일·폐쇄 요청,재시작영속; 사업자파일 검증; 잔존자산 인계·폐쇄조건,실제 DB 생성 ID/토큰; A/B회사·2서비스·허용/거부역할·활성/만료라이선스·빈/보유 상태,E2E-RR164,planned,False,False,False,회사 C/R/U/폐쇄,"[{""method"": ""GET"", ""path"": ""/companies""}, {""method"": ""POST"", ""path"": ""/companies""}, {""method"": ""GET"", ""path"": ""/companies/{id}""}, {""method"": ""PATCH"", ""path"": ""/companies/{id}""}, {""method"": ""DELETE"", ""path"": ""/companies/{id}""}, {""method"": ""POST"", ""path"": ""/companies/{id}/closure""}, {""method"": ""GET"", ""path"": ""/companies/{id}/business-file""}, {""method"": ""POST"", ""path"": ""/companies/{id}/business-file""}, {""method"": ""DELETE"", ""path"": ""/companies/{id}/business-file""}]",현재 OpenAPI에서 추출한 페이지 관련 후보; 실제 컴포넌트 호출 일치·누락 API는 R00/Rxx-T02에서 확정,"[""src/components/management/live.tsx"", ""src/components/ServiceAccessPage.tsx"", ""src/components/ApplicationContext.tsx""]",../catchsecu-reverse-2026-10-09/route-coverage.json
RR165,/set/company/edit,회사·서비스·구성원 설정,R03,회사·서비스·초기 설정,page,정적 선언만 확인,,AST-R128,"ADMIN,BILLING,EXPERT,ROOT",모든 카테고리의 대표 화면을 조사했으며 이 경로의 정상 상태는 실행 미검증,P03-T01,파일/계약 정적 대조; 이번 계획에서 실행 미검증,정상·오류·권한별 실제동작 재검증 필요; 구현 누락으로 단정하지 않음,"[""Company"", ""CompanyBusinessFile"", ""Service"", ""Membership"", ""ServiceGrant"", ""AccessRequest""]",회사 C/R/U/폐쇄,api-ui-spec.md#r03,R03-T01,R03-T02,R03-T03,R03-T04,company.manage/service.manage; 접근요청은 자기 멤버십·허용 서비스,회사목록/선택·상세·편집·파일·폐쇄 요청,재시작영속; 사업자파일 검증; 잔존자산 인계·폐쇄조건,실제 DB 생성 ID/토큰; A/B회사·2서비스·허용/거부역할·활성/만료라이선스·빈/보유 상태,E2E-RR165,planned,False,False,False,회사 C/R/U/폐쇄,"[{""method"": ""GET"", ""path"": ""/companies""}, {""method"": ""POST"", ""path"": ""/companies""}, {""method"": ""GET"", ""path"": ""/companies/{id}""}, {""method"": ""PATCH"", ""path"": ""/companies/{id}""}, {""method"": ""DELETE"", ""path"": ""/companies/{id}""}, {""method"": ""POST"", ""path"": ""/companies/{id}/closure""}, {""method"": ""GET"", ""path"": ""/companies/{id}/business-file""}, {""method"": ""POST"", ""path"": ""/companies/{id}/business-file""}, {""method"": ""DELETE"", ""path"": ""/companies/{id}/business-file""}]",현재 OpenAPI에서 추출한 페이지 관련 후보; 실제 컴포넌트 호출 일치·누락 API는 R00/Rxx-T02에서 확정,"[""src/components/management/live.tsx"", ""src/components/ServiceAccessPage.tsx"", ""src/components/ApplicationContext.tsx""]",../catchsecu-reverse-2026-10-09/route-coverage.json
RR166,/set/company/policy,회사·서비스·구성원 설정,R06,회사 보안정책·IP·MFA,page,엔터프라이즈 제한,LIVE-set__company__policy,AST-R129,EXPERT,,P11-T01,파일/계약 정적 대조; 이번 계획에서 실행 미검증,정상·오류·권한별 실제동작 재검증 필요; 구현 누락으로 단정하지 않음,"[""SecurityPolicy"", ""IpAccessPolicy"", ""IpRule"", ""MfaException"", ""PasswordHistory"", ""PasswordDeferral"", ""TwoFactor""]",설정 R/U/기본값복원,api-ui-spec.md#r06,R06-T01,R06-T02,R06-T03,R06-T04,security.read/write + 서비스 범위 + entitlements,정책5탭 입력·저장·버전충돌·집행결과,암호/게시/파기/세션 각각 실제집행; 저장메시지만 성공 금지,실제 DB 생성 ID/토큰; A/B회사·2서비스·허용/거부역할·활성/만료라이선스·빈/보유 상태,E2E-RR166,planned,False,False,False,설정 R/U/기본값복원,"[{""method"": ""GET"", ""path"": ""/security/policy""}, {""method"": ""PATCH"", ""path"": ""/security/policy""}, {""method"": ""DELETE"", ""path"": ""/security/policy""}]",현재 OpenAPI에서 추출한 페이지 관련 후보; 실제 컴포넌트 호출 일치·누락 API는 R00/Rxx-T02에서 확정,"[""src/components/management/policy.tsx"", ""src/components/management/SecurityOverview.tsx"", ""src/components/management/IpAccess.tsx"", ""src/components/management/MfaPolicy.tsx""]",../catchsecu-reverse-2026-10-09/route-coverage.json
RR167,/set/company/policy/setting,회사·서비스·구성원 설정,R06,회사 보안정책·IP·MFA,page,정적 선언만 확인,,AST-R130,"ADMIN,BILLING,EXPERT,ROOT",모든 카테고리의 대표 화면을 조사했으며 이 경로의 정상 상태는 실행 미검증,P11-T01,파일/계약 정적 대조; 이번 계획에서 실행 미검증,정상·오류·권한별 실제동작 재검증 필요; 구현 누락으로 단정하지 않음,"[""SecurityPolicy"", ""IpAccessPolicy"", ""IpRule"", ""MfaException"", ""PasswordHistory"", ""PasswordDeferral"", ""TwoFactor""]",설정 R/U/기본값복원,api-ui-spec.md#r06,R06-T01,R06-T02,R06-T03,R06-T04,security.read/write + 서비스 범위 + entitlements,정책5탭 입력·저장·버전충돌·집행결과,암호/게시/파기/세션 각각 실제집행; 저장메시지만 성공 금지,실제 DB 생성 ID/토큰; A/B회사·2서비스·허용/거부역할·활성/만료라이선스·빈/보유 상태,E2E-RR167,planned,False,False,False,설정 R/U/기본값복원,"[{""method"": ""GET"", ""path"": ""/security/policy""}, {""method"": ""PATCH"", ""path"": ""/security/policy""}, {""method"": ""DELETE"", ""path"": ""/security/policy""}]",현재 OpenAPI에서 추출한 페이지 관련 후보; 실제 컴포넌트 호출 일치·누락 API는 R00/Rxx-T02에서 확정,"[""src/components/management/policy.tsx"", ""src/components/management/SecurityOverview.tsx"", ""src/components/management/IpAccess.tsx"", ""src/components/management/MfaPolicy.tsx""]",../catchsecu-reverse-2026-10-09/route-coverage.json
RR168,/set/member,회사·서비스·구성원 설정,R04,구성원·초대·권한·전문가,page,유료 제한,LIVE-set__member,AST-R135,"ADMIN,BILLING,ROOT,SECURITY,USER",,P03-T02,파일/계약 정적 대조; 이번 계획에서 실행 미검증,정상·오류·권한별 실제동작 재검증 필요; 구현 누락으로 단정하지 않음,"[""Membership"", ""ServiceGrant"", ""Invitation"", ""AccessRequest"", ""ExpertAssignment"", ""ExpertAssignmentService""]",초대 C/R/U/회수; 구성원 R/U/D,api-ui-spec.md#r04,R04-T01,R04-T02,R04-T03,R04-T04,"member.manage, company.manage, platformAdmin; 원본 ROOT 등과 로컬 역할은 별도 매핑",구성원목록·초대·역할·서비스범위·정지/삭제,초대수락·취소·만료; 마지막owner 거부; 본인권한초과 차단,실제 DB 생성 ID/토큰; A/B회사·2서비스·허용/거부역할·활성/만료라이선스·빈/보유 상태,E2E-RR168,planned,False,False,False,초대 C/R/U/회수; 구성원 R/U/D,"[{""method"": ""GET"", ""path"": ""/invitations""}, {""method"": ""POST"", ""path"": ""/invitations""}, {""method"": ""DELETE"", ""path"": ""/invitations/{id}""}, {""method"": ""GET"", ""path"": ""/members""}, {""method"": ""GET"", ""path"": ""/members/{id}""}, {""method"": ""PATCH"", ""path"": ""/members/{id}""}, {""method"": ""DELETE"", ""path"": ""/members/{id}""}, {""method"": ""POST"", ""path"": ""/members/{id}/transfer""}, {""method"": ""POST"", ""path"": ""/invitations/{id}/resend""}, {""method"": ""POST"", ""path"": ""/invitations/preview""}, {""method"": ""POST"", ""path"": ""/invitations/accept""}, {""method"": ""POST"", ""path"": ""/invitations/sso/options""}, {""method"": ""POST"", ""path"": ""/invitations/sso/start""}]",현재 OpenAPI에서 추출한 페이지 관련 후보; 실제 컴포넌트 호출 일치·누락 API는 R00/Rxx-T02에서 확정,"[""src/components/management/members.tsx"", ""src/components/auth/InvitationAccept.tsx"", ""src/components/ExpertSelectPage.tsx"", ""src/components/ExpertAssignmentsAdmin.tsx""]",../catchsecu-reverse-2026-10-09/route-coverage.json
RR169,/set/service,회사·서비스·구성원 설정,R03,회사·서비스·초기 설정,page,화면 관찰,LIVE-set__service,AST-R131,"ADMIN,EXPERT,ROOT,USER",,P03-T01,파일/계약 정적 대조; 이번 계획에서 실행 미검증,정상·오류·권한별 실제동작 재검증 필요; 구현 누락으로 단정하지 않음,"[""Company"", ""CompanyBusinessFile"", ""Service"", ""Membership"", ""ServiceGrant"", ""AccessRequest""]",CRUD/archive,api-ui-spec.md#r03,R03-T01,R03-T02,R03-T03,R03-T04,company.manage/service.manage; 접근요청은 자기 멤버십·허용 서비스,서비스목록·검색·생성/수정·삭제확인·참조건수,참조중409·타회사403; 생성·편집·보관·복원목록 일치,실제 DB 생성 ID/토큰; A/B회사·2서비스·허용/거부역할·활성/만료라이선스·빈/보유 상태,E2E-RR169,planned,False,False,False,CRUD/archive,"[{""method"": ""GET"", ""path"": ""/services""}, {""method"": ""POST"", ""path"": ""/services""}, {""method"": ""GET"", ""path"": ""/services/{id}""}, {""method"": ""PATCH"", ""path"": ""/services/{id}""}, {""method"": ""DELETE"", ""path"": ""/services/{id}""}, {""method"": ""GET"", ""path"": ""/services/{id}/verification""}, {""method"": ""POST"", ""path"": ""/services/{id}/verification""}, {""method"": ""PATCH"", ""path"": ""/services/{id}/verification""}, {""method"": ""DELETE"", ""path"": ""/services/{id}/verification""}, {""method"": ""GET"", ""path"": ""/services/{id}/consent-display/{kind}""}, {""method"": ""PATCH"", ""path"": ""/services/{id}/consent-display/{kind}""}, {""method"": ""GET"", ""path"": ""/services/{id}/subprocessors""}, {""method"": ""POST"", ""path"": ""/services/{id}/subprocessors""}, {""method"": ""GET"", ""path"": ""/services/{id}/subprocessors/{subId}""}, {""method"": ""PATCH"", ""path"": ""/services/{id}/subprocessors/{subId}""}, {""method"": ""GET"", ""path"": ""/services/{id}/subprocessor-notices""}, {""method"": ""POST"", ""path"": ""/services/{id}/subprocessor-notices""}]",현재 OpenAPI에서 추출한 페이지 관련 후보; 실제 컴포넌트 호출 일치·누락 API는 R00/Rxx-T02에서 확정,"[""src/components/management/live.tsx"", ""src/components/ServiceAccessPage.tsx"", ""src/components/ApplicationContext.tsx""]",../catchsecu-reverse-2026-10-09/route-coverage.json
RR170,/set/service/consent,회사·서비스·구성원 설정,R10,처리 목적·동의서·처리방침·서비스 공개문서,page,정적 선언만 확인,,AST-R133,"ADMIN,EXPERT,ROOT,USER",모든 카테고리의 대표 화면을 조사했으며 이 경로의 정상 상태는 실행 미검증,P03-T04,파일/계약 정적 대조; 이번 계획에서 실행 미검증,정상·오류·권한별 실제동작 재검증 필요; 구현 누락으로 단정하지 않음,"[""ProcessingPurpose"", ""Recipient"", ""Subprocessor"", ""PurposeRecipient"", ""PurposeRevision"", ""RecipientRevision"", ""Document"", ""DocumentPurpose"", ""DocumentRecipient"", ""DocumentVersion"", ""DocumentPdf"", ""DocumentPublication"", ""ClauseTemplate"", ""ServiceConsentDisplay"", ""FormDocumentBinding"", ""SubprocessorNotice""]",C/R/U/D 설정,api-ui-spec.md#r10,R10-T01,R10-T02,R10-T03,R10-T04,document.read/write; 공개문서는 게시토큰·공개허용 필드,유형별 내부문서/외부링크 설정·미리보기,탭별복원·URL검증·문서범위·유형삭제 기본표시,실제 DB 생성 ID/토큰; A/B회사·2서비스·허용/거부역할·활성/만료라이선스·빈/보유 상태,E2E-RR170,planned,False,False,False,C/R/U/D 설정,"[{""method"": ""GET"", ""path"": ""/services/{id}/consent-display/{kind}""}, {""method"": ""PATCH"", ""path"": ""/services/{id}/consent-display/{kind}""}]",현재 OpenAPI에서 추출한 페이지 관련 후보; 실제 컴포넌트 호출 일치·누락 API는 R00/Rxx-T02에서 확정,"[""src/components/forms/ProcessingCatalog.tsx"", ""src/components/forms/Documents.tsx"", ""src/components/forms/ConsentDocuments.tsx"", ""src/components/forms/PublicServiceDocuments.tsx"", ""src/components/management/ConsentDisplay.tsx"", ""src/components/management/SubprocessorMail.tsx""]",../catchsecu-reverse-2026-10-09/route-coverage.json
RR171,/set/service/consigment/mail,회사·서비스·구성원 설정,R10,처리 목적·동의서·처리방침·서비스 공개문서,page,정적 선언만 확인,,AST-R134,"ADMIN,BILLING,ROOT,SECURITY,USER",모든 카테고리의 대표 화면을 조사했으며 이 경로의 정상 상태는 실행 미검증,P03-T04,파일/계약 정적 대조; 이번 계획에서 실행 미검증,정상·오류·권한별 실제동작 재검증 필요; 구현 누락으로 단정하지 않음,"[""ProcessingPurpose"", ""Recipient"", ""Subprocessor"", ""PurposeRecipient"", ""PurposeRevision"", ""RecipientRevision"", ""Document"", ""DocumentPurpose"", ""DocumentRecipient"", ""DocumentVersion"", ""DocumentPdf"", ""DocumentPublication"", ""ClauseTemplate"", ""ServiceConsentDisplay"", ""FormDocumentBinding"", ""SubprocessorNotice""]",수탁자 CRUD/공지 C,api-ui-spec.md#r10,R10-T01,R10-T02,R10-T03,R10-T04,document.read/write; 공개문서는 게시토큰·공개허용 필드,재위탁 업체·변경내용·수신자·발송확인·결과,실제메일함 수신·중복공지 방지·대상범위검증,실제 DB 생성 ID/토큰; A/B회사·2서비스·허용/거부역할·활성/만료라이선스·빈/보유 상태,E2E-RR171,planned,False,False,False,수탁자 CRUD/공지 C,"[{""method"": ""GET"", ""path"": ""/services/{id}/subprocessors""}, {""method"": ""POST"", ""path"": ""/services/{id}/subprocessors""}, {""method"": ""GET"", ""path"": ""/services/{id}/subprocessors/{subId}""}, {""method"": ""PATCH"", ""path"": ""/services/{id}/subprocessors/{subId}""}, {""method"": ""GET"", ""path"": ""/services/{id}/subprocessor-notices""}, {""method"": ""POST"", ""path"": ""/services/{id}/subprocessor-notices""}]",현재 OpenAPI에서 추출한 페이지 관련 후보; 실제 컴포넌트 호출 일치·누락 API는 R00/Rxx-T02에서 확정,"[""src/components/forms/ProcessingCatalog.tsx"", ""src/components/forms/Documents.tsx"", ""src/components/forms/ConsentDocuments.tsx"", ""src/components/forms/PublicServiceDocuments.tsx"", ""src/components/management/ConsentDisplay.tsx"", ""src/components/management/SubprocessorMail.tsx""]",../catchsecu-reverse-2026-10-09/route-coverage.json
RR172,/set/service/modification,회사·서비스·구성원 설정,R03,회사·서비스·초기 설정,page,정적 선언만 확인,,AST-R132,"ADMIN,EXPERT,ROOT,USER",모든 카테고리의 대표 화면을 조사했으며 이 경로의 정상 상태는 실행 미검증,P03-T01,파일/계약 정적 대조; 이번 계획에서 실행 미검증,정상·오류·권한별 실제동작 재검증 필요; 구현 누락으로 단정하지 않음,"[""Company"", ""CompanyBusinessFile"", ""Service"", ""Membership"", ""ServiceGrant"", ""AccessRequest""]",CRUD/archive,api-ui-spec.md#r03,R03-T01,R03-T02,R03-T03,R03-T04,company.manage/service.manage; 접근요청은 자기 멤버십·허용 서비스,서비스목록·검색·생성/수정·삭제확인·참조건수,참조중409·타회사403; 생성·편집·보관·복원목록 일치,실제 DB 생성 ID/토큰; A/B회사·2서비스·허용/거부역할·활성/만료라이선스·빈/보유 상태,E2E-RR172,planned,False,False,False,CRUD/archive,"[{""method"": ""GET"", ""path"": ""/services""}, {""method"": ""POST"", ""path"": ""/services""}, {""method"": ""GET"", ""path"": ""/services/{id}""}, {""method"": ""PATCH"", ""path"": ""/services/{id}""}, {""method"": ""DELETE"", ""path"": ""/services/{id}""}, {""method"": ""GET"", ""path"": ""/services/{id}/verification""}, {""method"": ""POST"", ""path"": ""/services/{id}/verification""}, {""method"": ""PATCH"", ""path"": ""/services/{id}/verification""}, {""method"": ""DELETE"", ""path"": ""/services/{id}/verification""}, {""method"": ""GET"", ""path"": ""/services/{id}/consent-display/{kind}""}, {""method"": ""PATCH"", ""path"": ""/services/{id}/consent-display/{kind}""}, {""method"": ""GET"", ""path"": ""/services/{id}/subprocessors""}, {""method"": ""POST"", ""path"": ""/services/{id}/subprocessors""}, {""method"": ""GET"", ""path"": ""/services/{id}/subprocessors/{subId}""}, {""method"": ""PATCH"", ""path"": ""/services/{id}/subprocessors/{subId}""}, {""method"": ""GET"", ""path"": ""/services/{id}/subprocessor-notices""}, {""method"": ""POST"", ""path"": ""/services/{id}/subprocessor-notices""}]",현재 OpenAPI에서 추출한 페이지 관련 후보; 실제 컴포넌트 호출 일치·누락 API는 R00/Rxx-T02에서 확정,"[""src/components/management/live.tsx"", ""src/components/ServiceAccessPage.tsx"", ""src/components/ApplicationContext.tsx""]",../catchsecu-reverse-2026-10-09/route-coverage.json
RR173,/shared-privacy/email-verify,정보주체·공유·공개 폼,R12,외부 공유·열람자 인증,page,정적 선언만 확인,,AST-R175,,모든 카테고리의 대표 화면을 조사했으며 이 경로의 정상 상태는 실행 미검증,P06-T04,파일/계약 정적 대조; 이번 계획에서 실행 미검증,정상·오류·권한별 실제동작 재검증 필요; 구현 누락으로 단정하지 않음,"[""ShareGrant"", ""ShareField"", ""ViewerChallenge"", ""ViewerSession""]",인증 C/범위 R,api-ui-spec.md#r12,R12-T01,R12-T02,R12-T03,R12-T04,share.manage; 외부 viewer 전용 세션과 필드 allowlist,폼코드·초대코드·이메일 입력→확인→허용열람,미인증/타메일/만료/회수 거부; 필드마스킹; 파일우회 방지,실제 DB 생성 ID/토큰; A/B회사·2서비스·허용/거부역할·활성/만료라이선스·빈/보유 상태,E2E-RR173,planned,False,False,False,인증 C/범위 R,"[{""method"": ""POST"", ""path"": ""/viewer/challenges""}, {""method"": ""POST"", ""path"": ""/viewer/challenges/{challengeId}/verify""}, {""method"": ""GET"", ""path"": ""/viewer/session""}]",현재 OpenAPI에서 추출한 페이지 관련 후보; 실제 컴포넌트 호출 일치·누락 API는 R00/Rxx-T02에서 확정,"[""src/components/forms/ShareGrants.tsx"", ""src/components/forms/SharedPrivacy.tsx""]",../catchsecu-reverse-2026-10-09/route-coverage.json
RR174,/shared-privacy/verify,정보주체·공유·공개 폼,R12,외부 공유·열람자 인증,page,화면 관찰,LIVE-interaction-shared-destination,AST-R174,,,P06-T04,파일/계약 정적 대조; 이번 계획에서 실행 미검증,정상·오류·권한별 실제동작 재검증 필요; 구현 누락으로 단정하지 않음,"[""ShareGrant"", ""ShareField"", ""ViewerChallenge"", ""ViewerSession""]",인증 C/범위 R,api-ui-spec.md#r12,R12-T01,R12-T02,R12-T03,R12-T04,share.manage; 외부 viewer 전용 세션과 필드 allowlist,폼코드·초대코드·이메일 입력→확인→허용열람,미인증/타메일/만료/회수 거부; 필드마스킹; 파일우회 방지,실제 DB 생성 ID/토큰; A/B회사·2서비스·허용/거부역할·활성/만료라이선스·빈/보유 상태,E2E-RR174,planned,False,False,False,인증 C/범위 R,"[{""method"": ""POST"", ""path"": ""/viewer/challenges""}, {""method"": ""POST"", ""path"": ""/viewer/challenges/{challengeId}/verify""}]",현재 OpenAPI에서 추출한 페이지 관련 후보; 실제 컴포넌트 호출 일치·누락 API는 R00/Rxx-T02에서 확정,"[""src/components/forms/ShareGrants.tsx"", ""src/components/forms/SharedPrivacy.tsx""]",../catchsecu-reverse-2026-10-09/route-coverage.json
RR175,/shared-privacy/view,정보주체·공유·공개 폼,R12,외부 공유·열람자 인증,page,정적 선언만 확인,,AST-R176,,모든 카테고리의 대표 화면을 조사했으며 이 경로의 정상 상태는 실행 미검증,P06-T04,파일/계약 정적 대조; 이번 계획에서 실행 미검증,정상·오류·권한별 실제동작 재검증 필요; 구현 누락으로 단정하지 않음,"[""ShareGrant"", ""ShareField"", ""ViewerChallenge"", ""ViewerSession""]",인증 C/범위 R,api-ui-spec.md#r12,R12-T01,R12-T02,R12-T03,R12-T04,share.manage; 외부 viewer 전용 세션과 필드 allowlist,폼코드·초대코드·이메일 입력→확인→허용열람,미인증/타메일/만료/회수 거부; 필드마스킹; 파일우회 방지,실제 DB 생성 ID/토큰; A/B회사·2서비스·허용/거부역할·활성/만료라이선스·빈/보유 상태,E2E-RR175,planned,False,False,False,인증 C/범위 R,"[{""method"": ""GET"", ""path"": ""/viewer/session""}, {""method"": ""POST"", ""path"": ""/viewer/logout""}, {""method"": ""GET"", ""path"": ""/viewer/submissions""}, {""method"": ""GET"", ""path"": ""/viewer/submissions/{id}""}, {""method"": ""GET"", ""path"": ""/viewer/files""}, {""method"": ""GET"", ""path"": ""/viewer/files/{id}""}, {""method"": ""GET"", ""path"": ""/viewer/files/{id}/download""}]",현재 OpenAPI에서 추출한 페이지 관련 후보; 실제 컴포넌트 호출 일치·누락 API는 R00/Rxx-T02에서 확정,"[""src/components/forms/ShareGrants.tsx"", ""src/components/forms/SharedPrivacy.tsx""]",../catchsecu-reverse-2026-10-09/route-coverage.json
RR176,/signup,로그인·인증,R02,계정 인증·세션·복구,page,정적 선언만 확인,,AST-R021,,모든 카테고리의 대표 화면을 조사했으며 이 경로의 정상 상태는 실행 미검증,P02-T04,파일/계약 정적 대조; 이번 계획에서 실행 미검증,정상·오류·권한별 실제동작 재검증 필요; 구현 누락으로 단정하지 않음,"[""User"", ""Account"", ""Session"", ""Verification"", ""TwoFactor"", ""RateLimit"", ""PasswordHistory"", ""PasswordDeferral""]",계정/소속 C,api-ui-spec.md#r02,R02-T01,R02-T02,R02-T03,R02-T04,익명 challenge 또는 자기 계정; 회사 권한 이전에 인증 검증,일반가입·외부인증 후 가입·초대가입,중복이메일·초대만료·이메일일치·외부신원검증; 회사 자동승격 금지,실제 DB 생성 ID/토큰; A/B회사·2서비스·허용/거부역할·활성/만료라이선스·빈/보유 상태,E2E-RR176,planned,False,False,False,계정/소속 C,"[{""method"": ""POST"", ""path"": ""/auth/sign-up/email""}]",현재 OpenAPI에서 추출한 페이지 관련 후보; 실제 컴포넌트 호출 일치·누락 API는 R00/Rxx-T02에서 확정,"[""src/components/auth/AuthPages.tsx"", ""src/components/auth/LiveAuth.tsx""]",../catchsecu-reverse-2026-10-09/route-coverage.json
RR177,/sms,문자,R17,발신번호·문자 캠페인,page,정적 선언만 확인,,AST-R137,,모든 카테고리의 대표 화면을 조사했으며 이 경로의 정상 상태는 실행 미검증,P08-T01,파일/계약 정적 대조; 이번 계획에서 실행 미검증,정상·오류·권한별 실제동작 재검증 필요; 구현 누락으로 단정하지 않음,"[""Sender"", ""SenderVerification"", ""SenderEvent"", ""Campaign"", ""CampaignDelivery"", ""CampaignEvent"", ""SmsReceipt"", ""MessageTemplate"", ""MessageTemplateRevision""]",R/등록화면이동,api-ui-spec.md#r17,R17-T01,R17-T02,R17-T03,R17-T04,sender.manage·message.send/manage·service scope,발신자없음·미인증 안내; 등록되면 작성화면,등록전차단·검증후작성허용; GET 라우트임의발송0,실제 DB 생성 ID/토큰; A/B회사·2서비스·허용/거부역할·활성/만료라이선스·빈/보유 상태,E2E-RR177,planned,False,False,False,R/등록화면이동,"[{""method"": ""GET"", ""path"": ""/senders""}, {""method"": ""POST"", ""path"": ""/senders""}, {""method"": ""GET"", ""path"": ""/senders/{id}""}, {""method"": ""PATCH"", ""path"": ""/senders/{id}""}, {""method"": ""DELETE"", ""path"": ""/senders/{id}""}, {""method"": ""POST"", ""path"": ""/senders/{id}/default""}, {""method"": ""POST"", ""path"": ""/senders/{id}/disable""}, {""method"": ""POST"", ""path"": ""/senders/{id}/renew""}, {""method"": ""POST"", ""path"": ""/senders/{id}/cleanup""}, {""method"": ""POST"", ""path"": ""/senders/{id}/request-email""}, {""method"": ""POST"", ""path"": ""/senders/{id}/confirm-email""}, {""method"": ""POST"", ""path"": ""/senders/{id}/dns""}, {""method"": ""POST"", ""path"": ""/senders/{id}/check""}, {""method"": ""POST"", ""path"": ""/senders/{id}/evidence""}, {""method"": ""POST"", ""path"": ""/senders/{id}/evidence/{fileId}/attach""}, {""method"": ""DELETE"", ""path"": ""/senders/{id}/evidence/{fileId}""}, {""method"": ""GET"", ""path"": ""/senders/{id}/evidence/{fileId}/download""}]",현재 OpenAPI에서 추출한 페이지 관련 후보; 실제 컴포넌트 호출 일치·누락 API는 R00/Rxx-T02에서 확정,"[""src/components/services/Senders.tsx"", ""src/components/services/Campaigns.tsx"", ""src/components/services/MessageTemplates.tsx""]",../catchsecu-reverse-2026-10-09/route-coverage.json
RR178,/sms/catchform,문자,R17,발신번호·문자 캠페인,page,리디렉션 관찰,LIVE-sms__catchform,AST-R138,"ROOT,USER",,P08-T02,파일/계약 정적 대조; 이번 계획에서 실행 미검증,정상·오류·권한별 실제동작 재검증 필요; 구현 누락으로 단정하지 않음,"[""Sender"", ""SenderVerification"", ""SenderEvent"", ""Campaign"", ""CampaignDelivery"", ""CampaignEvent"", ""SmsReceipt"", ""MessageTemplate"", ""MessageTemplateRevision""]",초안 CRUD/예약/전송,api-ui-spec.md#r17,R17-T01,R17-T02,R17-T03,R17-T04,sender.manage·message.send/manage·service scope,폼대상/직접번호·SMS/LMS/MMS 작성·비용·예약,문자길이/형식·번호정규화·동의제외·잔액/중복검증; 실제test전달,실제 DB 생성 ID/토큰; A/B회사·2서비스·허용/거부역할·활성/만료라이선스·빈/보유 상태,E2E-RR178,planned,False,False,False,초안 CRUD/예약/전송,"[{""method"": ""GET"", ""path"": ""/senders""}, {""method"": ""POST"", ""path"": ""/senders""}, {""method"": ""GET"", ""path"": ""/senders/{id}""}, {""method"": ""PATCH"", ""path"": ""/senders/{id}""}, {""method"": ""DELETE"", ""path"": ""/senders/{id}""}, {""method"": ""GET"", ""path"": ""/campaigns""}, {""method"": ""POST"", ""path"": ""/campaigns""}, {""method"": ""GET"", ""path"": ""/campaigns/{id}""}, {""method"": ""PATCH"", ""path"": ""/campaigns/{id}""}, {""method"": ""DELETE"", ""path"": ""/campaigns/{id}""}, {""method"": ""GET"", ""path"": ""/message-templates""}, {""method"": ""POST"", ""path"": ""/message-templates""}, {""method"": ""GET"", ""path"": ""/message-templates/{id}""}, {""method"": ""PATCH"", ""path"": ""/message-templates/{id}""}, {""method"": ""DELETE"", ""path"": ""/message-templates/{id}""}, {""method"": ""POST"", ""path"": ""/senders/{id}/default""}, {""method"": ""POST"", ""path"": ""/senders/{id}/disable""}, {""method"": ""POST"", ""path"": ""/senders/{id}/renew""}, {""method"": ""POST"", ""path"": ""/senders/{id}/cleanup""}, {""method"": ""POST"", ""path"": ""/senders/{id}/request-email""}, {""method"": ""POST"", ""path"": ""/senders/{id}/confirm-email""}, {""method"": ""POST"", ""path"": ""/senders/{id}/dns""}, {""method"": ""POST"", ""path"": ""/senders/{id}/check""}, {""method"": ""POST"", ""path"": ""/senders/{id}/evidence""}, {""method"": ""POST"", ""path"": ""/senders/{id}/evidence/{fileId}/attach""}, {""method"": ""DELETE"", ""path"": ""/senders/{id}/evidence/{fileId}""}, {""method"": ""GET"", ""path"": ""/senders/{id}/evidence/{fileId}/download""}, {""method"": ""GET"", ""path"": ""/campaigns/sources""}, {""method"": ""GET"", ""path"": ""/campaigns/{id}/recipients""}, {""method"": ""POST"", ""path"": ""/campaigns/{id}/recipients""}, {""method"": ""GET"", ""path"": ""/campaigns/{id}/deliveries""}, {""method"": ""GET"", ""path"": ""/campaigns/{id}/export""}, {""method"": ""POST"", ""path"": ""/campaigns/{id}/preview""}, {""method"": ""POST"", ""path"": ""/campaigns/{id}/schedule""}, {""method"": ""POST"", ""path"": ""/campaigns/{id}/reschedule""}, {""method"": ""POST"", ""path"": ""/campaigns/{id}/cancel""}, {""method"": ""POST"", ""path"": ""/campaigns/{id}/archive""}, {""method"": ""POST"", ""path"": ""/campaigns/{id}/retry""}, {""method"": ""GET"", ""path"": ""/message-templates/{id}/revisions/{version}""}, {""method"": ""GET"", ""path"": ""/campaigns/{id}/files/{fileId}/download""}, {""method"": ""POST"", ""path"": ""/message-templates/{id}/archive""}, {""method"": ""POST"", ""path"": ""/message-templates/{id}/restore""}, {""method"": ""POST"", ""path"": ""/campaigns/{id}/apply-template""}, {""method"": ""POST"", ""path"": ""/campaigns/{id}/files""}, {""method"": ""POST"", ""path"": ""/campaigns/{id}/files/{fileId}/attach""}, {""method"": ""DELETE"", ""path"": ""/campaigns/{id}/files/{fileId}""}]",현재 OpenAPI에서 추출한 페이지 관련 후보; 실제 컴포넌트 호출 일치·누락 API는 R00/Rxx-T02에서 확정,"[""src/components/services/Senders.tsx"", ""src/components/services/Campaigns.tsx"", ""src/components/services/MessageTemplates.tsx""]",../catchsecu-reverse-2026-10-09/route-coverage.json
RR179,/sms/direct,문자,R17,발신번호·문자 캠페인,page,리디렉션 관찰,LIVE-sms__direct,AST-R139,"ROOT,USER",,P08-T02,파일/계약 정적 대조; 이번 계획에서 실행 미검증,정상·오류·권한별 실제동작 재검증 필요; 구현 누락으로 단정하지 않음,"[""Sender"", ""SenderVerification"", ""SenderEvent"", ""Campaign"", ""CampaignDelivery"", ""CampaignEvent"", ""SmsReceipt"", ""MessageTemplate"", ""MessageTemplateRevision""]",초안 CRUD/예약/전송,api-ui-spec.md#r17,R17-T01,R17-T02,R17-T03,R17-T04,sender.manage·message.send/manage·service scope,폼대상/직접번호·SMS/LMS/MMS 작성·비용·예약,문자길이/형식·번호정규화·동의제외·잔액/중복검증; 실제test전달,실제 DB 생성 ID/토큰; A/B회사·2서비스·허용/거부역할·활성/만료라이선스·빈/보유 상태,E2E-RR179,planned,False,False,False,초안 CRUD/예약/전송,"[{""method"": ""GET"", ""path"": ""/senders""}, {""method"": ""POST"", ""path"": ""/senders""}, {""method"": ""GET"", ""path"": ""/senders/{id}""}, {""method"": ""PATCH"", ""path"": ""/senders/{id}""}, {""method"": ""DELETE"", ""path"": ""/senders/{id}""}, {""method"": ""GET"", ""path"": ""/campaigns""}, {""method"": ""POST"", ""path"": ""/campaigns""}, {""method"": ""GET"", ""path"": ""/campaigns/{id}""}, {""method"": ""PATCH"", ""path"": ""/campaigns/{id}""}, {""method"": ""DELETE"", ""path"": ""/campaigns/{id}""}, {""method"": ""GET"", ""path"": ""/message-templates""}, {""method"": ""POST"", ""path"": ""/message-templates""}, {""method"": ""GET"", ""path"": ""/message-templates/{id}""}, {""method"": ""PATCH"", ""path"": ""/message-templates/{id}""}, {""method"": ""DELETE"", ""path"": ""/message-templates/{id}""}, {""method"": ""POST"", ""path"": ""/senders/{id}/default""}, {""method"": ""POST"", ""path"": ""/senders/{id}/disable""}, {""method"": ""POST"", ""path"": ""/senders/{id}/renew""}, {""method"": ""POST"", ""path"": ""/senders/{id}/cleanup""}, {""method"": ""POST"", ""path"": ""/senders/{id}/request-email""}, {""method"": ""POST"", ""path"": ""/senders/{id}/confirm-email""}, {""method"": ""POST"", ""path"": ""/senders/{id}/dns""}, {""method"": ""POST"", ""path"": ""/senders/{id}/check""}, {""method"": ""POST"", ""path"": ""/senders/{id}/evidence""}, {""method"": ""POST"", ""path"": ""/senders/{id}/evidence/{fileId}/attach""}, {""method"": ""DELETE"", ""path"": ""/senders/{id}/evidence/{fileId}""}, {""method"": ""GET"", ""path"": ""/senders/{id}/evidence/{fileId}/download""}, {""method"": ""GET"", ""path"": ""/campaigns/sources""}, {""method"": ""GET"", ""path"": ""/campaigns/{id}/recipients""}, {""method"": ""POST"", ""path"": ""/campaigns/{id}/recipients""}, {""method"": ""GET"", ""path"": ""/campaigns/{id}/deliveries""}, {""method"": ""GET"", ""path"": ""/campaigns/{id}/export""}, {""method"": ""POST"", ""path"": ""/campaigns/{id}/preview""}, {""method"": ""POST"", ""path"": ""/campaigns/{id}/schedule""}, {""method"": ""POST"", ""path"": ""/campaigns/{id}/reschedule""}, {""method"": ""POST"", ""path"": ""/campaigns/{id}/cancel""}, {""method"": ""POST"", ""path"": ""/campaigns/{id}/archive""}, {""method"": ""POST"", ""path"": ""/campaigns/{id}/retry""}, {""method"": ""GET"", ""path"": ""/message-templates/{id}/revisions/{version}""}, {""method"": ""GET"", ""path"": ""/campaigns/{id}/files/{fileId}/download""}, {""method"": ""POST"", ""path"": ""/message-templates/{id}/archive""}, {""method"": ""POST"", ""path"": ""/message-templates/{id}/restore""}, {""method"": ""POST"", ""path"": ""/campaigns/{id}/apply-template""}, {""method"": ""POST"", ""path"": ""/campaigns/{id}/files""}, {""method"": ""POST"", ""path"": ""/campaigns/{id}/files/{fileId}/attach""}, {""method"": ""DELETE"", ""path"": ""/campaigns/{id}/files/{fileId}""}]",현재 OpenAPI에서 추출한 페이지 관련 후보; 실제 컴포넌트 호출 일치·누락 API는 R00/Rxx-T02에서 확정,"[""src/components/services/Senders.tsx"", ""src/components/services/Campaigns.tsx"", ""src/components/services/MessageTemplates.tsx""]",../catchsecu-reverse-2026-10-09/route-coverage.json
RR180,/sms/history,문자,R17,발신번호·문자 캠페인,page,화면 관찰,LIVE-sms__history,AST-R141,"ROOT,USER",,P08-T04,파일/계약 정적 대조; 이번 계획에서 실행 미검증,정상·오류·권한별 실제동작 재검증 필요; 구현 누락으로 단정하지 않음,"[""Sender"", ""SenderVerification"", ""SenderEvent"", ""Campaign"", ""CampaignDelivery"", ""CampaignEvent"", ""SmsReceipt"", ""MessageTemplate"", ""MessageTemplateRevision""]",R/취소/재시도/export,api-ui-spec.md#r17,R17-T01,R17-T02,R17-T03,R17-T04,sender.manage·message.send/manage·service scope,발송/예약 탭·기간필터·상세·수신자별결과,실제상태검색·예약취소·중복전송0·다른회사대상 접근거부,실제 DB 생성 ID/토큰; A/B회사·2서비스·허용/거부역할·활성/만료라이선스·빈/보유 상태,E2E-RR180,planned,False,False,False,R/취소/재시도/export,"[{""method"": ""GET"", ""path"": ""/senders""}, {""method"": ""POST"", ""path"": ""/senders""}, {""method"": ""GET"", ""path"": ""/senders/{id}""}, {""method"": ""PATCH"", ""path"": ""/senders/{id}""}, {""method"": ""DELETE"", ""path"": ""/senders/{id}""}, {""method"": ""GET"", ""path"": ""/campaigns""}, {""method"": ""POST"", ""path"": ""/campaigns""}, {""method"": ""GET"", ""path"": ""/campaigns/{id}""}, {""method"": ""PATCH"", ""path"": ""/campaigns/{id}""}, {""method"": ""DELETE"", ""path"": ""/campaigns/{id}""}, {""method"": ""GET"", ""path"": ""/message-templates""}, {""method"": ""POST"", ""path"": ""/message-templates""}, {""method"": ""GET"", ""path"": ""/message-templates/{id}""}, {""method"": ""PATCH"", ""path"": ""/message-templates/{id}""}, {""method"": ""DELETE"", ""path"": ""/message-templates/{id}""}, {""method"": ""POST"", ""path"": ""/senders/{id}/default""}, {""method"": ""POST"", ""path"": ""/senders/{id}/disable""}, {""method"": ""POST"", ""path"": ""/senders/{id}/renew""}, {""method"": ""POST"", ""path"": ""/senders/{id}/cleanup""}, {""method"": ""POST"", ""path"": ""/senders/{id}/request-email""}, {""method"": ""POST"", ""path"": ""/senders/{id}/confirm-email""}, {""method"": ""POST"", ""path"": ""/senders/{id}/dns""}, {""method"": ""POST"", ""path"": ""/senders/{id}/check""}, {""method"": ""POST"", ""path"": ""/senders/{id}/evidence""}, {""method"": ""POST"", ""path"": ""/senders/{id}/evidence/{fileId}/attach""}, {""method"": ""DELETE"", ""path"": ""/senders/{id}/evidence/{fileId}""}, {""method"": ""GET"", ""path"": ""/senders/{id}/evidence/{fileId}/download""}, {""method"": ""GET"", ""path"": ""/campaigns/sources""}, {""method"": ""GET"", ""path"": ""/campaigns/{id}/recipients""}, {""method"": ""POST"", ""path"": ""/campaigns/{id}/recipients""}, {""method"": ""GET"", ""path"": ""/campaigns/{id}/deliveries""}, {""method"": ""GET"", ""path"": ""/campaigns/{id}/export""}, {""method"": ""POST"", ""path"": ""/campaigns/{id}/preview""}, {""method"": ""POST"", ""path"": ""/campaigns/{id}/schedule""}, {""method"": ""POST"", ""path"": ""/campaigns/{id}/reschedule""}, {""method"": ""POST"", ""path"": ""/campaigns/{id}/cancel""}, {""method"": ""POST"", ""path"": ""/campaigns/{id}/archive""}, {""method"": ""POST"", ""path"": ""/campaigns/{id}/retry""}, {""method"": ""GET"", ""path"": ""/message-templates/{id}/revisions/{version}""}, {""method"": ""GET"", ""path"": ""/campaigns/{id}/files/{fileId}/download""}, {""method"": ""POST"", ""path"": ""/message-templates/{id}/archive""}, {""method"": ""POST"", ""path"": ""/message-templates/{id}/restore""}, {""method"": ""POST"", ""path"": ""/campaigns/{id}/apply-template""}, {""method"": ""POST"", ""path"": ""/campaigns/{id}/files""}, {""method"": ""POST"", ""path"": ""/campaigns/{id}/files/{fileId}/attach""}, {""method"": ""DELETE"", ""path"": ""/campaigns/{id}/files/{fileId}""}]",현재 OpenAPI에서 추출한 페이지 관련 후보; 실제 컴포넌트 호출 일치·누락 API는 R00/Rxx-T02에서 확정,"[""src/components/services/Senders.tsx"", ""src/components/services/Campaigns.tsx"", ""src/components/services/MessageTemplates.tsx""]",../catchsecu-reverse-2026-10-09/route-coverage.json
RR181,/sms/nonumber,문자,R17,발신번호·문자 캠페인,page,정적 선언만 확인,,AST-R142,,모든 카테고리의 대표 화면을 조사했으며 이 경로의 정상 상태는 실행 미검증,P08-T01,파일/계약 정적 대조; 이번 계획에서 실행 미검증,정상·오류·권한별 실제동작 재검증 필요; 구현 누락으로 단정하지 않음,"[""Sender"", ""SenderVerification"", ""SenderEvent"", ""Campaign"", ""CampaignDelivery"", ""CampaignEvent"", ""SmsReceipt"", ""MessageTemplate"", ""MessageTemplateRevision""]",R/등록화면이동,api-ui-spec.md#r17,R17-T01,R17-T02,R17-T03,R17-T04,sender.manage·message.send/manage·service scope,발신자없음·미인증 안내; 등록되면 작성화면,등록전차단·검증후작성허용; GET 라우트임의발송0,실제 DB 생성 ID/토큰; A/B회사·2서비스·허용/거부역할·활성/만료라이선스·빈/보유 상태,E2E-RR181,planned,False,False,False,R/등록화면이동,"[{""method"": ""GET"", ""path"": ""/senders""}, {""method"": ""POST"", ""path"": ""/senders""}, {""method"": ""GET"", ""path"": ""/senders/{id}""}, {""method"": ""PATCH"", ""path"": ""/senders/{id}""}, {""method"": ""DELETE"", ""path"": ""/senders/{id}""}, {""method"": ""POST"", ""path"": ""/senders/{id}/default""}, {""method"": ""POST"", ""path"": ""/senders/{id}/disable""}, {""method"": ""POST"", ""path"": ""/senders/{id}/renew""}, {""method"": ""POST"", ""path"": ""/senders/{id}/cleanup""}, {""method"": ""POST"", ""path"": ""/senders/{id}/request-email""}, {""method"": ""POST"", ""path"": ""/senders/{id}/confirm-email""}, {""method"": ""POST"", ""path"": ""/senders/{id}/dns""}, {""method"": ""POST"", ""path"": ""/senders/{id}/check""}, {""method"": ""POST"", ""path"": ""/senders/{id}/evidence""}, {""method"": ""POST"", ""path"": ""/senders/{id}/evidence/{fileId}/attach""}, {""method"": ""DELETE"", ""path"": ""/senders/{id}/evidence/{fileId}""}, {""method"": ""GET"", ""path"": ""/senders/{id}/evidence/{fileId}/download""}]",현재 OpenAPI에서 추출한 페이지 관련 후보; 실제 컴포넌트 호출 일치·누락 API는 R00/Rxx-T02에서 확정,"[""src/components/services/Senders.tsx"", ""src/components/services/Campaigns.tsx"", ""src/components/services/MessageTemplates.tsx""]",../catchsecu-reverse-2026-10-09/route-coverage.json
RR182,/sms/number,문자,R17,발신번호·문자 캠페인,page,화면 관찰,LIVE-sms__number,AST-R140,"ROOT,USER",,P08-T01,파일/계약 정적 대조; 이번 계획에서 실행 미검증,정상·오류·권한별 실제동작 재검증 필요; 구현 누락으로 단정하지 않음,"[""Sender"", ""SenderVerification"", ""SenderEvent"", ""Campaign"", ""CampaignDelivery"", ""CampaignEvent"", ""SmsReceipt"", ""MessageTemplate"", ""MessageTemplateRevision""]",CRUD/인증/재인증,api-ui-spec.md#r17,R17-T01,R17-T02,R17-T03,R17-T04,sender.manage·message.send/manage·service scope,발신주소·번호 등록/검색/증빙·검증상태·비활성,등록확인·만료·이미사용중삭제·2회사중복범위 검사,실제 DB 생성 ID/토큰; A/B회사·2서비스·허용/거부역할·활성/만료라이선스·빈/보유 상태,E2E-RR182,planned,False,False,False,CRUD/인증/재인증,"[{""method"": ""GET"", ""path"": ""/senders""}, {""method"": ""POST"", ""path"": ""/senders""}, {""method"": ""GET"", ""path"": ""/senders/{id}""}, {""method"": ""PATCH"", ""path"": ""/senders/{id}""}, {""method"": ""DELETE"", ""path"": ""/senders/{id}""}, {""method"": ""POST"", ""path"": ""/senders/{id}/default""}, {""method"": ""POST"", ""path"": ""/senders/{id}/disable""}, {""method"": ""POST"", ""path"": ""/senders/{id}/renew""}, {""method"": ""POST"", ""path"": ""/senders/{id}/cleanup""}, {""method"": ""POST"", ""path"": ""/senders/{id}/request-email""}, {""method"": ""POST"", ""path"": ""/senders/{id}/confirm-email""}, {""method"": ""POST"", ""path"": ""/senders/{id}/dns""}, {""method"": ""POST"", ""path"": ""/senders/{id}/check""}, {""method"": ""POST"", ""path"": ""/senders/{id}/evidence""}, {""method"": ""POST"", ""path"": ""/senders/{id}/evidence/{fileId}/attach""}, {""method"": ""DELETE"", ""path"": ""/senders/{id}/evidence/{fileId}""}, {""method"": ""GET"", ""path"": ""/senders/{id}/evidence/{fileId}/download""}]",현재 OpenAPI에서 추출한 페이지 관련 후보; 실제 컴포넌트 호출 일치·누락 API는 R00/Rxx-T02에서 확정,"[""src/components/services/Senders.tsx"", ""src/components/services/Campaigns.tsx"", ""src/components/services/MessageTemplates.tsx""]",../catchsecu-reverse-2026-10-09/route-coverage.json
RR183,/test-projects/:outerToken/form,정보주체·공유·공개 폼,R11,공개 폼·응답·첨부·정정,dynamic,정적 선언만 확인,,AST-R008,,실제 객체 ID·토큰·사용자 흐름이 필요함,P06-T01,파일/계약 정적 대조; 이번 계획에서 실행 미검증,정상·오류·권한별 실제동작 재검증 필요; 구현 누락으로 단정하지 않음,"[""Submission"", ""Answer"", ""ConsentReceipt"", ""ConsentEvent"", ""Correction"", ""CorrectionPayload"", ""SubmissionNote"", ""FileObject"", ""ExportJob"", ""ExportChunk"", ""ExportSource""]",공개 R/제출 C; preview 별도,api-ui-spec.md#r11,R11-T01,R11-T02,R11-T03,R11-T04,외부 publication 토큰; 내부 submission.read/write/file.read; 공유별 scope,공개/이전별칭/테스트폼·필수/선택/분기/첨부·완료,세 경로 동일version 계약; 테스트응답 운영집계제외; max count 원자성,실제 DB 생성 ID/토큰; A/B회사·2서비스·허용/거부역할·활성/만료라이선스·빈/보유 상태,E2E-RR183,planned,False,False,False,공개 R/제출 C; preview 별도,"[{""method"": ""POST"", ""path"": ""/public/forms/{token}/uploads""}, {""method"": ""GET"", ""path"": ""/public/forms/{token}""}, {""method"": ""POST"", ""path"": ""/public/forms/{token}/submissions""}]",현재 OpenAPI에서 추출한 페이지 관련 후보; 실제 컴포넌트 호출 일치·누락 API는 R00/Rxx-T02에서 확정,"[""src/components/forms/PublicForm.tsx"", ""src/components/forms/SubmissionDetail.tsx"", ""src/components/forms/FileView.tsx"", ""src/components/forms/ExportJobs.tsx"", ""src/components/forms/FormLists.tsx""]",../catchsecu-reverse-2026-10-09/route-coverage.json
RR184,/two-step,로그인·인증,R02,계정 인증·세션·복구,page,정적 선언만 확인,,AST-R023,,모든 카테고리의 대표 화면을 조사했으며 이 경로의 정상 상태는 실행 미검증,P02-T02,파일/계약 정적 대조; 이번 계획에서 실행 미검증,정상·오류·권한별 실제동작 재검증 필요; 구현 누락으로 단정하지 않음,"[""User"", ""Account"", ""Session"", ""Verification"", ""TwoFactor"", ""RateLimit"", ""PasswordHistory"", ""PasswordDeferral""]",인증수단 CRUD; 일회용 검증,api-ui-spec.md#r02,R02-T01,R02-T02,R02-T03,R02-T04,익명 challenge 또는 자기 계정; 회사 권한 이전에 인증 검증,이메일/OTP 설정·코드입력·만료·재전송,인증전 보호API 차단; 코드만료/재사용·시도제한; recovery 1회,실제 DB 생성 ID/토큰; A/B회사·2서비스·허용/거부역할·활성/만료라이선스·빈/보유 상태,E2E-RR184,planned,False,False,False,인증수단 CRUD; 일회용 검증,"[{""method"": ""GET"", ""path"": ""/me/sessions""}, {""method"": ""DELETE"", ""path"": ""/me/sessions/{id}""}, {""method"": ""POST"", ""path"": ""/auth/sign-up/email""}, {""method"": ""POST"", ""path"": ""/auth/sign-in/email""}, {""method"": ""POST"", ""path"": ""/auth/request-password-reset""}, {""method"": ""POST"", ""path"": ""/auth/reset-password""}, {""method"": ""POST"", ""path"": ""/auth/change-password""}, {""method"": ""POST"", ""path"": ""/auth/sign-out""}, {""method"": ""POST"", ""path"": ""/auth/two-factor/enable""}, {""method"": ""POST"", ""path"": ""/auth/two-factor/verify-totp""}, {""method"": ""POST"", ""path"": ""/auth/two-factor/send-otp""}, {""method"": ""POST"", ""path"": ""/auth/two-factor/verify-otp""}, {""method"": ""POST"", ""path"": ""/auth/two-factor/verify-backup-code""}, {""method"": ""POST"", ""path"": ""/auth/two-factor/disable""}, {""method"": ""GET"", ""path"": ""/auth/get-session""}, {""method"": ""GET"", ""path"": ""/me/password-policy""}, {""method"": ""POST"", ""path"": ""/me/password-policy""}, {""method"": ""POST"", ""path"": ""/auth/org/login""}, {""method"": ""POST"", ""path"": ""/auth/org/email-register""}, {""method"": ""GET"", ""path"": ""/auth/sso/{providerId}""}, {""method"": ""GET"", ""path"": ""/auth/sso/callback""}, {""method"": ""POST"", ""path"": ""/auth/sso/saml""}]",현재 OpenAPI에서 추출한 페이지 관련 후보; 실제 컴포넌트 호출 일치·누락 API는 R00/Rxx-T02에서 확정,"[""src/components/auth/AuthPages.tsx"", ""src/components/auth/LiveAuth.tsx""]",../catchsecu-reverse-2026-10-09/route-coverage.json
RR185,/two-step-setting,로그인·인증,R02,계정 인증·세션·복구,page,정적 선언만 확인,,AST-R024,,모든 카테고리의 대표 화면을 조사했으며 이 경로의 정상 상태는 실행 미검증,P02-T02,파일/계약 정적 대조; 이번 계획에서 실행 미검증,정상·오류·권한별 실제동작 재검증 필요; 구현 누락으로 단정하지 않음,"[""User"", ""Account"", ""Session"", ""Verification"", ""TwoFactor"", ""RateLimit"", ""PasswordHistory"", ""PasswordDeferral""]",인증수단 CRUD; 일회용 검증,api-ui-spec.md#r02,R02-T01,R02-T02,R02-T03,R02-T04,익명 challenge 또는 자기 계정; 회사 권한 이전에 인증 검증,이메일/OTP 설정·코드입력·만료·재전송,인증전 보호API 차단; 코드만료/재사용·시도제한; recovery 1회,실제 DB 생성 ID/토큰; A/B회사·2서비스·허용/거부역할·활성/만료라이선스·빈/보유 상태,E2E-RR185,planned,False,False,False,인증수단 CRUD; 일회용 검증,"[{""method"": ""GET"", ""path"": ""/me/sessions""}, {""method"": ""DELETE"", ""path"": ""/me/sessions/{id}""}, {""method"": ""POST"", ""path"": ""/auth/sign-up/email""}, {""method"": ""POST"", ""path"": ""/auth/sign-in/email""}, {""method"": ""POST"", ""path"": ""/auth/request-password-reset""}, {""method"": ""POST"", ""path"": ""/auth/reset-password""}, {""method"": ""POST"", ""path"": ""/auth/change-password""}, {""method"": ""POST"", ""path"": ""/auth/sign-out""}, {""method"": ""POST"", ""path"": ""/auth/two-factor/enable""}, {""method"": ""POST"", ""path"": ""/auth/two-factor/verify-totp""}, {""method"": ""POST"", ""path"": ""/auth/two-factor/send-otp""}, {""method"": ""POST"", ""path"": ""/auth/two-factor/verify-otp""}, {""method"": ""POST"", ""path"": ""/auth/two-factor/verify-backup-code""}, {""method"": ""POST"", ""path"": ""/auth/two-factor/disable""}, {""method"": ""GET"", ""path"": ""/auth/get-session""}, {""method"": ""GET"", ""path"": ""/me/password-policy""}, {""method"": ""POST"", ""path"": ""/me/password-policy""}, {""method"": ""POST"", ""path"": ""/auth/org/login""}, {""method"": ""POST"", ""path"": ""/auth/org/email-register""}, {""method"": ""GET"", ""path"": ""/auth/sso/{providerId}""}, {""method"": ""GET"", ""path"": ""/auth/sso/callback""}, {""method"": ""POST"", ""path"": ""/auth/sso/saml""}]",현재 OpenAPI에서 추출한 페이지 관련 후보; 실제 컴포넌트 호출 일치·누락 API는 R00/Rxx-T02에서 확정,"[""src/components/auth/AuthPages.tsx"", ""src/components/auth/LiveAuth.tsx""]",../catchsecu-reverse-2026-10-09/route-coverage.json
RR186,/url/:outerToken,정보주체·공유·공개 폼,R11,공개 폼·응답·첨부·정정,dynamic,정적 선언만 확인,,AST-R007,,실제 객체 ID·토큰·사용자 흐름이 필요함,P04-T03,파일/계약 정적 대조; 이번 계획에서 실행 미검증,정상·오류·권한별 실제동작 재검증 필요; 구현 누락으로 단정하지 않음,"[""Submission"", ""Answer"", ""ConsentReceipt"", ""ConsentEvent"", ""Correction"", ""CorrectionPayload"", ""SubmissionNote"", ""FileObject"", ""ExportJob"", ""ExportChunk"", ""ExportSource""]",관리 CRUD; 외부 resolve R,api-ui-spec.md#r11,R11-T01,R11-T02,R11-T03,R11-T04,외부 publication 토큰; 내부 submission.read/write/file.read; 공유별 scope,고정주소를 활성게시 버전으로 연결·중단 안내,회수/만료/새버전전환; 존재 추측·open redirect 방지,실제 DB 생성 ID/토큰; A/B회사·2서비스·허용/거부역할·활성/만료라이선스·빈/보유 상태,E2E-RR186,planned,False,False,False,관리 CRUD; 외부 resolve R,"[{""method"": ""GET"", ""path"": ""/public/urls/{slug}""}]",현재 OpenAPI에서 추출한 페이지 관련 후보; 실제 컴포넌트 호출 일치·누락 API는 R00/Rxx-T02에서 확정,"[""src/components/forms/PublicForm.tsx"", ""src/components/forms/SubmissionDetail.tsx"", ""src/components/forms/FileView.tsx"", ""src/components/forms/ExportJobs.tsx"", ""src/components/forms/FormLists.tsx""]",../catchsecu-reverse-2026-10-09/route-coverage.json
