method,path,implementation,policy,permission,data_scope,input_validation,response_dto,deletion_policy,forbidden_action
GET,/companies,implemented,company,authenticated + active own membership,현재 활성 Membership의 tenant와 회사 관리 권한.,"OpenAPI path/query/header parameters; 회사 입력·세금계산서 담당자, 사업자번호·version·소유권을 확인한다. 파일은 회사 관리 권한·10MB·MIME·내용·ClamAV 검사와 저장 한도를 적용한다.",200 소속 회사 검색·페이지 목록; 현재 역할에 따른 안전 DTO; 회사 프로필의 안전 DTO. 폐쇄 사유·사업자등록증은 회사 관리자에게만 공개한다. 저장소 키·암호문은 제외한다.,회사 DELETE는 소유자의 폐쇄 요청 접수이며 취소할 수 있다. 청구·자산·보존 확인 전 물리 삭제 금지. 파일은 접근 차단 후 저장소 삭제와 worker 재시도.,"마지막 owner 제거, tenantId 변경, 타 회사 ID 열람 금지."
POST,/companies,implemented,company,verified active account,현재 활성 Membership의 tenant와 회사 관리 권한.,"OpenAPI requestBody schema; 회사 입력·세금계산서 담당자, 사업자번호·version·소유권을 확인한다. 파일은 회사 관리 권한·10MB·MIME·내용·ClamAV 검사와 저장 한도를 적용한다.",201 회사·소유자·기본 서비스·정책·무료 체험·현재 회사 선택 생성; 회사 프로필의 안전 DTO. 폐쇄 사유·사업자등록증은 회사 관리자에게만 공개한다. 저장소 키·암호문은 제외한다.,회사 DELETE는 소유자의 폐쇄 요청 접수이며 취소할 수 있다. 청구·자산·보존 확인 전 물리 삭제 금지. 파일은 접근 차단 후 저장소 삭제와 worker 재시도.,"마지막 owner 제거, tenantId 변경, 타 회사 ID 열람 금지."
GET,/companies/{id},implemented,company,active current company membership,현재 활성 Membership의 tenant와 회사 관리 권한.,"OpenAPI path/query/header parameters; 회사 입력·세금계산서 담당자, 사업자번호·version·소유권을 확인한다. 파일은 회사 관리 권한·10MB·MIME·내용·ClamAV 검사와 저장 한도를 적용한다.",200 현재 회사 기본 정보; 관리자에게만 사업자등록증·폐쇄 사유 공개; 회사 프로필의 안전 DTO. 폐쇄 사유·사업자등록증은 회사 관리자에게만 공개한다. 저장소 키·암호문은 제외한다.,회사 DELETE는 소유자의 폐쇄 요청 접수이며 취소할 수 있다. 청구·자산·보존 확인 전 물리 삭제 금지. 파일은 접근 차단 후 저장소 삭제와 worker 재시도.,"마지막 owner 제거, tenantId 변경, 타 회사 ID 열람 금지."
PATCH,/companies/{id},implemented,company,company.manage,현재 활성 Membership의 tenant와 회사 관리 권한.,"OpenAPI requestBody schema; 회사 입력·세금계산서 담당자, 사업자번호·version·소유권을 확인한다. 파일은 회사 관리 권한·10MB·MIME·내용·ClamAV 검사와 저장 한도를 적용한다.",200 Company 변경: optimistic version; 회사 프로필의 안전 DTO. 폐쇄 사유·사업자등록증은 회사 관리자에게만 공개한다. 저장소 키·암호문은 제외한다.,회사 DELETE는 소유자의 폐쇄 요청 접수이며 취소할 수 있다. 청구·자산·보존 확인 전 물리 삭제 금지. 파일은 접근 차단 후 저장소 삭제와 worker 재시도.,"마지막 owner 제거, tenantId 변경, 타 회사 ID 열람 금지."
DELETE,/companies/{id},implemented,company,company.manage + owner,현재 활성 Membership의 tenant와 회사 관리 권한.,"OpenAPI requestBody schema; 회사 입력·세금계산서 담당자, 사업자번호·version·소유권을 확인한다. 파일은 회사 관리 권한·10MB·MIME·내용·ClamAV 검사와 저장 한도를 적용한다.",204 폐쇄 요청 접수; 회사 프로필의 안전 DTO. 폐쇄 사유·사업자등록증은 회사 관리자에게만 공개한다. 저장소 키·암호문은 제외한다.,회사 DELETE는 소유자의 폐쇄 요청 접수이며 취소할 수 있다. 청구·자산·보존 확인 전 물리 삭제 금지. 파일은 접근 차단 후 저장소 삭제와 worker 재시도.,"마지막 owner 제거, tenantId 변경, 타 회사 ID 열람 금지."
GET,/services,implemented,services,service.read,현재 회사 Service. 서비스별 행은 같은 tenant 복합 FK와 현재 grant 검사.,OpenAPI path/query/header parameters; 이름·상태·버전과 서비스 표시 설정의 문서 종류·URL·게시본을 검증한다.,200 Service 목록: items/total/page/pageSize; 허용 서비스 프로필·표시 설정. 다른 회사 문서·원문 비밀 제외.,업무 데이터 참조가 있는 서비스의 DELETE/PATCH 보관은 409. 미참조 서비스는 보관하고 복원할 수 있다. 물리 삭제하지 않는다.,"회사 간 서비스 재귀속, 중지 서비스 신규 게시·발송 금지."
POST,/services,implemented,services,service.manage,현재 회사 Service. 서비스별 행은 같은 tenant 복합 FK와 현재 grant 검사.,OpenAPI requestBody schema; 이름·상태·버전과 서비스 표시 설정의 문서 종류·URL·게시본을 검증한다.,201 Service 생성; 허용 서비스 프로필·표시 설정. 다른 회사 문서·원문 비밀 제외.,업무 데이터 참조가 있는 서비스의 DELETE/PATCH 보관은 409. 미참조 서비스는 보관하고 복원할 수 있다. 물리 삭제하지 않는다.,"회사 간 서비스 재귀속, 중지 서비스 신규 게시·발송 금지."
GET,/services/{id},implemented,services,service.read,현재 회사 Service. 서비스별 행은 같은 tenant 복합 FK와 현재 grant 검사.,OpenAPI path/query/header parameters; 이름·상태·버전과 서비스 표시 설정의 문서 종류·URL·게시본을 검증한다.,200 Service 안전 DTO; 허용 서비스 프로필·표시 설정. 다른 회사 문서·원문 비밀 제외.,업무 데이터 참조가 있는 서비스의 DELETE/PATCH 보관은 409. 미참조 서비스는 보관하고 복원할 수 있다. 물리 삭제하지 않는다.,"회사 간 서비스 재귀속, 중지 서비스 신규 게시·발송 금지."
PATCH,/services/{id},implemented,services,service.manage,현재 회사 Service. 서비스별 행은 같은 tenant 복합 FK와 현재 grant 검사.,OpenAPI requestBody schema; 이름·상태·버전과 서비스 표시 설정의 문서 종류·URL·게시본을 검증한다.,200 서비스 허용 필드 변경; 허용 서비스 프로필·표시 설정. 다른 회사 문서·원문 비밀 제외.,업무 데이터 참조가 있는 서비스의 DELETE/PATCH 보관은 409. 미참조 서비스는 보관하고 복원할 수 있다. 물리 삭제하지 않는다.,"회사 간 서비스 재귀속, 중지 서비스 신규 게시·발송 금지."
DELETE,/services/{id},implemented,services,service.manage,현재 회사 Service. 서비스별 행은 같은 tenant 복합 FK와 현재 grant 검사.,OpenAPI path/query/header parameters; 이름·상태·버전과 서비스 표시 설정의 문서 종류·URL·게시본을 검증한다.,204 archive; 허용 서비스 프로필·표시 설정. 다른 회사 문서·원문 비밀 제외.,업무 데이터 참조가 있는 서비스의 DELETE/PATCH 보관은 409. 미참조 서비스는 보관하고 복원할 수 있다. 물리 삭제하지 않는다.,"회사 간 서비스 재귀속, 중지 서비스 신규 게시·발송 금지."
GET,/invitations,implemented,members,member.manage,현재 회사의 Membership·Invitation. ServiceGrant는 같은 tenant 서비스만.,"OpenAPI path/query/header parameters; 역할 상한, 이메일 정규화, 서비스 ID, version·Idempotency-Key·초대 만료를 검사한다. 좌석은 활성 구성원과 유효 대기 초대를 합산하고 재발송·수락은 자기 예약을 제외한다. 기존 구성원은 빈 서비스 범위와 기존 보관 서비스 권한 유지·회수를 허용하고 새 초대는 활성 서비스가 필요하다. 수락과 메일 전달 직전에 계정·세션 또는 초대 세대·초대자 권한을 재검사한다.",200 초대 이력과 만료 상태; 구성원 역할·허용 서비스·서비스 보관 상태·초대 상태. 초대 token hash/원문 제외.,구성원 제외는 권한·세션 회수 후 이력 보존. 초대 DELETE는 취소.,"마지막 owner 제거, 자기보다 높은 역할 부여, 초대받지 않은 이메일 수락, 회수한 보관 서비스 권한 재부여, 만료·이전 세대 초대 메일 전달 금지."
POST,/invitations,implemented,members,member.manage + role ceiling,현재 회사의 Membership·Invitation. ServiceGrant는 같은 tenant 서비스만.,"OpenAPI requestBody schema; 역할 상한, 이메일 정규화, 서비스 ID, version·Idempotency-Key·초대 만료를 검사한다. 좌석은 활성 구성원과 유효 대기 초대를 합산하고 재발송·수락은 자기 예약을 제외한다. 기존 구성원은 빈 서비스 범위와 기존 보관 서비스 권한 유지·회수를 허용하고 새 초대는 활성 서비스가 필요하다. 수락과 메일 전달 직전에 계정·세션 또는 초대 세대·초대자 권한을 재검사한다.",201 초대 생성과 암호화 메일 작업; 구성원 역할·허용 서비스·서비스 보관 상태·초대 상태. 초대 token hash/원문 제외.,구성원 제외는 권한·세션 회수 후 이력 보존. 초대 DELETE는 취소.,"마지막 owner 제거, 자기보다 높은 역할 부여, 초대받지 않은 이메일 수락, 회수한 보관 서비스 권한 재부여, 만료·이전 세대 초대 메일 전달 금지."
DELETE,/invitations/{id},implemented,members,member.manage + role ceiling,현재 회사의 Membership·Invitation. ServiceGrant는 같은 tenant 서비스만.,"OpenAPI path/query/header parameters; 역할 상한, 이메일 정규화, 서비스 ID, version·Idempotency-Key·초대 만료를 검사한다. 좌석은 활성 구성원과 유효 대기 초대를 합산하고 재발송·수락은 자기 예약을 제외한다. 기존 구성원은 빈 서비스 범위와 기존 보관 서비스 권한 유지·회수를 허용하고 새 초대는 활성 서비스가 필요하다. 수락과 메일 전달 직전에 계정·세션 또는 초대 세대·초대자 권한을 재검사한다.",200 초대 취소; 갱신한 DTO 반환; 구성원 역할·허용 서비스·서비스 보관 상태·초대 상태. 초대 token hash/원문 제외.,구성원 제외는 권한·세션 회수 후 이력 보존. 초대 DELETE는 취소.,"마지막 owner 제거, 자기보다 높은 역할 부여, 초대받지 않은 이메일 수락, 회수한 보관 서비스 권한 재부여, 만료·이전 세대 초대 메일 전달 금지."
GET,/forms,implemented,forms,form.read + service grant,현재 회사·서비스의 Form/Template/Publication. 목록/상세/삭제 시 현재 계정·세션·구성원·전문가·ServiceGrant를 transaction에서 재검사한다. 전문가는 현재 배정된 활성 서비스의 폼만 상세·목록·즐겨찾기에 접근한다.,OpenAPI path/query/header parameters; 9개 질문 타입·앞선 선택 질문의 유효한 조건 참조·행 ID/선택지·최소/최대 선택 수·정보주체/마케팅 연락처의 항상 표시·version·승인 revision·게시 token·멱등키를 검사한다. 초안 PATCH의 선택적 키는 저장/감사와 원자적으로 기록하고 재전송 전에 현재 권한/활성 서비스를 재검사한다. 복제 시 질문/행 ID와 조건/마케팅 참조를 새로 발급한다.,"200 현재 서비스 권한·상태의 폼/작업 DTO; 허용 폼 초안/게시본·질문·상태 DTO. 초안 PATCH는 과거 재전송 캐시를 포함해 공유 토큰을 제거한다. 공유 토큰 조회는 현재 form.publish 권한이 필요하다. 게시/승인/고정 URL 생성 재전송도 현재 계정/세션/전문가/서비스와 활성 상태를 검사한다. 승인/고정 URL 조회와 화면 권한은 현재 범위를 사용한다. 응답 원문은 별도 권한 API. 폼 목록은 공유 토큰을 제외하고 한국 날짜/즐겨찾기/정렬을 적용해 빈 목록 page=1, 범위 밖 page를 마지막 페이지로 보정한다. 목록/상세 GET의 actions는 현재 역할·서비스 grant·보관/가져오기 양식·공개 상태·만료를 반영한다. 목록 permissions는 선택 서비스의 생성/업로드 권한이다. 생성/저장/복사/템플릿 캐시는 작업 권한을 저장하지 않는다. 삭제 조건의 canReadResponses는 현재 응답 조회 권한이며 checkDeletion은 실제 canPurge와 구분한다. 템플릿 GET은 현재 역할/grant/세션/전문가 배정/서비스 상태의 작업과 활성 생성 대상을 반환한다. 보관 서비스는 직접 구성원만 읽는다. 템플릿 삭제는 신규/회사 구성원 범위의 이전 생성 캐시 내용·요청 해시를 원자 제거하고 생성 재전송은410이다. 독립 생성 폼은 유지한다.",DELETE /forms/{id}는 공개 종료·보관 및 응답 보존. /deletion은 현재 삭제 사유·version을 반환한다. /purge는 현재 작성 권한·활성 서비스·If-Match와 전체 게시/승인/응답/공유/업로드/파일 참조를 검사해 미게시·미참조 초안만 영구 삭제한다. 연결 질문·선택지·문서 연결·즐겨찾기와 생성/복제/템플릿/저장 캐시 내용도 원자 제거하며 감사·게시 문서·독립 복사본은 보존한다. 삭제된 생성 키는 410.,"게시본 제자리 수정, 승인 우회 게시, 다른 서비스 템플릿 사용 금지."
POST,/forms,implemented,forms,form.write + service grant,현재 회사·서비스의 Form/Template/Publication. 목록/상세/삭제 시 현재 계정·세션·구성원·전문가·ServiceGrant를 transaction에서 재검사한다. 전문가는 현재 배정된 활성 서비스의 폼만 상세·목록·즐겨찾기에 접근한다.,OpenAPI requestBody schema; 9개 질문 타입·앞선 선택 질문의 유효한 조건 참조·행 ID/선택지·최소/최대 선택 수·정보주체/마케팅 연락처의 항상 표시·version·승인 revision·게시 token·멱등키를 검사한다. 초안 PATCH의 선택적 키는 저장/감사와 원자적으로 기록하고 재전송 전에 현재 권한/활성 서비스를 재검사한다. 복제 시 질문/행 ID와 조건/마케팅 참조를 새로 발급한다.,"201 질문·선택지·초안 생성; 허용 폼 초안/게시본·질문·상태 DTO. 초안 PATCH는 과거 재전송 캐시를 포함해 공유 토큰을 제거한다. 공유 토큰 조회는 현재 form.publish 권한이 필요하다. 게시/승인/고정 URL 생성 재전송도 현재 계정/세션/전문가/서비스와 활성 상태를 검사한다. 승인/고정 URL 조회와 화면 권한은 현재 범위를 사용한다. 응답 원문은 별도 권한 API. 폼 목록은 공유 토큰을 제외하고 한국 날짜/즐겨찾기/정렬을 적용해 빈 목록 page=1, 범위 밖 page를 마지막 페이지로 보정한다. 목록/상세 GET의 actions는 현재 역할·서비스 grant·보관/가져오기 양식·공개 상태·만료를 반영한다. 목록 permissions는 선택 서비스의 생성/업로드 권한이다. 생성/저장/복사/템플릿 캐시는 작업 권한을 저장하지 않는다. 삭제 조건의 canReadResponses는 현재 응답 조회 권한이며 checkDeletion은 실제 canPurge와 구분한다. 템플릿 GET은 현재 역할/grant/세션/전문가 배정/서비스 상태의 작업과 활성 생성 대상을 반환한다. 보관 서비스는 직접 구성원만 읽는다. 템플릿 삭제는 신규/회사 구성원 범위의 이전 생성 캐시 내용·요청 해시를 원자 제거하고 생성 재전송은410이다. 독립 생성 폼은 유지한다.",DELETE /forms/{id}는 공개 종료·보관 및 응답 보존. /deletion은 현재 삭제 사유·version을 반환한다. /purge는 현재 작성 권한·활성 서비스·If-Match와 전체 게시/승인/응답/공유/업로드/파일 참조를 검사해 미게시·미참조 초안만 영구 삭제한다. 연결 질문·선택지·문서 연결·즐겨찾기와 생성/복제/템플릿/저장 캐시 내용도 원자 제거하며 감사·게시 문서·독립 복사본은 보존한다. 삭제된 생성 키는 410.,"게시본 제자리 수정, 승인 우회 게시, 다른 서비스 템플릿 사용 금지."
GET,/forms/{id},implemented,forms,form.read + service grant,현재 회사·서비스의 Form/Template/Publication. 목록/상세/삭제 시 현재 계정·세션·구성원·전문가·ServiceGrant를 transaction에서 재검사한다. 전문가는 현재 배정된 활성 서비스의 폼만 상세·목록·즐겨찾기에 접근한다.,OpenAPI path/query/header parameters; 9개 질문 타입·앞선 선택 질문의 유효한 조건 참조·행 ID/선택지·최소/최대 선택 수·정보주체/마케팅 연락처의 항상 표시·version·승인 revision·게시 token·멱등키를 검사한다. 초안 PATCH의 선택적 키는 저장/감사와 원자적으로 기록하고 재전송 전에 현재 권한/활성 서비스를 재검사한다. 복제 시 질문/행 ID와 조건/마케팅 참조를 새로 발급한다.,"200 현재 서비스 권한·상태의 폼/작업 DTO; 허용 폼 초안/게시본·질문·상태 DTO. 초안 PATCH는 과거 재전송 캐시를 포함해 공유 토큰을 제거한다. 공유 토큰 조회는 현재 form.publish 권한이 필요하다. 게시/승인/고정 URL 생성 재전송도 현재 계정/세션/전문가/서비스와 활성 상태를 검사한다. 승인/고정 URL 조회와 화면 권한은 현재 범위를 사용한다. 응답 원문은 별도 권한 API. 폼 목록은 공유 토큰을 제외하고 한국 날짜/즐겨찾기/정렬을 적용해 빈 목록 page=1, 범위 밖 page를 마지막 페이지로 보정한다. 목록/상세 GET의 actions는 현재 역할·서비스 grant·보관/가져오기 양식·공개 상태·만료를 반영한다. 목록 permissions는 선택 서비스의 생성/업로드 권한이다. 생성/저장/복사/템플릿 캐시는 작업 권한을 저장하지 않는다. 삭제 조건의 canReadResponses는 현재 응답 조회 권한이며 checkDeletion은 실제 canPurge와 구분한다. 템플릿 GET은 현재 역할/grant/세션/전문가 배정/서비스 상태의 작업과 활성 생성 대상을 반환한다. 보관 서비스는 직접 구성원만 읽는다. 템플릿 삭제는 신규/회사 구성원 범위의 이전 생성 캐시 내용·요청 해시를 원자 제거하고 생성 재전송은410이다. 독립 생성 폼은 유지한다.",DELETE /forms/{id}는 공개 종료·보관 및 응답 보존. /deletion은 현재 삭제 사유·version을 반환한다. /purge는 현재 작성 권한·활성 서비스·If-Match와 전체 게시/승인/응답/공유/업로드/파일 참조를 검사해 미게시·미참조 초안만 영구 삭제한다. 연결 질문·선택지·문서 연결·즐겨찾기와 생성/복제/템플릿/저장 캐시 내용도 원자 제거하며 감사·게시 문서·독립 복사본은 보존한다. 삭제된 생성 키는 410.,"게시본 제자리 수정, 승인 우회 게시, 다른 서비스 템플릿 사용 금지."
PATCH,/forms/{id},implemented,forms,form.write + service grant,현재 회사·서비스의 Form/Template/Publication. 목록/상세/삭제 시 현재 계정·세션·구성원·전문가·ServiceGrant를 transaction에서 재검사한다. 전문가는 현재 배정된 활성 서비스의 폼만 상세·목록·즐겨찾기에 접근한다.,OpenAPI requestBody schema; 9개 질문 타입·앞선 선택 질문의 유효한 조건 참조·행 ID/선택지·최소/최대 선택 수·정보주체/마케팅 연락처의 항상 표시·version·승인 revision·게시 token·멱등키를 검사한다. 초안 PATCH의 선택적 키는 저장/감사와 원자적으로 기록하고 재전송 전에 현재 권한/활성 서비스를 재검사한다. 복제 시 질문/행 ID와 조건/마케팅 참조를 새로 발급한다.,"200 초안 변경; 게시본 불변; 허용 폼 초안/게시본·질문·상태 DTO. 초안 PATCH는 과거 재전송 캐시를 포함해 공유 토큰을 제거한다. 공유 토큰 조회는 현재 form.publish 권한이 필요하다. 게시/승인/고정 URL 생성 재전송도 현재 계정/세션/전문가/서비스와 활성 상태를 검사한다. 승인/고정 URL 조회와 화면 권한은 현재 범위를 사용한다. 응답 원문은 별도 권한 API. 폼 목록은 공유 토큰을 제외하고 한국 날짜/즐겨찾기/정렬을 적용해 빈 목록 page=1, 범위 밖 page를 마지막 페이지로 보정한다. 목록/상세 GET의 actions는 현재 역할·서비스 grant·보관/가져오기 양식·공개 상태·만료를 반영한다. 목록 permissions는 선택 서비스의 생성/업로드 권한이다. 생성/저장/복사/템플릿 캐시는 작업 권한을 저장하지 않는다. 삭제 조건의 canReadResponses는 현재 응답 조회 권한이며 checkDeletion은 실제 canPurge와 구분한다. 템플릿 GET은 현재 역할/grant/세션/전문가 배정/서비스 상태의 작업과 활성 생성 대상을 반환한다. 보관 서비스는 직접 구성원만 읽는다. 템플릿 삭제는 신규/회사 구성원 범위의 이전 생성 캐시 내용·요청 해시를 원자 제거하고 생성 재전송은410이다. 독립 생성 폼은 유지한다.",DELETE /forms/{id}는 공개 종료·보관 및 응답 보존. /deletion은 현재 삭제 사유·version을 반환한다. /purge는 현재 작성 권한·활성 서비스·If-Match와 전체 게시/승인/응답/공유/업로드/파일 참조를 검사해 미게시·미참조 초안만 영구 삭제한다. 연결 질문·선택지·문서 연결·즐겨찾기와 생성/복제/템플릿/저장 캐시 내용도 원자 제거하며 감사·게시 문서·독립 복사본은 보존한다. 삭제된 생성 키는 410.,"게시본 제자리 수정, 승인 우회 게시, 다른 서비스 템플릿 사용 금지."
DELETE,/forms/{id},implemented,forms,form.write + service grant,현재 회사·서비스의 Form/Template/Publication. 목록/상세/삭제 시 현재 계정·세션·구성원·전문가·ServiceGrant를 transaction에서 재검사한다. 전문가는 현재 배정된 활성 서비스의 폼만 상세·목록·즐겨찾기에 접근한다.,OpenAPI path/query/header parameters; 9개 질문 타입·앞선 선택 질문의 유효한 조건 참조·행 ID/선택지·최소/최대 선택 수·정보주체/마케팅 연락처의 항상 표시·version·승인 revision·게시 token·멱등키를 검사한다. 초안 PATCH의 선택적 키는 저장/감사와 원자적으로 기록하고 재전송 전에 현재 권한/활성 서비스를 재검사한다. 복제 시 질문/행 ID와 조건/마케팅 참조를 새로 발급한다.,"204 공개 종료와 보관; 허용 폼 초안/게시본·질문·상태 DTO. 초안 PATCH는 과거 재전송 캐시를 포함해 공유 토큰을 제거한다. 공유 토큰 조회는 현재 form.publish 권한이 필요하다. 게시/승인/고정 URL 생성 재전송도 현재 계정/세션/전문가/서비스와 활성 상태를 검사한다. 승인/고정 URL 조회와 화면 권한은 현재 범위를 사용한다. 응답 원문은 별도 권한 API. 폼 목록은 공유 토큰을 제외하고 한국 날짜/즐겨찾기/정렬을 적용해 빈 목록 page=1, 범위 밖 page를 마지막 페이지로 보정한다. 목록/상세 GET의 actions는 현재 역할·서비스 grant·보관/가져오기 양식·공개 상태·만료를 반영한다. 목록 permissions는 선택 서비스의 생성/업로드 권한이다. 생성/저장/복사/템플릿 캐시는 작업 권한을 저장하지 않는다. 삭제 조건의 canReadResponses는 현재 응답 조회 권한이며 checkDeletion은 실제 canPurge와 구분한다. 템플릿 GET은 현재 역할/grant/세션/전문가 배정/서비스 상태의 작업과 활성 생성 대상을 반환한다. 보관 서비스는 직접 구성원만 읽는다. 템플릿 삭제는 신규/회사 구성원 범위의 이전 생성 캐시 내용·요청 해시를 원자 제거하고 생성 재전송은410이다. 독립 생성 폼은 유지한다.",DELETE /forms/{id}는 공개 종료·보관 및 응답 보존. /deletion은 현재 삭제 사유·version을 반환한다. /purge는 현재 작성 권한·활성 서비스·If-Match와 전체 게시/승인/응답/공유/업로드/파일 참조를 검사해 미게시·미참조 초안만 영구 삭제한다. 연결 질문·선택지·문서 연결·즐겨찾기와 생성/복제/템플릿/저장 캐시 내용도 원자 제거하며 감사·게시 문서·독립 복사본은 보존한다. 삭제된 생성 키는 410.,"게시본 제자리 수정, 승인 우회 게시, 다른 서비스 템플릿 사용 금지."
GET,/documents,implemented,documents,document.read + current service grant,현재 회사·서비스의 자료. 문서·문구·목적·수탁자 CRUD는 현재 활성 사용자·이메일 인증·유효 세션·구성원·역할·grant를 transaction 안에서 재검사한다. 전문가 범위는 활성/미만료 배정 서비스와 grant의 교집합이며 문서·목적·수탁자 연결은 복합 FK로 보호한다.,OpenAPI path/query/header parameters; 문서 종류·길이·HTML 정제·국가·보유 근거·version·연결된 게시본을 검사한다.,200 현재 권한 범위의 문서 목록; 초안/고정 게시 버전·해시·연결 근거와 현재 유효 공개 링크 여부의 안전 DTO. 만료된 링크는 공유 URL을 제외한다. 내부 token·암호문 제외.,초안/근거 자료는 보관·복원; 게시 버전은 불변이며 공개 링크만 회수.,"게시 당시 본문 덮어쓰기, 참조 중 버전 삭제, 미확인 P/C/OC 별칭 공개 승격 금지."
POST,/documents,implemented,documents,document.write + current service grant,현재 회사·서비스의 자료. 문서·문구·목적·수탁자 CRUD는 현재 활성 사용자·이메일 인증·유효 세션·구성원·역할·grant를 transaction 안에서 재검사한다. 전문가 범위는 활성/미만료 배정 서비스와 grant의 교집합이며 문서·목적·수탁자 연결은 복합 FK로 보호한다.,OpenAPI requestBody schema; 문서 종류·길이·HTML 정제·국가·보유 근거·version·연결된 게시본을 검사한다.,201 현재 초안과 유효 공개 링크 여부. 내부 토큰·암호문 제외.; 초안/고정 게시 버전·해시·연결 근거와 현재 유효 공개 링크 여부의 안전 DTO. 만료된 링크는 공유 URL을 제외한다. 내부 token·암호문 제외.,초안/근거 자료는 보관·복원; 게시 버전은 불변이며 공개 링크만 회수.,"게시 당시 본문 덮어쓰기, 참조 중 버전 삭제, 미확인 P/C/OC 별칭 공개 승격 금지."
GET,/documents/{id},implemented,documents,document.read + current service grant,현재 회사·서비스의 자료. 문서·문구·목적·수탁자 CRUD는 현재 활성 사용자·이메일 인증·유효 세션·구성원·역할·grant를 transaction 안에서 재검사한다. 전문가 범위는 활성/미만료 배정 서비스와 grant의 교집합이며 문서·목적·수탁자 연결은 복합 FK로 보호한다.,OpenAPI path/query/header parameters; 문서 종류·길이·HTML 정제·국가·보유 근거·version·연결된 게시본을 검사한다.,200 현재 초안과 유효 공개 링크 여부. 내부 토큰·암호문 제외.; 초안/고정 게시 버전·해시·연결 근거와 현재 유효 공개 링크 여부의 안전 DTO. 만료된 링크는 공유 URL을 제외한다. 내부 token·암호문 제외.,초안/근거 자료는 보관·복원; 게시 버전은 불변이며 공개 링크만 회수.,"게시 당시 본문 덮어쓰기, 참조 중 버전 삭제, 미확인 P/C/OC 별칭 공개 승격 금지."
PATCH,/documents/{id},implemented,documents,document.write + current service grant,현재 회사·서비스의 자료. 문서·문구·목적·수탁자 CRUD는 현재 활성 사용자·이메일 인증·유효 세션·구성원·역할·grant를 transaction 안에서 재검사한다. 전문가 범위는 활성/미만료 배정 서비스와 grant의 교집합이며 문서·목적·수탁자 연결은 복합 FK로 보호한다.,OpenAPI requestBody schema; 문서 종류·길이·HTML 정제·국가·보유 근거·version·연결된 게시본을 검사한다.,200 현재 초안과 유효 공개 링크 여부. 내부 토큰·암호문 제외.; 초안/고정 게시 버전·해시·연결 근거와 현재 유효 공개 링크 여부의 안전 DTO. 만료된 링크는 공유 URL을 제외한다. 내부 token·암호문 제외.,초안/근거 자료는 보관·복원; 게시 버전은 불변이며 공개 링크만 회수.,"게시 당시 본문 덮어쓰기, 참조 중 버전 삭제, 미확인 P/C/OC 별칭 공개 승격 금지."
DELETE,/documents/{id},implemented,documents,document.write + current service grant,현재 회사·서비스의 자료. 문서·문구·목적·수탁자 CRUD는 현재 활성 사용자·이메일 인증·유효 세션·구성원·역할·grant를 transaction 안에서 재검사한다. 전문가 범위는 활성/미만료 배정 서비스와 grant의 교집합이며 문서·목적·수탁자 연결은 복합 FK로 보호한다.,OpenAPI path/query/header parameters; 문서 종류·길이·HTML 정제·국가·보유 근거·version·연결된 게시본을 검사한다.,204 문서 보관; 게시 버전 유지·공개 링크 회수; 초안/고정 게시 버전·해시·연결 근거와 현재 유효 공개 링크 여부의 안전 DTO. 만료된 링크는 공유 URL을 제외한다. 내부 token·암호문 제외.,초안/근거 자료는 보관·복원; 게시 버전은 불변이며 공개 링크만 회수.,"게시 당시 본문 덮어쓰기, 참조 중 버전 삭제, 미확인 P/C/OC 별칭 공개 승격 금지."
GET,/context,implemented,context,authenticated,세션 User의 활성 Membership에서 회사·서비스를 선택한다.,"OpenAPI path/query/header parameters; 선택 ID는 UUID, 활성 Membership·ServiceGrant와 회사/서비스 FK로 검증한다.",200 현재 사용자·회사·허용 서비스·권한; 현재 회사·서비스·허용 권한 DTO. 다른 회사의 목록 제외.,삭제 동작 없음.,"요청 본문의 tenantId만 믿고 회사 전환, 비활성 회사 선택 금지."
POST,/context,implemented,context,active membership,세션 User의 활성 Membership에서 회사·서비스를 선택한다.,"OpenAPI requestBody schema; 선택 ID는 UUID, 활성 Membership·ServiceGrant와 회사/서비스 FK로 검증한다.",200 회사 또는 서비스 전환; 현재 회사·서비스·허용 권한 DTO. 다른 회사의 목록 제외.,삭제 동작 없음.,"요청 본문의 tenantId만 믿고 회사 전환, 비활성 회사 선택 금지."
GET,/audit-events,planned,audit,audit.read,현재 회사 audit.read 또는 본인 활동; 서비스 범위와 마스킹 재검사.,"OpenAPI path/query/header parameters; 기간 from 포함/to 미포함·필터 allowlist·페이지·CSV 5,000건 상한.",200 권한 범위 내 원천 데이터 조회. 사용자 임의 UPDATE/DELETE 없음.; 안전 diff·분류·시각과 권한별 처리자 정보. 원문/토큰 제외.,사용자 수정/삭제 API 없음; 보존 정책·승인된 파기 별도.,"감사 이벤트 임의 수정·삭제, 타 회사 export, 수식 실행 CSV 금지."
GET,/audit-events/export,implemented,audit,same current company/self audit scope as /audit-events,현재 회사 audit.read 또는 본인 활동; 서비스 범위와 마스킹 재검사.,"OpenAPI path/query/header parameters; 기간 from 포함/to 미포함·필터 allowlist·페이지·CSV 5,000건 상한.",200 UTF-8 BOM CSV attachment; formula-safe cells; private no-store; 안전 diff·분류·시각과 권한별 처리자 정보. 원문/토큰 제외.,사용자 수정/삭제 API 없음; 보존 정책·승인된 파기 별도.,"감사 이벤트 임의 수정·삭제, 타 회사 export, 수식 실행 CSV 금지."
GET,/health,implemented,health,public,공개 상태 조회. 회사·사용자 자료를 읽지 않는다.,OpenAPI path/query/header parameters; GET만 허용하며 DB 연결 상태만 확인한다.,200 실제 DB 연결 상태; 상태와 점검 시각만 반환한다.,삭제 동작 없음.,환경변수·DB 접속 문자열·오류 stack 공개 금지.
GET,/billing-history,implemented,billing,billing.read,현재 회사 결제 자료; 서비스 필터는 같은 tenant 서비스만.,OpenAPI path/query/header parameters; 서버 가격·통화/정수 금액·결제 출처·월/페이지·원천 멱등키 확인.,200 현재 회사의 실제 무료 체험 시작 이력; 미승인 구매 요청과 결제 미연동 항목 제외; 구독/체험 이력·잔액/원장·청구서의 안전 DTO. 카드 원문·원천 ID 제외.,"원장 거래 불변, 환불은 보정 거래; 이력은 보존 정책 준수.","success URL만으로 paid/충전 표시, 음수 잔액·중복 차감·원장 직접 수정 금지."
GET,/me,implemented,self,self,현재 세션의 활성·이메일 인증 User 자신. 프로필·폐쇄·본인 활동은 회사 소속 없이 사용한다. 회사 정책 입력은 현재 Membership의 tenant만 허용한다.,"OpenAPI path/query/header parameters; 변경 가능 필드 allowlist, 현재 암호·revision·세션 소유권을 확인한다. 계정 폐쇄는 정확한 이메일·version·모든 회사 소유권 인계·마지막 플랫폼 운영자 보호를 적용한다. 본인 활동의 기간·검색·페이지와 CSV 5,000건 상한을 검사한다.",200 본인 프로필 안전 DTO; 본인 프로필·세션 메타데이터·정책 상태·폐쇄 조건. 본인 활동은 시각·처리내용·처리대상만 반환하고 회사/서비스/자료 식별자·원문 detail·비밀 token·암호 hash를 제외한다.,세션 DELETE는 해당 세션 회수. 계정 폐쇄는 모든 구성원·서비스 권한·전문가 배정·관련 초대·세션·인증 정보를 회수하고 closed 상태와 불변 폐쇄 이력을 저장한다. 회사 업무 자료·감사 원장의 삭제는 별도 절차다.,"다른 사용자 세션/활동 열람·회수, 소유권 인계 전 폐쇄, 마지막 운영자 폐쇄, 폐쇄 계정 재활성화·인증 링크 재사용 금지."
PATCH,/me,implemented,self,self,현재 세션의 활성·이메일 인증 User 자신. 프로필·폐쇄·본인 활동은 회사 소속 없이 사용한다. 회사 정책 입력은 현재 Membership의 tenant만 허용한다.,"OpenAPI requestBody schema; 변경 가능 필드 allowlist, 현재 암호·revision·세션 소유권을 확인한다. 계정 폐쇄는 정확한 이메일·version·모든 회사 소유권 인계·마지막 플랫폼 운영자 보호를 적용한다. 본인 활동의 기간·검색·페이지와 CSV 5,000건 상한을 검사한다.",200 프로필 수정; 본인 프로필·세션 메타데이터·정책 상태·폐쇄 조건. 본인 활동은 시각·처리내용·처리대상만 반환하고 회사/서비스/자료 식별자·원문 detail·비밀 token·암호 hash를 제외한다.,세션 DELETE는 해당 세션 회수. 계정 폐쇄는 모든 구성원·서비스 권한·전문가 배정·관련 초대·세션·인증 정보를 회수하고 closed 상태와 불변 폐쇄 이력을 저장한다. 회사 업무 자료·감사 원장의 삭제는 별도 절차다.,"다른 사용자 세션/활동 열람·회수, 소유권 인계 전 폐쇄, 마지막 운영자 폐쇄, 폐쇄 계정 재활성화·인증 링크 재사용 금지."
GET,/me/sessions,implemented,self,self,현재 세션의 활성·이메일 인증 User 자신. 프로필·폐쇄·본인 활동은 회사 소속 없이 사용한다. 회사 정책 입력은 현재 Membership의 tenant만 허용한다.,"OpenAPI path/query/header parameters; 변경 가능 필드 allowlist, 현재 암호·revision·세션 소유권을 확인한다. 계정 폐쇄는 정확한 이메일·version·모든 회사 소유권 인계·마지막 플랫폼 운영자 보호를 적용한다. 본인 활동의 기간·검색·페이지와 CSV 5,000건 상한을 검사한다.",200 본인 세션 목록: token 제외; 본인 프로필·세션 메타데이터·정책 상태·폐쇄 조건. 본인 활동은 시각·처리내용·처리대상만 반환하고 회사/서비스/자료 식별자·원문 detail·비밀 token·암호 hash를 제외한다.,세션 DELETE는 해당 세션 회수. 계정 폐쇄는 모든 구성원·서비스 권한·전문가 배정·관련 초대·세션·인증 정보를 회수하고 closed 상태와 불변 폐쇄 이력을 저장한다. 회사 업무 자료·감사 원장의 삭제는 별도 절차다.,"다른 사용자 세션/활동 열람·회수, 소유권 인계 전 폐쇄, 마지막 운영자 폐쇄, 폐쇄 계정 재활성화·인증 링크 재사용 금지."
DELETE,/me/sessions/{id},implemented,self,self,현재 세션의 활성·이메일 인증 User 자신. 프로필·폐쇄·본인 활동은 회사 소속 없이 사용한다. 회사 정책 입력은 현재 Membership의 tenant만 허용한다.,"OpenAPI path/query/header parameters; 변경 가능 필드 allowlist, 현재 암호·revision·세션 소유권을 확인한다. 계정 폐쇄는 정확한 이메일·version·모든 회사 소유권 인계·마지막 플랫폼 운영자 보호를 적용한다. 본인 활동의 기간·검색·페이지와 CSV 5,000건 상한을 검사한다.",204 본인 세션 회수; 본인 프로필·세션 메타데이터·정책 상태·폐쇄 조건. 본인 활동은 시각·처리내용·처리대상만 반환하고 회사/서비스/자료 식별자·원문 detail·비밀 token·암호 hash를 제외한다.,세션 DELETE는 해당 세션 회수. 계정 폐쇄는 모든 구성원·서비스 권한·전문가 배정·관련 초대·세션·인증 정보를 회수하고 closed 상태와 불변 폐쇄 이력을 저장한다. 회사 업무 자료·감사 원장의 삭제는 별도 절차다.,"다른 사용자 세션/활동 열람·회수, 소유권 인계 전 폐쇄, 마지막 운영자 폐쇄, 폐쇄 계정 재활성화·인증 링크 재사용 금지."
GET,/me/closure,implemented,self,self,현재 세션의 활성·이메일 인증 User 자신. 프로필·폐쇄·본인 활동은 회사 소속 없이 사용한다. 회사 정책 입력은 현재 Membership의 tenant만 허용한다.,"OpenAPI path/query/header parameters; 변경 가능 필드 allowlist, 현재 암호·revision·세션 소유권을 확인한다. 계정 폐쇄는 정확한 이메일·version·모든 회사 소유권 인계·마지막 플랫폼 운영자 보호를 적용한다. 본인 활동의 기간·검색·페이지와 CSV 5,000건 상한을 검사한다.",200 계정 폐쇄 조건·소유 회사·운영 권한 인계 상태; 본인 프로필·세션 메타데이터·정책 상태·폐쇄 조건. 본인 활동은 시각·처리내용·처리대상만 반환하고 회사/서비스/자료 식별자·원문 detail·비밀 token·암호 hash를 제외한다.,세션 DELETE는 해당 세션 회수. 계정 폐쇄는 모든 구성원·서비스 권한·전문가 배정·관련 초대·세션·인증 정보를 회수하고 closed 상태와 불변 폐쇄 이력을 저장한다. 회사 업무 자료·감사 원장의 삭제는 별도 절차다.,"다른 사용자 세션/활동 열람·회수, 소유권 인계 전 폐쇄, 마지막 운영자 폐쇄, 폐쇄 계정 재활성화·인증 링크 재사용 금지."
POST,/me/closure,implemented,self,self + current password + ownership handoff,현재 세션의 활성·이메일 인증 User 자신. 프로필·폐쇄·본인 활동은 회사 소속 없이 사용한다. 회사 정책 입력은 현재 Membership의 tenant만 허용한다.,"OpenAPI requestBody schema; 변경 가능 필드 allowlist, 현재 암호·revision·세션 소유권을 확인한다. 계정 폐쇄는 정확한 이메일·version·모든 회사 소유권 인계·마지막 플랫폼 운영자 보호를 적용한다. 본인 활동의 기간·검색·페이지와 CSV 5,000건 상한을 검사한다.",200 계정 폐쇄·모든 세션/인증 정보/회사 권한 회수·불변 이력; 본인 프로필·세션 메타데이터·정책 상태·폐쇄 조건. 본인 활동은 시각·처리내용·처리대상만 반환하고 회사/서비스/자료 식별자·원문 detail·비밀 token·암호 hash를 제외한다.,세션 DELETE는 해당 세션 회수. 계정 폐쇄는 모든 구성원·서비스 권한·전문가 배정·관련 초대·세션·인증 정보를 회수하고 closed 상태와 불변 폐쇄 이력을 저장한다. 회사 업무 자료·감사 원장의 삭제는 별도 절차다.,"다른 사용자 세션/활동 열람·회수, 소유권 인계 전 폐쇄, 마지막 운영자 폐쇄, 폐쇄 계정 재활성화·인증 링크 재사용 금지."
GET,/me/audit-events,implemented,self,self,현재 세션의 활성·이메일 인증 User 자신. 프로필·폐쇄·본인 활동은 회사 소속 없이 사용한다. 회사 정책 입력은 현재 Membership의 tenant만 허용한다.,"OpenAPI path/query/header parameters; 변경 가능 필드 allowlist, 현재 암호·revision·세션 소유권을 확인한다. 계정 폐쇄는 정확한 이메일·version·모든 회사 소유권 인계·마지막 플랫폼 운영자 보호를 적용한다. 본인 활동의 기간·검색·페이지와 CSV 5,000건 상한을 검사한다.",200 회사 소속 없이 본인 활동의 안전 필드·기간·검색·페이지 조회; 본인 프로필·세션 메타데이터·정책 상태·폐쇄 조건. 본인 활동은 시각·처리내용·처리대상만 반환하고 회사/서비스/자료 식별자·원문 detail·비밀 token·암호 hash를 제외한다.,세션 DELETE는 해당 세션 회수. 계정 폐쇄는 모든 구성원·서비스 권한·전문가 배정·관련 초대·세션·인증 정보를 회수하고 closed 상태와 불변 폐쇄 이력을 저장한다. 회사 업무 자료·감사 원장의 삭제는 별도 절차다.,"다른 사용자 세션/활동 열람·회수, 소유권 인계 전 폐쇄, 마지막 운영자 폐쇄, 폐쇄 계정 재활성화·인증 링크 재사용 금지."
GET,/me/audit-events/export,implemented,self,self,현재 세션의 활성·이메일 인증 User 자신. 프로필·폐쇄·본인 활동은 회사 소속 없이 사용한다. 회사 정책 입력은 현재 Membership의 tenant만 허용한다.,"OpenAPI path/query/header parameters; 변경 가능 필드 allowlist, 현재 암호·revision·세션 소유권을 확인한다. 계정 폐쇄는 정확한 이메일·version·모든 회사 소유권 인계·마지막 플랫폼 운영자 보호를 적용한다. 본인 활동의 기간·검색·페이지와 CSV 5,000건 상한을 검사한다.","200 본인 활동 동일 필터 CSV·5,000건 상한·수식 방어; 본인 프로필·세션 메타데이터·정책 상태·폐쇄 조건. 본인 활동은 시각·처리내용·처리대상만 반환하고 회사/서비스/자료 식별자·원문 detail·비밀 token·암호 hash를 제외한다.",세션 DELETE는 해당 세션 회수. 계정 폐쇄는 모든 구성원·서비스 권한·전문가 배정·관련 초대·세션·인증 정보를 회수하고 closed 상태와 불변 폐쇄 이력을 저장한다. 회사 업무 자료·감사 원장의 삭제는 별도 절차다.,"다른 사용자 세션/활동 열람·회수, 소유권 인계 전 폐쇄, 마지막 운영자 폐쇄, 폐쇄 계정 재활성화·인증 링크 재사용 금지."
POST,/uploads/init,implemented,files,own service file.write OR submission.write + file.read; service grant,"현재 회사·사용자·서비스·질문·응답의 파일 바인딩, 또는 소비 전 일회 업로드 token. 로그인 요청은 현재 세션·이메일 인증·선택 회사·보안 정책을 잠금 아래 재검사한다. 작업/외부 공유는 별도 발급자 권한 검사다.",OpenAPI requestBody schema; 크기·MIME·시그니처·SHA-256·ClamAV·상태·version·부모 ID를 검사한다. 중복/알 수 없는 파일 쿼리는 422. 파일 잠금 대기·저장소 읽기 후 실제 세션·보유 기한을 다시 확인한다.,201 암호화 비공개 파일 준비·회사 용량 예약; 안전 메타데이터 또는 권한 확인한 attachment 바이트. storageKey 제외.,제출 전 임시 파일은 삭제 가능; 제출 증거는 파기/정정 수명주기에 따른다.,"검사 전 다운로드, public 경로 저장, 경로 입력 신뢰, 다른 응답 첨부 교차 열람 금지."
POST,/public/forms/{token}/uploads,implemented,public-forms,active publication + file question + rate limit,활성 공개 token에서 회사·서비스·게시 버전 범위를 도출하고 현재 회사/서비스/폼/게시 상태를 transaction 잠금으로 재확인한다. 조회·신규 접수·성공 재전송에 같은 공개 범위를 집행한다.,OpenAPI requestBody schema; token hash·만료·현재 게시 버전·응답 한도·질문 타입·행 ID별 단일/복수 선택과 선택 수·표시된 필수값·필수 동의·업로드 소유권·요청 제한을 검사한다. 숨겨진 질문의 비어 있지 않은 답변을 거부한다. 같은 키/다른 본문은 409며 정상 성공 재전송은 마지막 한도 소비 후에도 기존 ID만 반환한다. 최초 확인 후 잠금 대기 중 종료된 공개 상태는 410이다.,201 일회성 업로드 권한 발급·회사 용량 예약; 공개 당시 고정 질문/동의 문구와 안전한 제출 ID/시각/submitted 상태. 내부 관리자·게시/문서 버전 ID·토큰 암호문은 제외한다. 한도 도달 조회는 closed로 안내한다.,공개 URL은 관리자가 회수. 익명 직접 삭제 API 없음.,"GET 제출·GET 상태 변경, token만으로 관리자 권한 상승, 다른 폼 질문 제출, 종료/회수된 공개 요청의 캐시 성공 재노출, 실패 접수의 한도/응답/영수증/감사 부분 저장 금지."
GET,/uploads/{id},implemented,files,uploader OR unconsumed X-Upload-Token,"현재 회사·사용자·서비스·질문·응답의 파일 바인딩, 또는 소비 전 일회 업로드 token. 로그인 요청은 현재 세션·이메일 인증·선택 회사·보안 정책을 잠금 아래 재검사한다. 작업/외부 공유는 별도 발급자 권한 검사다.",OpenAPI path/query/header parameters; 크기·MIME·시그니처·SHA-256·ClamAV·상태·version·부모 ID를 검사한다. 중복/알 수 없는 파일 쿼리는 422. 파일 잠금 대기·저장소 읽기 후 실제 세션·보유 기한을 다시 확인한다.,200 업로드·검사 상태 확인; 안전 메타데이터 또는 권한 확인한 attachment 바이트. storageKey 제외.,제출 전 임시 파일은 삭제 가능; 제출 증거는 파기/정정 수명주기에 따른다.,"검사 전 다운로드, public 경로 저장, 경로 입력 신뢰, 다른 응답 첨부 교차 열람 금지."
DELETE,/uploads/{id},implemented,files,uploader OR unconsumed X-Upload-Token; If-Match,"현재 회사·사용자·서비스·질문·응답의 파일 바인딩, 또는 소비 전 일회 업로드 token. 로그인 요청은 현재 세션·이메일 인증·선택 회사·보안 정책을 잠금 아래 재검사한다. 작업/외부 공유는 별도 발급자 권한 검사다.",OpenAPI path/query/header parameters; 크기·MIME·시그니처·SHA-256·ClamAV·상태·version·부모 ID를 검사한다. 중복/알 수 없는 파일 쿼리는 422. 파일 잠금 대기·저장소 읽기 후 실제 세션·보유 기한을 다시 확인한다.,204 제출 전 업로드 취소·비공개 파일 삭제; 안전 메타데이터 또는 권한 확인한 attachment 바이트. storageKey 제외.,제출 전 임시 파일은 삭제 가능; 제출 증거는 파기/정정 수명주기에 따른다.,"검사 전 다운로드, public 경로 저장, 경로 입력 신뢰, 다른 응답 첨부 교차 열람 금지."
PUT,/uploads/{id}/content,implemented,files,uploader OR unconsumed X-Upload-Token,"현재 회사·사용자·서비스·질문·응답의 파일 바인딩, 또는 소비 전 일회 업로드 token. 로그인 요청은 현재 세션·이메일 인증·선택 회사·보안 정책을 잠금 아래 재검사한다. 작업/외부 공유는 별도 발급자 권한 검사다.",OpenAPI requestBody schema; 크기·MIME·시그니처·SHA-256·ClamAV·상태·version·부모 ID를 검사한다. 중복/알 수 없는 파일 쿼리는 422. 파일 잠금 대기·저장소 읽기 후 실제 세션·보유 기한을 다시 확인한다.,200 1~10MB 제한·확장자/시그니처/SHA-256 검사·암호화 저장; 안전 메타데이터 또는 권한 확인한 attachment 바이트. storageKey 제외.,제출 전 임시 파일은 삭제 가능; 제출 증거는 파기/정정 수명주기에 따른다.,"검사 전 다운로드, public 경로 저장, 경로 입력 신뢰, 다른 응답 첨부 교차 열람 금지."
POST,/uploads/{id}/complete,implemented,files,uploader OR unconsumed X-Upload-Token,"현재 회사·사용자·서비스·질문·응답의 파일 바인딩, 또는 소비 전 일회 업로드 token. 로그인 요청은 현재 세션·이메일 인증·선택 회사·보안 정책을 잠금 아래 재검사한다. 작업/외부 공유는 별도 발급자 권한 검사다.",No request body; 크기·MIME·시그니처·SHA-256·ClamAV·상태·version·부모 ID를 검사한다. 중복/알 수 없는 파일 쿼리는 422. 파일 잠금 대기·저장소 읽기 후 실제 세션·보유 기한을 다시 확인한다.,200 ClamAV 검사; 미설정/오래된 정의/오류는 차단; 안전 메타데이터 또는 권한 확인한 attachment 바이트. storageKey 제외.,제출 전 임시 파일은 삭제 가능; 제출 증거는 파기/정정 수명주기에 따른다.,"검사 전 다운로드, public 경로 저장, 경로 입력 신뢰, 다른 응답 첨부 교차 열람 금지."
GET,/files,implemented,files,submission.read + file.read + service grant,"현재 회사·사용자·서비스·질문·응답의 파일 바인딩, 또는 소비 전 일회 업로드 token. 로그인 요청은 현재 세션·이메일 인증·선택 회사·보안 정책을 잠금 아래 재검사한다. 작업/외부 공유는 별도 발급자 권한 검사다.",OpenAPI path/query/header parameters; 크기·MIME·시그니처·SHA-256·ClamAV·상태·version·부모 ID를 검사한다. 중복/알 수 없는 파일 쿼리는 422. 파일 잠금 대기·저장소 읽기 후 실제 세션·보유 기한을 다시 확인한다.,200 submissionId 범위의 첨부·정정 이력 파일 목록; 안전 메타데이터 또는 권한 확인한 attachment 바이트. storageKey 제외.,제출 전 임시 파일은 삭제 가능; 제출 증거는 파기/정정 수명주기에 따른다.,"검사 전 다운로드, public 경로 저장, 경로 입력 신뢰, 다른 응답 첨부 교차 열람 금지."
GET,/files/{id},implemented,files,file.read + tenant/service/submission/question binding,"현재 회사·사용자·서비스·질문·응답의 파일 바인딩, 또는 소비 전 일회 업로드 token. 로그인 요청은 현재 세션·이메일 인증·선택 회사·보안 정책을 잠금 아래 재검사한다. 작업/외부 공유는 별도 발급자 권한 검사다.",OpenAPI path/query/header parameters; 크기·MIME·시그니처·SHA-256·ClamAV·상태·version·부모 ID를 검사한다. 중복/알 수 없는 파일 쿼리는 422. 파일 잠금 대기·저장소 읽기 후 실제 세션·보유 기한을 다시 확인한다.,200 검사·만료·권한을 확인한 파일 메타데이터; 안전 메타데이터 또는 권한 확인한 attachment 바이트. storageKey 제외.,제출 전 임시 파일은 삭제 가능; 제출 증거는 파기/정정 수명주기에 따른다.,"검사 전 다운로드, public 경로 저장, 경로 입력 신뢰, 다른 응답 첨부 교차 열람 금지."
PATCH,/files/{id},implemented,files,own unattached member upload + file.write,"현재 회사·사용자·서비스·질문·응답의 파일 바인딩, 또는 소비 전 일회 업로드 token. 로그인 요청은 현재 세션·이메일 인증·선택 회사·보안 정책을 잠금 아래 재검사한다. 작업/외부 공유는 별도 발급자 권한 검사다.",OpenAPI requestBody schema; 크기·MIME·시그니처·SHA-256·ClamAV·상태·version·부모 ID를 검사한다. 중복/알 수 없는 파일 쿼리는 422. 파일 잠금 대기·저장소 읽기 후 실제 세션·보유 기한을 다시 확인한다.,200 첨부 전 파일 이름 변경·버전 검사; 안전 메타데이터 또는 권한 확인한 attachment 바이트. storageKey 제외.,제출 전 임시 파일은 삭제 가능; 제출 증거는 파기/정정 수명주기에 따른다.,"검사 전 다운로드, public 경로 저장, 경로 입력 신뢰, 다른 응답 첨부 교차 열람 금지."
DELETE,/files/{id},implemented,files,own unattached member upload + If-Match,"현재 회사·사용자·서비스·질문·응답의 파일 바인딩, 또는 소비 전 일회 업로드 token. 로그인 요청은 현재 세션·이메일 인증·선택 회사·보안 정책을 잠금 아래 재검사한다. 작업/외부 공유는 별도 발급자 권한 검사다.",OpenAPI path/query/header parameters; 크기·MIME·시그니처·SHA-256·ClamAV·상태·version·부모 ID를 검사한다. 중복/알 수 없는 파일 쿼리는 422. 파일 잠금 대기·저장소 읽기 후 실제 세션·보유 기한을 다시 확인한다.,204 제출 전 파일 삭제; 첨부된 증거는 개별 삭제 금지; 안전 메타데이터 또는 권한 확인한 attachment 바이트. storageKey 제외.,제출 전 임시 파일은 삭제 가능; 제출 증거는 파기/정정 수명주기에 따른다.,"검사 전 다운로드, public 경로 저장, 경로 입력 신뢰, 다른 응답 첨부 교차 열람 금지."
GET,/files/{id}/download,implemented,files,file.read + current session/policy + tenant/service/submission/question binding,"현재 회사·사용자·서비스·질문·응답의 파일 바인딩, 또는 소비 전 일회 업로드 token. 로그인 요청은 현재 세션·이메일 인증·선택 회사·보안 정책을 잠금 아래 재검사한다. 작업/외부 공유는 별도 발급자 권한 검사다.",OpenAPI path/query/header parameters; 크기·MIME·시그니처·SHA-256·ClamAV·상태·version·부모 ID를 검사한다. 중복/알 수 없는 파일 쿼리는 422. 파일 잠금 대기·저장소 읽기 후 실제 세션·보유 기한을 다시 확인한다.,"200 권한 확인 후 내려받는 원본 바이트; Content-Disposition: attachment 및 private,no-store; 안전 메타데이터 또는 권한 확인한 attachment 바이트. storageKey 제외.",제출 전 임시 파일은 삭제 가능; 제출 증거는 파기/정정 수명주기에 따른다.,"검사 전 다운로드, public 경로 저장, 경로 입력 신뢰, 다른 응답 첨부 교차 열람 금지."
GET,/security/policy,implemented,security,security.read,현재 회사 보안 정책; 사용자 암호 정책 조회는 본인 Membership.,OpenAPI path/query/header parameters; 현재 암호·정책 revision·CIDR·SSO issuer/state/nonce·잠금 방지 확인.,200 현재 회사의 비밀번호·세션·2FA·게시 승인·유한 보유 기한 파기 정책; 정책·인증 설정의 비밀 제거 DTO. client secret/OTP 비노출.,정책 DELETE는 기본값 복원. IdP/IP 규칙은 참조·잠금 검사 후 보관.,"마지막 인증 수단 제거, 정책 저장 후 미집행, 임의 returnTo 허용 금지."
PATCH,/security/policy,implemented,security,owner + current password + matching tenant,현재 회사 보안 정책; 사용자 암호 정책 조회는 본인 Membership.,OpenAPI requestBody schema; 현재 암호·정책 revision·CIDR·SSO issuer/state/nonce·잠금 방지 확인.,200 정책 변경·경합 검사·진행 중 승인 무효화; 정책·인증 설정의 비밀 제거 DTO. client secret/OTP 비노출.,정책 DELETE는 기본값 복원. IdP/IP 규칙은 참조·잠금 검사 후 보관.,"마지막 인증 수단 제거, 정책 저장 후 미집행, 임의 returnTo 허용 금지."
DELETE,/security/policy,implemented,security,owner + current password + matching tenant,현재 회사 보안 정책; 사용자 암호 정책 조회는 본인 Membership.,OpenAPI requestBody schema; 현재 암호·정책 revision·CIDR·SSO issuer/state/nonce·잠금 방지 확인.,200 비밀번호 12자·3개월·현재 암호 재사용 금지·유예 없음·세션 30분·2FA/승인 선택으로 기본값 복원; 정책·인증 설정의 비밀 제거 DTO. client secret/OTP 비노출.,정책 DELETE는 기본값 복원. IdP/IP 규칙은 참조·잠금 검사 후 보관.,"마지막 인증 수단 제거, 정책 저장 후 미집행, 임의 returnTo 허용 금지."
GET,/public/forms/{token},implemented,public-forms,current active company/service/publication grant,활성 공개 token에서 회사·서비스·게시 버전 범위를 도출하고 현재 회사/서비스/폼/게시 상태를 transaction 잠금으로 재확인한다. 조회·신규 접수·성공 재전송에 같은 공개 범위를 집행한다.,OpenAPI path/query/header parameters; token hash·만료·현재 게시 버전·응답 한도·질문 타입·행 ID별 단일/복수 선택과 선택 수·표시된 필수값·필수 동의·업로드 소유권·요청 제한을 검사한다. 숨겨진 질문의 비어 있지 않은 답변을 거부한다. 같은 키/다른 본문은 409며 정상 성공 재전송은 마지막 한도 소비 후에도 기존 ID만 반환한다. 최초 확인 후 잠금 대기 중 종료된 공개 상태는 410이다.,200 현재 공개 상태를 잠금 후 재확인해 게시 당시 질문·동의만 제공; 응답 한도 도달은 closed 표시; 공개 당시 고정 질문/동의 문구와 안전한 제출 ID/시각/submitted 상태. 내부 관리자·게시/문서 버전 ID·토큰 암호문은 제외한다. 한도 도달 조회는 closed로 안내한다.,공개 URL은 관리자가 회수. 익명 직접 삭제 API 없음.,"GET 제출·GET 상태 변경, token만으로 관리자 권한 상승, 다른 폼 질문 제출, 종료/회수된 공개 요청의 캐시 성공 재노출, 실패 접수의 한도/응답/영수증/감사 부분 저장 금지."
POST,/public/forms/{token}/submissions,implemented,public-forms,current active publication + idempotency + rate limit,활성 공개 token에서 회사·서비스·게시 버전 범위를 도출하고 현재 회사/서비스/폼/게시 상태를 transaction 잠금으로 재확인한다. 조회·신규 접수·성공 재전송에 같은 공개 범위를 집행한다.,OpenAPI requestBody schema; token hash·만료·현재 게시 버전·응답 한도·질문 타입·행 ID별 단일/복수 선택과 선택 수·표시된 필수값·필수 동의·업로드 소유권·요청 제한을 검사한다. 숨겨진 질문의 비어 있지 않은 답변을 거부한다. 같은 키/다른 본문은 409며 정상 성공 재전송은 마지막 한도 소비 후에도 기존 ID만 반환한다. 최초 확인 후 잠금 대기 중 종료된 공개 상태는 410이다.,201 접수 당시 ID·시각·상태; 같은 키의 정상 재시도는 같은 값; 공개 당시 고정 질문/동의 문구와 안전한 제출 ID/시각/submitted 상태. 내부 관리자·게시/문서 버전 ID·토큰 암호문은 제외한다. 한도 도달 조회는 closed로 안내한다.,공개 URL은 관리자가 회수. 익명 직접 삭제 API 없음.,"GET 제출·GET 상태 변경, token만으로 관리자 권한 상승, 다른 폼 질문 제출, 종료/회수된 공개 요청의 캐시 성공 재노출, 실패 접수의 한도/응답/영수증/감사 부분 저장 금지."
POST,/forms/{id}/publish,implemented,forms,form.publish + service grant,현재 회사·서비스의 Form/Template/Publication. 목록/상세/삭제 시 현재 계정·세션·구성원·전문가·ServiceGrant를 transaction에서 재검사한다. 전문가는 현재 배정된 활성 서비스의 폼만 상세·목록·즐겨찾기에 접근한다.,OpenAPI requestBody schema; 9개 질문 타입·앞선 선택 질문의 유효한 조건 참조·행 ID/선택지·최소/최대 선택 수·정보주체/마케팅 연락처의 항상 표시·version·승인 revision·게시 token·멱등키를 검사한다. 초안 PATCH의 선택적 키는 저장/감사와 원자적으로 기록하고 재전송 전에 현재 권한/활성 서비스를 재검사한다. 복제 시 질문/행 ID와 조건/마케팅 참조를 새로 발급한다.,"201 검증된 초안 게시; 승인·본인인증·첨부 연동 미충족 시 차단; 허용 폼 초안/게시본·질문·상태 DTO. 초안 PATCH는 과거 재전송 캐시를 포함해 공유 토큰을 제거한다. 공유 토큰 조회는 현재 form.publish 권한이 필요하다. 게시/승인/고정 URL 생성 재전송도 현재 계정/세션/전문가/서비스와 활성 상태를 검사한다. 승인/고정 URL 조회와 화면 권한은 현재 범위를 사용한다. 응답 원문은 별도 권한 API. 폼 목록은 공유 토큰을 제외하고 한국 날짜/즐겨찾기/정렬을 적용해 빈 목록 page=1, 범위 밖 page를 마지막 페이지로 보정한다. 목록/상세 GET의 actions는 현재 역할·서비스 grant·보관/가져오기 양식·공개 상태·만료를 반영한다. 목록 permissions는 선택 서비스의 생성/업로드 권한이다. 생성/저장/복사/템플릿 캐시는 작업 권한을 저장하지 않는다. 삭제 조건의 canReadResponses는 현재 응답 조회 권한이며 checkDeletion은 실제 canPurge와 구분한다. 템플릿 GET은 현재 역할/grant/세션/전문가 배정/서비스 상태의 작업과 활성 생성 대상을 반환한다. 보관 서비스는 직접 구성원만 읽는다. 템플릿 삭제는 신규/회사 구성원 범위의 이전 생성 캐시 내용·요청 해시를 원자 제거하고 생성 재전송은410이다. 독립 생성 폼은 유지한다.",DELETE /forms/{id}는 공개 종료·보관 및 응답 보존. /deletion은 현재 삭제 사유·version을 반환한다. /purge는 현재 작성 권한·활성 서비스·If-Match와 전체 게시/승인/응답/공유/업로드/파일 참조를 검사해 미게시·미참조 초안만 영구 삭제한다. 연결 질문·선택지·문서 연결·즐겨찾기와 생성/복제/템플릿/저장 캐시 내용도 원자 제거하며 감사·게시 문서·독립 복사본은 보존한다. 삭제된 생성 키는 410.,"게시본 제자리 수정, 승인 우회 게시, 다른 서비스 템플릿 사용 금지."
POST,/forms/{id}/copy,implemented,forms,form.write + service grant,현재 회사·서비스의 Form/Template/Publication. 목록/상세/삭제 시 현재 계정·세션·구성원·전문가·ServiceGrant를 transaction에서 재검사한다. 전문가는 현재 배정된 활성 서비스의 폼만 상세·목록·즐겨찾기에 접근한다.,OpenAPI requestBody schema; 9개 질문 타입·앞선 선택 질문의 유효한 조건 참조·행 ID/선택지·최소/최대 선택 수·정보주체/마케팅 연락처의 항상 표시·version·승인 revision·게시 token·멱등키를 검사한다. 초안 PATCH의 선택적 키는 저장/감사와 원자적으로 기록하고 재전송 전에 현재 권한/활성 서비스를 재검사한다. 복제 시 질문/행 ID와 조건/마케팅 참조를 새로 발급한다.,"201 전체 폼 복사; 허용 폼 초안/게시본·질문·상태 DTO. 초안 PATCH는 과거 재전송 캐시를 포함해 공유 토큰을 제거한다. 공유 토큰 조회는 현재 form.publish 권한이 필요하다. 게시/승인/고정 URL 생성 재전송도 현재 계정/세션/전문가/서비스와 활성 상태를 검사한다. 승인/고정 URL 조회와 화면 권한은 현재 범위를 사용한다. 응답 원문은 별도 권한 API. 폼 목록은 공유 토큰을 제외하고 한국 날짜/즐겨찾기/정렬을 적용해 빈 목록 page=1, 범위 밖 page를 마지막 페이지로 보정한다. 목록/상세 GET의 actions는 현재 역할·서비스 grant·보관/가져오기 양식·공개 상태·만료를 반영한다. 목록 permissions는 선택 서비스의 생성/업로드 권한이다. 생성/저장/복사/템플릿 캐시는 작업 권한을 저장하지 않는다. 삭제 조건의 canReadResponses는 현재 응답 조회 권한이며 checkDeletion은 실제 canPurge와 구분한다. 템플릿 GET은 현재 역할/grant/세션/전문가 배정/서비스 상태의 작업과 활성 생성 대상을 반환한다. 보관 서비스는 직접 구성원만 읽는다. 템플릿 삭제는 신규/회사 구성원 범위의 이전 생성 캐시 내용·요청 해시를 원자 제거하고 생성 재전송은410이다. 독립 생성 폼은 유지한다.",DELETE /forms/{id}는 공개 종료·보관 및 응답 보존. /deletion은 현재 삭제 사유·version을 반환한다. /purge는 현재 작성 권한·활성 서비스·If-Match와 전체 게시/승인/응답/공유/업로드/파일 참조를 검사해 미게시·미참조 초안만 영구 삭제한다. 연결 질문·선택지·문서 연결·즐겨찾기와 생성/복제/템플릿/저장 캐시 내용도 원자 제거하며 감사·게시 문서·독립 복사본은 보존한다. 삭제된 생성 키는 410.,"게시본 제자리 수정, 승인 우회 게시, 다른 서비스 템플릿 사용 금지."
POST,/forms/{id}/pause,implemented,forms,form.publish + service grant,현재 회사·서비스의 Form/Template/Publication. 목록/상세/삭제 시 현재 계정·세션·구성원·전문가·ServiceGrant를 transaction에서 재검사한다. 전문가는 현재 배정된 활성 서비스의 폼만 상세·목록·즐겨찾기에 접근한다.,OpenAPI requestBody schema; 9개 질문 타입·앞선 선택 질문의 유효한 조건 참조·행 ID/선택지·최소/최대 선택 수·정보주체/마케팅 연락처의 항상 표시·version·승인 revision·게시 token·멱등키를 검사한다. 초안 PATCH의 선택적 키는 저장/감사와 원자적으로 기록하고 재전송 전에 현재 권한/활성 서비스를 재검사한다. 복제 시 질문/행 ID와 조건/마케팅 참조를 새로 발급한다.,"200 공개 pause; 허용 폼 초안/게시본·질문·상태 DTO. 초안 PATCH는 과거 재전송 캐시를 포함해 공유 토큰을 제거한다. 공유 토큰 조회는 현재 form.publish 권한이 필요하다. 게시/승인/고정 URL 생성 재전송도 현재 계정/세션/전문가/서비스와 활성 상태를 검사한다. 승인/고정 URL 조회와 화면 권한은 현재 범위를 사용한다. 응답 원문은 별도 권한 API. 폼 목록은 공유 토큰을 제외하고 한국 날짜/즐겨찾기/정렬을 적용해 빈 목록 page=1, 범위 밖 page를 마지막 페이지로 보정한다. 목록/상세 GET의 actions는 현재 역할·서비스 grant·보관/가져오기 양식·공개 상태·만료를 반영한다. 목록 permissions는 선택 서비스의 생성/업로드 권한이다. 생성/저장/복사/템플릿 캐시는 작업 권한을 저장하지 않는다. 삭제 조건의 canReadResponses는 현재 응답 조회 권한이며 checkDeletion은 실제 canPurge와 구분한다. 템플릿 GET은 현재 역할/grant/세션/전문가 배정/서비스 상태의 작업과 활성 생성 대상을 반환한다. 보관 서비스는 직접 구성원만 읽는다. 템플릿 삭제는 신규/회사 구성원 범위의 이전 생성 캐시 내용·요청 해시를 원자 제거하고 생성 재전송은410이다. 독립 생성 폼은 유지한다.",DELETE /forms/{id}는 공개 종료·보관 및 응답 보존. /deletion은 현재 삭제 사유·version을 반환한다. /purge는 현재 작성 권한·활성 서비스·If-Match와 전체 게시/승인/응답/공유/업로드/파일 참조를 검사해 미게시·미참조 초안만 영구 삭제한다. 연결 질문·선택지·문서 연결·즐겨찾기와 생성/복제/템플릿/저장 캐시 내용도 원자 제거하며 감사·게시 문서·독립 복사본은 보존한다. 삭제된 생성 키는 410.,"게시본 제자리 수정, 승인 우회 게시, 다른 서비스 템플릿 사용 금지."
POST,/forms/{id}/revise,planned,forms,form.publish or form.write,현재 회사·서비스의 Form/Template/Publication. 목록/상세/삭제 시 현재 계정·세션·구성원·전문가·ServiceGrant를 transaction에서 재검사한다. 전문가는 현재 배정된 활성 서비스의 폼만 상세·목록·즐겨찾기에 접근한다.,OpenAPI requestBody schema; 9개 질문 타입·앞선 선택 질문의 유효한 조건 참조·행 ID/선택지·최소/최대 선택 수·정보주체/마케팅 연락처의 항상 표시·version·승인 revision·게시 token·멱등키를 검사한다. 초안 PATCH의 선택적 키는 저장/감사와 원자적으로 기록하고 재전송 전에 현재 권한/활성 서비스를 재검사한다. 복제 시 질문/행 ID와 조건/마케팅 참조를 새로 발급한다.,"200 폼 상태 전이 revise; 허용 폼 초안/게시본·질문·상태 DTO. 초안 PATCH는 과거 재전송 캐시를 포함해 공유 토큰을 제거한다. 공유 토큰 조회는 현재 form.publish 권한이 필요하다. 게시/승인/고정 URL 생성 재전송도 현재 계정/세션/전문가/서비스와 활성 상태를 검사한다. 승인/고정 URL 조회와 화면 권한은 현재 범위를 사용한다. 응답 원문은 별도 권한 API. 폼 목록은 공유 토큰을 제외하고 한국 날짜/즐겨찾기/정렬을 적용해 빈 목록 page=1, 범위 밖 page를 마지막 페이지로 보정한다. 목록/상세 GET의 actions는 현재 역할·서비스 grant·보관/가져오기 양식·공개 상태·만료를 반영한다. 목록 permissions는 선택 서비스의 생성/업로드 권한이다. 생성/저장/복사/템플릿 캐시는 작업 권한을 저장하지 않는다. 삭제 조건의 canReadResponses는 현재 응답 조회 권한이며 checkDeletion은 실제 canPurge와 구분한다. 템플릿 GET은 현재 역할/grant/세션/전문가 배정/서비스 상태의 작업과 활성 생성 대상을 반환한다. 보관 서비스는 직접 구성원만 읽는다. 템플릿 삭제는 신규/회사 구성원 범위의 이전 생성 캐시 내용·요청 해시를 원자 제거하고 생성 재전송은410이다. 독립 생성 폼은 유지한다.",DELETE /forms/{id}는 공개 종료·보관 및 응답 보존. /deletion은 현재 삭제 사유·version을 반환한다. /purge는 현재 작성 권한·활성 서비스·If-Match와 전체 게시/승인/응답/공유/업로드/파일 참조를 검사해 미게시·미참조 초안만 영구 삭제한다. 연결 질문·선택지·문서 연결·즐겨찾기와 생성/복제/템플릿/저장 캐시 내용도 원자 제거하며 감사·게시 문서·독립 복사본은 보존한다. 삭제된 생성 키는 410.,"게시본 제자리 수정, 승인 우회 게시, 다른 서비스 템플릿 사용 금지."
GET,/forms/{id}/submissions,implemented,form-submissions,submission.read + service grant,현재 회사·서비스·폼의 응답. 현재 사용자·세션·구성원·전문가 배정 및 submission.read grant를 transaction 안에서 재검사한다.,"OpenAPI path/query/header parameters; 상태·응답 ID 검색·제출 from 포함/to 제외 필터를 목록과 CSV에 동일하게 적용한다. 열람/내보내기 전에 응답 행을 잠그고 상태·보유 기한을 재검사한다. CSV는 5,000건·1,000열·20MB를 넘으면 413으로 거부하고 수식을 방어한다.",200 암호화 응답을 권한 범위에서 조회·감사; 보유 기한 종료 또는 파기 시작 뒤 원문 제외; 목록은 안전 DTO와 허용 현재 값. CSV는 게시 버전별 질문·행렬 행별 열과 복수 선택 JSON 배열을 제공한다. 만료·파기 중/완료 원문은 제외하며 파일 이름은 현재 file.read 권한에만 제공한다. CSV에 파일 ID·저장소 키·다운로드 링크·관리자 메모·과거 정정 원문을 포함하지 않는다.,조회/내보내기는 자료를 삭제하지 않는다. CSV 성공 시 원문·검색어 없이 건수·필터 사용 여부의 불변 감사 이벤트를 저장한다. 서버에 별도 원문 CSV 파일을 보관하지 않는다.,"다른 회사/서비스 또는 회수·만료 권한의 원문 내보내기, 숨겨진 답변 재노출, 보유 기한 종료/파기 원문·파일 링크 내보내기, 상한 초과 시 부분 파일·성공 감사 반환 금지."
GET,/submissions/{id},implemented,submissions,submission.read + service grant,현재 회사·서비스·폼의 Submission. 읽기/정정/파기 capability 분리.,OpenAPI path/query/header parameters; 답변의 게시 질문 소속·문자열/선택 배열/행 ID별 구조화한 행렬 타입·선택 수·현재 version·보유 기한·legal hold를 검사한다. 정정은 기존 답변과 합쳐 조건을 재검사하며 새로 표시된 필수 답변을 요구하고 숨겨진 현재 값을 비운다. 자동으로 비운 값도 암호화된 이력에 남긴다.,200 응답·변경 이력·메모·동의 영수증; contentAvailable=false이면 원문·첨부 제외; 권한/보유 상태별 마스킹 응답·변경 이력. 만료·파기 원문 제외.,"정정은 이벤트, 철회는 상태, 실제 삭제는 파기 작업·증명서로 처리.","과거 동의 증거 덮어쓰기, 파기 시작 뒤 원문 접근·캐시 재생 금지."
PATCH,/submissions/{id},implemented,submissions,submission.write + service grant,현재 회사·서비스·폼의 Submission. 읽기/정정/파기 capability 분리.,OpenAPI requestBody schema; 답변의 게시 질문 소속·문자열/선택 배열/행 ID별 구조화한 행렬 타입·선택 수·현재 version·보유 기한·legal hold를 검사한다. 정정은 기존 답변과 합쳐 조건을 재검사하며 새로 표시된 필수 답변을 요구하고 숨겨진 현재 값을 비운다. 자동으로 비운 값도 암호화된 이력에 남긴다.,200 응답 정정; 암호화된 이전 값 보존; 권한/보유 상태별 마스킹 응답·변경 이력. 만료·파기 원문 제외.,"정정은 이벤트, 철회는 상태, 실제 삭제는 파기 작업·증명서로 처리.","과거 동의 증거 덮어쓰기, 파기 시작 뒤 원문 접근·캐시 재생 금지."
GET,/ledger,implemented,billing,billing.read,현재 회사 결제 자료; 서비스 필터는 같은 tenant 서비스만.,OpenAPI path/query/header parameters; 서버 가격·통화/정수 금액·결제 출처·월/페이지·원천 멱등키 확인.,200 회사 크레딧 계정과 거래 페이지; 구독/체험 이력·잔액/원장·청구서의 안전 DTO. 카드 원문·원천 ID 제외.,"원장 거래 불변, 환불은 보정 거래; 이력은 보존 정책 준수.","success URL만으로 paid/충전 표시, 음수 잔액·중복 차감·원장 직접 수정 금지."
GET,/usage-events,planned,billing,billing.read,현재 회사 결제 자료; 서비스 필터는 같은 tenant 서비스만.,OpenAPI path/query/header parameters; 서버 가격·통화/정수 금액·결제 출처·월/페이지·원천 멱등키 확인.,200 권한 범위 내 원천 데이터 조회. 사용자 임의 UPDATE/DELETE 없음.; 구독/체험 이력·잔액/원장·청구서의 안전 DTO. 카드 원문·원천 ID 제외.,"원장 거래 불변, 환불은 보정 거래; 이력은 보존 정책 준수.","success URL만으로 paid/충전 표시, 음수 잔액·중복 차감·원장 직접 수정 금지."
GET,/invoices,planned,billing,billing.read,현재 회사 결제 자료; 서비스 필터는 같은 tenant 서비스만.,OpenAPI path/query/header parameters; 서버 가격·통화/정수 금액·결제 출처·월/페이지·원천 멱등키 확인.,200 권한 범위 내 원천 데이터 조회. 사용자 임의 UPDATE/DELETE 없음.; 구독/체험 이력·잔액/원장·청구서의 안전 DTO. 카드 원문·원천 ID 제외.,"원장 거래 불변, 환불은 보정 거래; 이력은 보존 정책 준수.","success URL만으로 paid/충전 표시, 음수 잔액·중복 차감·원장 직접 수정 금지."
GET,/analytics/privacy,planned,analytics,submission.read,현재 회사와 허용 서비스의 원천 데이터에서 집계.,OpenAPI path/query/header parameters; 서비스 ID·기간 경계·페이지·집계 원천 시각과 현재 grant 확인.,200 권한 범위 내 원천 데이터 조회. 사용자 임의 UPDATE/DELETE 없음.; 건수·기간·원천 freshness·판정 근거. 개인 원문 제외.,집계 조회 API에 직접 수정/삭제 없음. 원천 삭제 후 재집계.,"임의 준수 점수·과태료 생성, 다른 회사 건수 혼합 금지."
GET,/analytics/marketing,planned,analytics,submission.read,현재 회사와 허용 서비스의 원천 데이터에서 집계.,OpenAPI path/query/header parameters; 서비스 ID·기간 경계·페이지·집계 원천 시각과 현재 grant 확인.,200 권한 범위 내 원천 데이터 조회. 사용자 임의 UPDATE/DELETE 없음.; 건수·기간·원천 freshness·판정 근거. 개인 원문 제외.,집계 조회 API에 직접 수정/삭제 없음. 원천 삭제 후 재집계.,"임의 준수 점수·과태료 생성, 다른 회사 건수 혼합 금지."
GET,/compliance,planned,analytics,security.read,현재 회사와 허용 서비스의 원천 데이터에서 집계.,OpenAPI path/query/header parameters; 서비스 ID·기간 경계·페이지·집계 원천 시각과 현재 grant 확인.,200 권한 범위 내 원천 데이터 조회. 사용자 임의 UPDATE/DELETE 없음.; 건수·기간·원천 freshness·판정 근거. 개인 원문 제외.,집계 조회 API에 직접 수정/삭제 없음. 원천 삭제 후 재집계.,"임의 준수 점수·과태료 생성, 다른 회사 건수 혼합 금지."
GET,/fixed-urls,implemented,forms,form.read + service grant,현재 회사·서비스의 Form/Template/Publication. 목록/상세/삭제 시 현재 계정·세션·구성원·전문가·ServiceGrant를 transaction에서 재검사한다. 전문가는 현재 배정된 활성 서비스의 폼만 상세·목록·즐겨찾기에 접근한다.,OpenAPI path/query/header parameters; 9개 질문 타입·앞선 선택 질문의 유효한 조건 참조·행 ID/선택지·최소/최대 선택 수·정보주체/마케팅 연락처의 항상 표시·version·승인 revision·게시 token·멱등키를 검사한다. 초안 PATCH의 선택적 키는 저장/감사와 원자적으로 기록하고 재전송 전에 현재 권한/활성 서비스를 재검사한다. 복제 시 질문/행 ID와 조건/마케팅 참조를 새로 발급한다.,"200 고정 URL 목록; 허용 폼 초안/게시본·질문·상태 DTO. 초안 PATCH는 과거 재전송 캐시를 포함해 공유 토큰을 제거한다. 공유 토큰 조회는 현재 form.publish 권한이 필요하다. 게시/승인/고정 URL 생성 재전송도 현재 계정/세션/전문가/서비스와 활성 상태를 검사한다. 승인/고정 URL 조회와 화면 권한은 현재 범위를 사용한다. 응답 원문은 별도 권한 API. 폼 목록은 공유 토큰을 제외하고 한국 날짜/즐겨찾기/정렬을 적용해 빈 목록 page=1, 범위 밖 page를 마지막 페이지로 보정한다. 목록/상세 GET의 actions는 현재 역할·서비스 grant·보관/가져오기 양식·공개 상태·만료를 반영한다. 목록 permissions는 선택 서비스의 생성/업로드 권한이다. 생성/저장/복사/템플릿 캐시는 작업 권한을 저장하지 않는다. 삭제 조건의 canReadResponses는 현재 응답 조회 권한이며 checkDeletion은 실제 canPurge와 구분한다. 템플릿 GET은 현재 역할/grant/세션/전문가 배정/서비스 상태의 작업과 활성 생성 대상을 반환한다. 보관 서비스는 직접 구성원만 읽는다. 템플릿 삭제는 신규/회사 구성원 범위의 이전 생성 캐시 내용·요청 해시를 원자 제거하고 생성 재전송은410이다. 독립 생성 폼은 유지한다.",DELETE /forms/{id}는 공개 종료·보관 및 응답 보존. /deletion은 현재 삭제 사유·version을 반환한다. /purge는 현재 작성 권한·활성 서비스·If-Match와 전체 게시/승인/응답/공유/업로드/파일 참조를 검사해 미게시·미참조 초안만 영구 삭제한다. 연결 질문·선택지·문서 연결·즐겨찾기와 생성/복제/템플릿/저장 캐시 내용도 원자 제거하며 감사·게시 문서·독립 복사본은 보존한다. 삭제된 생성 키는 410.,"게시본 제자리 수정, 승인 우회 게시, 다른 서비스 템플릿 사용 금지."
POST,/fixed-urls,implemented,forms,form.publish + service grant,현재 회사·서비스의 Form/Template/Publication. 목록/상세/삭제 시 현재 계정·세션·구성원·전문가·ServiceGrant를 transaction에서 재검사한다. 전문가는 현재 배정된 활성 서비스의 폼만 상세·목록·즐겨찾기에 접근한다.,OpenAPI requestBody schema; 9개 질문 타입·앞선 선택 질문의 유효한 조건 참조·행 ID/선택지·최소/최대 선택 수·정보주체/마케팅 연락처의 항상 표시·version·승인 revision·게시 token·멱등키를 검사한다. 초안 PATCH의 선택적 키는 저장/감사와 원자적으로 기록하고 재전송 전에 현재 권한/활성 서비스를 재검사한다. 복제 시 질문/행 ID와 조건/마케팅 참조를 새로 발급한다.,"201 게시된 폼에 고정 URL 연결; 허용 폼 초안/게시본·질문·상태 DTO. 초안 PATCH는 과거 재전송 캐시를 포함해 공유 토큰을 제거한다. 공유 토큰 조회는 현재 form.publish 권한이 필요하다. 게시/승인/고정 URL 생성 재전송도 현재 계정/세션/전문가/서비스와 활성 상태를 검사한다. 승인/고정 URL 조회와 화면 권한은 현재 범위를 사용한다. 응답 원문은 별도 권한 API. 폼 목록은 공유 토큰을 제외하고 한국 날짜/즐겨찾기/정렬을 적용해 빈 목록 page=1, 범위 밖 page를 마지막 페이지로 보정한다. 목록/상세 GET의 actions는 현재 역할·서비스 grant·보관/가져오기 양식·공개 상태·만료를 반영한다. 목록 permissions는 선택 서비스의 생성/업로드 권한이다. 생성/저장/복사/템플릿 캐시는 작업 권한을 저장하지 않는다. 삭제 조건의 canReadResponses는 현재 응답 조회 권한이며 checkDeletion은 실제 canPurge와 구분한다. 템플릿 GET은 현재 역할/grant/세션/전문가 배정/서비스 상태의 작업과 활성 생성 대상을 반환한다. 보관 서비스는 직접 구성원만 읽는다. 템플릿 삭제는 신규/회사 구성원 범위의 이전 생성 캐시 내용·요청 해시를 원자 제거하고 생성 재전송은410이다. 독립 생성 폼은 유지한다.",DELETE /forms/{id}는 공개 종료·보관 및 응답 보존. /deletion은 현재 삭제 사유·version을 반환한다. /purge는 현재 작성 권한·활성 서비스·If-Match와 전체 게시/승인/응답/공유/업로드/파일 참조를 검사해 미게시·미참조 초안만 영구 삭제한다. 연결 질문·선택지·문서 연결·즐겨찾기와 생성/복제/템플릿/저장 캐시 내용도 원자 제거하며 감사·게시 문서·독립 복사본은 보존한다. 삭제된 생성 키는 410.,"게시본 제자리 수정, 승인 우회 게시, 다른 서비스 템플릿 사용 금지."
GET,/fixed-urls/{id},implemented,forms,form.read + service grant,현재 회사·서비스의 Form/Template/Publication. 목록/상세/삭제 시 현재 계정·세션·구성원·전문가·ServiceGrant를 transaction에서 재검사한다. 전문가는 현재 배정된 활성 서비스의 폼만 상세·목록·즐겨찾기에 접근한다.,OpenAPI path/query/header parameters; 9개 질문 타입·앞선 선택 질문의 유효한 조건 참조·행 ID/선택지·최소/최대 선택 수·정보주체/마케팅 연락처의 항상 표시·version·승인 revision·게시 token·멱등키를 검사한다. 초안 PATCH의 선택적 키는 저장/감사와 원자적으로 기록하고 재전송 전에 현재 권한/활성 서비스를 재검사한다. 복제 시 질문/행 ID와 조건/마케팅 참조를 새로 발급한다.,"200 고정 URL 조회; 허용 폼 초안/게시본·질문·상태 DTO. 초안 PATCH는 과거 재전송 캐시를 포함해 공유 토큰을 제거한다. 공유 토큰 조회는 현재 form.publish 권한이 필요하다. 게시/승인/고정 URL 생성 재전송도 현재 계정/세션/전문가/서비스와 활성 상태를 검사한다. 승인/고정 URL 조회와 화면 권한은 현재 범위를 사용한다. 응답 원문은 별도 권한 API. 폼 목록은 공유 토큰을 제외하고 한국 날짜/즐겨찾기/정렬을 적용해 빈 목록 page=1, 범위 밖 page를 마지막 페이지로 보정한다. 목록/상세 GET의 actions는 현재 역할·서비스 grant·보관/가져오기 양식·공개 상태·만료를 반영한다. 목록 permissions는 선택 서비스의 생성/업로드 권한이다. 생성/저장/복사/템플릿 캐시는 작업 권한을 저장하지 않는다. 삭제 조건의 canReadResponses는 현재 응답 조회 권한이며 checkDeletion은 실제 canPurge와 구분한다. 템플릿 GET은 현재 역할/grant/세션/전문가 배정/서비스 상태의 작업과 활성 생성 대상을 반환한다. 보관 서비스는 직접 구성원만 읽는다. 템플릿 삭제는 신규/회사 구성원 범위의 이전 생성 캐시 내용·요청 해시를 원자 제거하고 생성 재전송은410이다. 독립 생성 폼은 유지한다.",DELETE /forms/{id}는 공개 종료·보관 및 응답 보존. /deletion은 현재 삭제 사유·version을 반환한다. /purge는 현재 작성 권한·활성 서비스·If-Match와 전체 게시/승인/응답/공유/업로드/파일 참조를 검사해 미게시·미참조 초안만 영구 삭제한다. 연결 질문·선택지·문서 연결·즐겨찾기와 생성/복제/템플릿/저장 캐시 내용도 원자 제거하며 감사·게시 문서·독립 복사본은 보존한다. 삭제된 생성 키는 410.,"게시본 제자리 수정, 승인 우회 게시, 다른 서비스 템플릿 사용 금지."
PATCH,/fixed-urls/{id},implemented,forms,form.publish + current source/target service grants,현재 회사·서비스의 Form/Template/Publication. 목록/상세/삭제 시 현재 계정·세션·구성원·전문가·ServiceGrant를 transaction에서 재검사한다. 전문가는 현재 배정된 활성 서비스의 폼만 상세·목록·즐겨찾기에 접근한다.,OpenAPI requestBody schema; 9개 질문 타입·앞선 선택 질문의 유효한 조건 참조·행 ID/선택지·최소/최대 선택 수·정보주체/마케팅 연락처의 항상 표시·version·승인 revision·게시 token·멱등키를 검사한다. 초안 PATCH의 선택적 키는 저장/감사와 원자적으로 기록하고 재전송 전에 현재 권한/활성 서비스를 재검사한다. 복제 시 질문/행 ID와 조건/마케팅 참조를 새로 발급한다.,"200 연결 대상·이름 변경; 현재 권한·게시본을 잠금 안에서 검사; 허용 폼 초안/게시본·질문·상태 DTO. 초안 PATCH는 과거 재전송 캐시를 포함해 공유 토큰을 제거한다. 공유 토큰 조회는 현재 form.publish 권한이 필요하다. 게시/승인/고정 URL 생성 재전송도 현재 계정/세션/전문가/서비스와 활성 상태를 검사한다. 승인/고정 URL 조회와 화면 권한은 현재 범위를 사용한다. 응답 원문은 별도 권한 API. 폼 목록은 공유 토큰을 제외하고 한국 날짜/즐겨찾기/정렬을 적용해 빈 목록 page=1, 범위 밖 page를 마지막 페이지로 보정한다. 목록/상세 GET의 actions는 현재 역할·서비스 grant·보관/가져오기 양식·공개 상태·만료를 반영한다. 목록 permissions는 선택 서비스의 생성/업로드 권한이다. 생성/저장/복사/템플릿 캐시는 작업 권한을 저장하지 않는다. 삭제 조건의 canReadResponses는 현재 응답 조회 권한이며 checkDeletion은 실제 canPurge와 구분한다. 템플릿 GET은 현재 역할/grant/세션/전문가 배정/서비스 상태의 작업과 활성 생성 대상을 반환한다. 보관 서비스는 직접 구성원만 읽는다. 템플릿 삭제는 신규/회사 구성원 범위의 이전 생성 캐시 내용·요청 해시를 원자 제거하고 생성 재전송은410이다. 독립 생성 폼은 유지한다.",DELETE /forms/{id}는 공개 종료·보관 및 응답 보존. /deletion은 현재 삭제 사유·version을 반환한다. /purge는 현재 작성 권한·활성 서비스·If-Match와 전체 게시/승인/응답/공유/업로드/파일 참조를 검사해 미게시·미참조 초안만 영구 삭제한다. 연결 질문·선택지·문서 연결·즐겨찾기와 생성/복제/템플릿/저장 캐시 내용도 원자 제거하며 감사·게시 문서·독립 복사본은 보존한다. 삭제된 생성 키는 410.,"게시본 제자리 수정, 승인 우회 게시, 다른 서비스 템플릿 사용 금지."
DELETE,/fixed-urls/{id},implemented,forms,form.publish + service grant,현재 회사·서비스의 Form/Template/Publication. 목록/상세/삭제 시 현재 계정·세션·구성원·전문가·ServiceGrant를 transaction에서 재검사한다. 전문가는 현재 배정된 활성 서비스의 폼만 상세·목록·즐겨찾기에 접근한다.,OpenAPI path/query/header parameters; 9개 질문 타입·앞선 선택 질문의 유효한 조건 참조·행 ID/선택지·최소/최대 선택 수·정보주체/마케팅 연락처의 항상 표시·version·승인 revision·게시 token·멱등키를 검사한다. 초안 PATCH의 선택적 키는 저장/감사와 원자적으로 기록하고 재전송 전에 현재 권한/활성 서비스를 재검사한다. 복제 시 질문/행 ID와 조건/마케팅 참조를 새로 발급한다.,"204 고정 URL 회수; 허용 폼 초안/게시본·질문·상태 DTO. 초안 PATCH는 과거 재전송 캐시를 포함해 공유 토큰을 제거한다. 공유 토큰 조회는 현재 form.publish 권한이 필요하다. 게시/승인/고정 URL 생성 재전송도 현재 계정/세션/전문가/서비스와 활성 상태를 검사한다. 승인/고정 URL 조회와 화면 권한은 현재 범위를 사용한다. 응답 원문은 별도 권한 API. 폼 목록은 공유 토큰을 제외하고 한국 날짜/즐겨찾기/정렬을 적용해 빈 목록 page=1, 범위 밖 page를 마지막 페이지로 보정한다. 목록/상세 GET의 actions는 현재 역할·서비스 grant·보관/가져오기 양식·공개 상태·만료를 반영한다. 목록 permissions는 선택 서비스의 생성/업로드 권한이다. 생성/저장/복사/템플릿 캐시는 작업 권한을 저장하지 않는다. 삭제 조건의 canReadResponses는 현재 응답 조회 권한이며 checkDeletion은 실제 canPurge와 구분한다. 템플릿 GET은 현재 역할/grant/세션/전문가 배정/서비스 상태의 작업과 활성 생성 대상을 반환한다. 보관 서비스는 직접 구성원만 읽는다. 템플릿 삭제는 신규/회사 구성원 범위의 이전 생성 캐시 내용·요청 해시를 원자 제거하고 생성 재전송은410이다. 독립 생성 폼은 유지한다.",DELETE /forms/{id}는 공개 종료·보관 및 응답 보존. /deletion은 현재 삭제 사유·version을 반환한다. /purge는 현재 작성 권한·활성 서비스·If-Match와 전체 게시/승인/응답/공유/업로드/파일 참조를 검사해 미게시·미참조 초안만 영구 삭제한다. 연결 질문·선택지·문서 연결·즐겨찾기와 생성/복제/템플릿/저장 캐시 내용도 원자 제거하며 감사·게시 문서·독립 복사본은 보존한다. 삭제된 생성 키는 410.,"게시본 제자리 수정, 승인 우회 게시, 다른 서비스 템플릿 사용 금지."
GET,/processing-purposes,implemented,documents,document.read + current service grant,현재 회사·서비스의 자료. 문서·문구·목적·수탁자 CRUD는 현재 활성 사용자·이메일 인증·유효 세션·구성원·역할·grant를 transaction 안에서 재검사한다. 전문가 범위는 활성/미만료 배정 서비스와 grant의 교집합이며 문서·목적·수탁자 연결은 복합 FK로 보호한다.,OpenAPI path/query/header parameters; 문서 종류·길이·HTML 정제·국가·보유 근거·version·연결된 게시본을 검사한다.,200 수집 목적 검색·상태 필터·안정 페이지 목록; 초안/고정 게시 버전·해시·연결 근거와 현재 유효 공개 링크 여부의 안전 DTO. 만료된 링크는 공유 URL을 제외한다. 내부 token·암호문 제외.,초안/근거 자료는 보관·복원; 게시 버전은 불변이며 공개 링크만 회수.,"게시 당시 본문 덮어쓰기, 참조 중 버전 삭제, 미확인 P/C/OC 별칭 공개 승격 금지."
POST,/processing-purposes,implemented,documents,document.write + current service grant + active service,현재 회사·서비스의 자료. 문서·문구·목적·수탁자 CRUD는 현재 활성 사용자·이메일 인증·유효 세션·구성원·역할·grant를 transaction 안에서 재검사한다. 전문가 범위는 활성/미만료 배정 서비스와 grant의 교집합이며 문서·목적·수탁자 연결은 복합 FK로 보호한다.,OpenAPI requestBody schema; 문서 종류·길이·HTML 정제·국가·보유 근거·version·연결된 게시본을 검사한다.,201 수집 목적 생성과 불변 개정본·감사 원자 저장; 초안/고정 게시 버전·해시·연결 근거와 현재 유효 공개 링크 여부의 안전 DTO. 만료된 링크는 공유 URL을 제외한다. 내부 token·암호문 제외.,초안/근거 자료는 보관·복원; 게시 버전은 불변이며 공개 링크만 회수.,"게시 당시 본문 덮어쓰기, 참조 중 버전 삭제, 미확인 P/C/OC 별칭 공개 승격 금지."
GET,/processing-purposes/{id},implemented,documents,document.read + current service grant,현재 회사·서비스의 자료. 문서·문구·목적·수탁자 CRUD는 현재 활성 사용자·이메일 인증·유효 세션·구성원·역할·grant를 transaction 안에서 재검사한다. 전문가 범위는 활성/미만료 배정 서비스와 grant의 교집합이며 문서·목적·수탁자 연결은 복합 FK로 보호한다.,OpenAPI path/query/header parameters; 문서 종류·길이·HTML 정제·국가·보유 근거·version·연결된 게시본을 검사한다.,200 수집 목적 상세; 연결된 제공자의 현재 값 포함; 초안/고정 게시 버전·해시·연결 근거와 현재 유효 공개 링크 여부의 안전 DTO. 만료된 링크는 공유 URL을 제외한다. 내부 token·암호문 제외.,초안/근거 자료는 보관·복원; 게시 버전은 불변이며 공개 링크만 회수.,"게시 당시 본문 덮어쓰기, 참조 중 버전 삭제, 미확인 P/C/OC 별칭 공개 승격 금지."
PATCH,/processing-purposes/{id},implemented,documents,document.write + current service grant + active service,현재 회사·서비스의 자료. 문서·문구·목적·수탁자 CRUD는 현재 활성 사용자·이메일 인증·유효 세션·구성원·역할·grant를 transaction 안에서 재검사한다. 전문가 범위는 활성/미만료 배정 서비스와 grant의 교집합이며 문서·목적·수탁자 연결은 복합 FK로 보호한다.,OpenAPI requestBody schema; 문서 종류·길이·HTML 정제·국가·보유 근거·version·연결된 게시본을 검사한다.,200 수집 목적 전체 허용 필드 교체·version 충돌 검사; 서비스 변경 금지; 초안/고정 게시 버전·해시·연결 근거와 현재 유효 공개 링크 여부의 안전 DTO. 만료된 링크는 공유 URL을 제외한다. 내부 token·암호문 제외.,초안/근거 자료는 보관·복원; 게시 버전은 불변이며 공개 링크만 회수.,"게시 당시 본문 덮어쓰기, 참조 중 버전 삭제, 미확인 P/C/OC 별칭 공개 승격 금지."
DELETE,/processing-purposes/{id},implemented,documents,document.write + current service grant + active service,현재 회사·서비스의 자료. 문서·문구·목적·수탁자 CRUD는 현재 활성 사용자·이메일 인증·유효 세션·구성원·역할·grant를 transaction 안에서 재검사한다. 전문가 범위는 활성/미만료 배정 서비스와 grant의 교집합이며 문서·목적·수탁자 연결은 복합 FK로 보호한다.,OpenAPI path/query/header parameters; 문서 종류·길이·HTML 정제·국가·보유 근거·version·연결된 게시본을 검사한다.,204 수집 목적 보관; 사용 중인 목적에 연결된 제공자 차단·이력 유지; 초안/고정 게시 버전·해시·연결 근거와 현재 유효 공개 링크 여부의 안전 DTO. 만료된 링크는 공유 URL을 제외한다. 내부 token·암호문 제외.,초안/근거 자료는 보관·복원; 게시 버전은 불변이며 공개 링크만 회수.,"게시 당시 본문 덮어쓰기, 참조 중 버전 삭제, 미확인 P/C/OC 별칭 공개 승격 금지."
GET,/recipients,implemented,documents,document.read + current service grant,현재 회사·서비스의 자료. 문서·문구·목적·수탁자 CRUD는 현재 활성 사용자·이메일 인증·유효 세션·구성원·역할·grant를 transaction 안에서 재검사한다. 전문가 범위는 활성/미만료 배정 서비스와 grant의 교집합이며 문서·목적·수탁자 연결은 복합 FK로 보호한다.,OpenAPI path/query/header parameters; 문서 종류·길이·HTML 정제·국가·보유 근거·version·연결된 게시본을 검사한다.,200 제공·수탁자 검색·상태 필터·안정 페이지 목록; 초안/고정 게시 버전·해시·연결 근거와 현재 유효 공개 링크 여부의 안전 DTO. 만료된 링크는 공유 URL을 제외한다. 내부 token·암호문 제외.,초안/근거 자료는 보관·복원; 게시 버전은 불변이며 공개 링크만 회수.,"게시 당시 본문 덮어쓰기, 참조 중 버전 삭제, 미확인 P/C/OC 별칭 공개 승격 금지."
POST,/recipients,implemented,documents,document.write + current service grant + active service,현재 회사·서비스의 자료. 문서·문구·목적·수탁자 CRUD는 현재 활성 사용자·이메일 인증·유효 세션·구성원·역할·grant를 transaction 안에서 재검사한다. 전문가 범위는 활성/미만료 배정 서비스와 grant의 교집합이며 문서·목적·수탁자 연결은 복합 FK로 보호한다.,OpenAPI requestBody schema; 문서 종류·길이·HTML 정제·국가·보유 근거·version·연결된 게시본을 검사한다.,201 제공·수탁자 생성과 불변 개정본·감사 원자 저장; 초안/고정 게시 버전·해시·연결 근거와 현재 유효 공개 링크 여부의 안전 DTO. 만료된 링크는 공유 URL을 제외한다. 내부 token·암호문 제외.,초안/근거 자료는 보관·복원; 게시 버전은 불변이며 공개 링크만 회수.,"게시 당시 본문 덮어쓰기, 참조 중 버전 삭제, 미확인 P/C/OC 별칭 공개 승격 금지."
GET,/recipients/{id},implemented,documents,document.read + current service grant,현재 회사·서비스의 자료. 문서·문구·목적·수탁자 CRUD는 현재 활성 사용자·이메일 인증·유효 세션·구성원·역할·grant를 transaction 안에서 재검사한다. 전문가 범위는 활성/미만료 배정 서비스와 grant의 교집합이며 문서·목적·수탁자 연결은 복합 FK로 보호한다.,OpenAPI path/query/header parameters; 문서 종류·길이·HTML 정제·국가·보유 근거·version·연결된 게시본을 검사한다.,200 제공·수탁자 상세; 연결된 제공자의 현재 값 포함; 초안/고정 게시 버전·해시·연결 근거와 현재 유효 공개 링크 여부의 안전 DTO. 만료된 링크는 공유 URL을 제외한다. 내부 token·암호문 제외.,초안/근거 자료는 보관·복원; 게시 버전은 불변이며 공개 링크만 회수.,"게시 당시 본문 덮어쓰기, 참조 중 버전 삭제, 미확인 P/C/OC 별칭 공개 승격 금지."
PATCH,/recipients/{id},implemented,documents,document.write + current service grant + active service,현재 회사·서비스의 자료. 문서·문구·목적·수탁자 CRUD는 현재 활성 사용자·이메일 인증·유효 세션·구성원·역할·grant를 transaction 안에서 재검사한다. 전문가 범위는 활성/미만료 배정 서비스와 grant의 교집합이며 문서·목적·수탁자 연결은 복합 FK로 보호한다.,OpenAPI requestBody schema; 문서 종류·길이·HTML 정제·국가·보유 근거·version·연결된 게시본을 검사한다.,200 제공·수탁자 전체 허용 필드 교체·version 충돌 검사; 서비스 변경 금지; 초안/고정 게시 버전·해시·연결 근거와 현재 유효 공개 링크 여부의 안전 DTO. 만료된 링크는 공유 URL을 제외한다. 내부 token·암호문 제외.,초안/근거 자료는 보관·복원; 게시 버전은 불변이며 공개 링크만 회수.,"게시 당시 본문 덮어쓰기, 참조 중 버전 삭제, 미확인 P/C/OC 별칭 공개 승격 금지."
DELETE,/recipients/{id},implemented,documents,document.write + current service grant + active service,현재 회사·서비스의 자료. 문서·문구·목적·수탁자 CRUD는 현재 활성 사용자·이메일 인증·유효 세션·구성원·역할·grant를 transaction 안에서 재검사한다. 전문가 범위는 활성/미만료 배정 서비스와 grant의 교집합이며 문서·목적·수탁자 연결은 복합 FK로 보호한다.,OpenAPI path/query/header parameters; 문서 종류·길이·HTML 정제·국가·보유 근거·version·연결된 게시본을 검사한다.,204 제공·수탁자 보관; 사용 중인 목적에 연결된 제공자 차단·이력 유지; 초안/고정 게시 버전·해시·연결 근거와 현재 유효 공개 링크 여부의 안전 DTO. 만료된 링크는 공유 URL을 제외한다. 내부 token·암호문 제외.,초안/근거 자료는 보관·복원; 게시 버전은 불변이며 공개 링크만 회수.,"게시 당시 본문 덮어쓰기, 참조 중 버전 삭제, 미확인 P/C/OC 별칭 공개 승격 금지."
GET,/clause-templates,implemented,documents,document.read + current service grant,현재 회사·서비스의 자료. 문서·문구·목적·수탁자 CRUD는 현재 활성 사용자·이메일 인증·유효 세션·구성원·역할·grant를 transaction 안에서 재검사한다. 전문가 범위는 활성/미만료 배정 서비스와 grant의 교집합이며 문서·목적·수탁자 연결은 복합 FK로 보호한다.,OpenAPI path/query/header parameters; 문서 종류·길이·HTML 정제·국가·보유 근거·version·연결된 게시본을 검사한다.,200 문구 서비스·제목·유형·상태별 페이지 조회; 초안/고정 게시 버전·해시·연결 근거와 현재 유효 공개 링크 여부의 안전 DTO. 만료된 링크는 공유 URL을 제외한다. 내부 token·암호문 제외.,초안/근거 자료는 보관·복원; 게시 버전은 불변이며 공개 링크만 회수.,"게시 당시 본문 덮어쓰기, 참조 중 버전 삭제, 미확인 P/C/OC 별칭 공개 승격 금지."
POST,/clause-templates,implemented,documents,document.write + current service grant,현재 회사·서비스의 자료. 문서·문구·목적·수탁자 CRUD는 현재 활성 사용자·이메일 인증·유효 세션·구성원·역할·grant를 transaction 안에서 재검사한다. 전문가 범위는 활성/미만료 배정 서비스와 grant의 교집합이며 문서·목적·수탁자 연결은 복합 FK로 보호한다.,OpenAPI requestBody schema; 문서 종류·길이·HTML 정제·국가·보유 근거·version·연결된 게시본을 검사한다.,201 문구 생성·감사 원자 저장; 초안/고정 게시 버전·해시·연결 근거와 현재 유효 공개 링크 여부의 안전 DTO. 만료된 링크는 공유 URL을 제외한다. 내부 token·암호문 제외.,초안/근거 자료는 보관·복원; 게시 버전은 불변이며 공개 링크만 회수.,"게시 당시 본문 덮어쓰기, 참조 중 버전 삭제, 미확인 P/C/OC 별칭 공개 승격 금지."
GET,/clause-templates/{id},implemented,documents,document.read + current service grant,현재 회사·서비스의 자료. 문서·문구·목적·수탁자 CRUD는 현재 활성 사용자·이메일 인증·유효 세션·구성원·역할·grant를 transaction 안에서 재검사한다. 전문가 범위는 활성/미만료 배정 서비스와 grant의 교집합이며 문서·목적·수탁자 연결은 복합 FK로 보호한다.,OpenAPI path/query/header parameters; 문서 종류·길이·HTML 정제·국가·보유 근거·version·연결된 게시본을 검사한다.,200 문구 상세 조회; 초안/고정 게시 버전·해시·연결 근거와 현재 유효 공개 링크 여부의 안전 DTO. 만료된 링크는 공유 URL을 제외한다. 내부 token·암호문 제외.,초안/근거 자료는 보관·복원; 게시 버전은 불변이며 공개 링크만 회수.,"게시 당시 본문 덮어쓰기, 참조 중 버전 삭제, 미확인 P/C/OC 별칭 공개 승격 금지."
PATCH,/clause-templates/{id},implemented,documents,document.write + current service grant,현재 회사·서비스의 자료. 문서·문구·목적·수탁자 CRUD는 현재 활성 사용자·이메일 인증·유효 세션·구성원·역할·grant를 transaction 안에서 재검사한다. 전문가 범위는 활성/미만료 배정 서비스와 grant의 교집합이며 문서·목적·수탁자 연결은 복합 FK로 보호한다.,OpenAPI requestBody schema; 문서 종류·길이·HTML 정제·국가·보유 근거·version·연결된 게시본을 검사한다.,200 문구 수정; 서비스·유형 불변; 초안/고정 게시 버전·해시·연결 근거와 현재 유효 공개 링크 여부의 안전 DTO. 만료된 링크는 공유 URL을 제외한다. 내부 token·암호문 제외.,초안/근거 자료는 보관·복원; 게시 버전은 불변이며 공개 링크만 회수.,"게시 당시 본문 덮어쓰기, 참조 중 버전 삭제, 미확인 P/C/OC 별칭 공개 승격 금지."
DELETE,/clause-templates/{id},implemented,documents,document.write + current service grant,현재 회사·서비스의 자료. 문서·문구·목적·수탁자 CRUD는 현재 활성 사용자·이메일 인증·유효 세션·구성원·역할·grant를 transaction 안에서 재검사한다. 전문가 범위는 활성/미만료 배정 서비스와 grant의 교집합이며 문서·목적·수탁자 연결은 복합 FK로 보호한다.,OpenAPI path/query/header parameters; 문서 종류·길이·HTML 정제·국가·보유 근거·version·연결된 게시본을 검사한다.,204 문구 보관; 게시 버전 유지·공개 링크 회수; 초안/고정 게시 버전·해시·연결 근거와 현재 유효 공개 링크 여부의 안전 DTO. 만료된 링크는 공유 URL을 제외한다. 내부 token·암호문 제외.,초안/근거 자료는 보관·복원; 게시 버전은 불변이며 공개 링크만 회수.,"게시 당시 본문 덮어쓰기, 참조 중 버전 삭제, 미확인 P/C/OC 별칭 공개 승격 금지."
GET,/share-grants,implemented,sharing,share.manage + submission.read + current session/service grant,현재 회사·서비스·게시 폼의 외부 grant. 발급자 권한도 매 요청 확인.,OpenAPI path/query/header parameters; 현재 세션·회사/서비스·허용 질문/파일 권한·이메일·기한·version·게시본을 검사한다. 생성 재전송도 현재 공유/권한을 확인하며 잠금·감사 저장 후 실제 기한을 재검사한다. 중복/알 수 없는 쿼리는422다.,"200 현재 공유 상태/권한 DTO. private, no-store.; 공유 상태·허용 필드·현재 초대/항목/수정/재발송/회수 가능 여부와 보정한 페이지, 감사 이력. 초대 코드·세션 token 제외.",변경/재발송/DELETE는 기존 인증/세션과 신규/이전 생성 캐시 원문을 제거한다. DELETE는 grant 회수; 열람 이력 보존.,"임의 질문 추가, 회수 후 파일 링크 재사용, 타 회사 공유 금지."
POST,/share-grants,implemented,sharing,share.manage + submission.read (+ file.read for file fields) + active form/service/current session,현재 회사·서비스·게시 폼의 외부 grant. 발급자 권한도 매 요청 확인.,OpenAPI requestBody schema; 현재 세션·회사/서비스·허용 질문/파일 권한·이메일·기한·version·게시본을 검사한다. 생성 재전송도 현재 공유/권한을 확인하며 잠금·감사 저장 후 실제 기한을 재검사한다. 중복/알 수 없는 쿼리는422다.,"201 현재 공유 상태/권한 DTO. private, no-store.; 공유 상태·허용 필드·현재 초대/항목/수정/재발송/회수 가능 여부와 보정한 페이지, 감사 이력. 초대 코드·세션 token 제외.",변경/재발송/DELETE는 기존 인증/세션과 신규/이전 생성 캐시 원문을 제거한다. DELETE는 grant 회수; 열람 이력 보존.,"임의 질문 추가, 회수 후 파일 링크 재사용, 타 회사 공유 금지."
GET,/share-grants/{id},implemented,sharing,share.manage + submission.read + current service grant,현재 회사·서비스·게시 폼의 외부 grant. 발급자 권한도 매 요청 확인.,OpenAPI path/query/header parameters; 현재 세션·회사/서비스·허용 질문/파일 권한·이메일·기한·version·게시본을 검사한다. 생성 재전송도 현재 공유/권한을 확인하며 잠금·감사 저장 후 실제 기한을 재검사한다. 중복/알 수 없는 쿼리는422다.,"200 현재 공유 상태/권한 DTO. private, no-store.; 공유 상태·허용 필드·현재 초대/항목/수정/재발송/회수 가능 여부와 보정한 페이지, 감사 이력. 초대 코드·세션 token 제외.",변경/재발송/DELETE는 기존 인증/세션과 신규/이전 생성 캐시 원문을 제거한다. DELETE는 grant 회수; 열람 이력 보존.,"임의 질문 추가, 회수 후 파일 링크 재사용, 타 회사 공유 금지."
PATCH,/share-grants/{id},implemented,sharing,share.manage + submission.read + current service grant,현재 회사·서비스·게시 폼의 외부 grant. 발급자 권한도 매 요청 확인.,OpenAPI requestBody schema; 현재 세션·회사/서비스·허용 질문/파일 권한·이메일·기한·version·게시본을 검사한다. 생성 재전송도 현재 공유/권한을 확인하며 잠금·감사 저장 후 실제 기한을 재검사한다. 중복/알 수 없는 쿼리는422다.,"200 현재 공유 상태/권한 DTO. private, no-store.; 공유 상태·허용 필드·현재 초대/항목/수정/재발송/회수 가능 여부와 보정한 페이지, 감사 이력. 초대 코드·세션 token 제외.",변경/재발송/DELETE는 기존 인증/세션과 신규/이전 생성 캐시 원문을 제거한다. DELETE는 grant 회수; 열람 이력 보존.,"임의 질문 추가, 회수 후 파일 링크 재사용, 타 회사 공유 금지."
DELETE,/share-grants/{id},implemented,sharing,share.manage + submission.read + If-Match,현재 회사·서비스·게시 폼의 외부 grant. 발급자 권한도 매 요청 확인.,OpenAPI path/query/header parameters; 현재 세션·회사/서비스·허용 질문/파일 권한·이메일·기한·version·게시본을 검사한다. 생성 재전송도 현재 공유/권한을 확인하며 잠금·감사 저장 후 실제 기한을 재검사한다. 중복/알 수 없는 쿼리는422다.,"200 현재 공유 상태/권한 DTO. private, no-store.; 공유 상태·허용 필드·현재 초대/항목/수정/재발송/회수 가능 여부와 보정한 페이지, 감사 이력. 초대 코드·세션 token 제외.",변경/재발송/DELETE는 기존 인증/세션과 신규/이전 생성 캐시 원문을 제거한다. DELETE는 grant 회수; 열람 이력 보존.,"임의 질문 추가, 회수 후 파일 링크 재사용, 타 회사 공유 금지."
GET,/retention-rules,planned,destruction,security.write,현재 회사·서비스의 보존/파기 정책과 요청. 승인 역할과 현재 grant 재검사.,OpenAPI path/query/header parameters; 보유 기한·예약 시각·상태·version·승인자·보존 조치·실제 삭제 결과를 확인한다.,200 retention-rules 목록; 진행 상태·파기 수량·무결성 증거. 삭제된 원문/파일 URL 제외.,정책은 버전/보관. 파기 요청은 취소·반려 상태; 원문은 실제 worker 삭제 후 증명.,"보존 조치 중 파기, 작업 202를 완료로 표시, 파기 후 원문 복원 금지."
POST,/retention-rules,planned,destruction,security.write,현재 회사·서비스의 보존/파기 정책과 요청. 승인 역할과 현재 grant 재검사.,OpenAPI requestBody schema; 보유 기한·예약 시각·상태·version·승인자·보존 조치·실제 삭제 결과를 확인한다.,201 retention-rules 생성; 진행 상태·파기 수량·무결성 증거. 삭제된 원문/파일 URL 제외.,정책은 버전/보관. 파기 요청은 취소·반려 상태; 원문은 실제 worker 삭제 후 증명.,"보존 조치 중 파기, 작업 202를 완료로 표시, 파기 후 원문 복원 금지."
GET,/retention-rules/{id},planned,destruction,security.write,현재 회사·서비스의 보존/파기 정책과 요청. 승인 역할과 현재 grant 재검사.,OpenAPI path/query/header parameters; 보유 기한·예약 시각·상태·version·승인자·보존 조치·실제 삭제 결과를 확인한다.,200 retention-rules 상세: 비밀·민감 필드 제한; 진행 상태·파기 수량·무결성 증거. 삭제된 원문/파일 URL 제외.,정책은 버전/보관. 파기 요청은 취소·반려 상태; 원문은 실제 worker 삭제 후 증명.,"보존 조치 중 파기, 작업 202를 완료로 표시, 파기 후 원문 복원 금지."
PATCH,/retention-rules/{id},planned,destruction,security.write,현재 회사·서비스의 보존/파기 정책과 요청. 승인 역할과 현재 grant 재검사.,OpenAPI requestBody schema; 보유 기한·예약 시각·상태·version·승인자·보존 조치·실제 삭제 결과를 확인한다.,200 retention-rules 허용 필드·version 검사 후 변경; 진행 상태·파기 수량·무결성 증거. 삭제된 원문/파일 URL 제외.,정책은 버전/보관. 파기 요청은 취소·반려 상태; 원문은 실제 worker 삭제 후 증명.,"보존 조치 중 파기, 작업 202를 완료로 표시, 파기 후 원문 복원 금지."
DELETE,/retention-rules/{id},planned,destruction,security.write,현재 회사·서비스의 보존/파기 정책과 요청. 승인 역할과 현재 grant 재검사.,OpenAPI path/query/header parameters; 보유 기한·예약 시각·상태·version·승인자·보존 조치·실제 삭제 결과를 확인한다.,204 archive if referenced; 진행 상태·파기 수량·무결성 증거. 삭제된 원문/파일 URL 제외.,정책은 버전/보관. 파기 요청은 취소·반려 상태; 원문은 실제 worker 삭제 후 증명.,"보존 조치 중 파기, 작업 202를 완료로 표시, 파기 후 원문 복원 금지."
GET,/senders,implemented,senders,sender.read,현재 회사·서비스의 발신자와 현재 관리·조회 권한.,"OpenAPI path/query/header parameters; 계정·이메일·MFA·선택 회사·세션·전문가·비밀번호와 잠금/감사/캐시 후 최종 기한, 엄격한 검색 조건·version·현재 생성 재실행을 확인한다.","200 현재 권한·최종 세션 기한·엄격한 쿼리·서비스/채널/상태/검색·정렬과 마지막 페이지 보정; 정렬/페이지 보정·현재 작업 권한·인증 상태·사본 정리 대기를 반환한다. 만료 DNS 값과 업로드 이름, 조회 전용 DNS 비밀은 제외한다.",인증 코드/발송 원문을 DB에서 먼저 무효화하고 확정 뒤 메일·증빙 사본을 정리한다. 실패는 지속 기록하며 삭제된 발신자도 현재 권한과 version으로 재시도한다.,"미확인/만료/이전 세대 발신자 사용, 잠금 대기·감사 후 만료된 인증 확정, 주소에 맞지 않는 확인 메일과 이전 실행 시도의 발송 금지. 로컬 확인을 실제 외부 도달로 표시하지 않는다."
POST,/senders,implemented,senders,sender.manage,현재 회사·서비스의 발신자와 현재 관리·조회 권한.,"OpenAPI requestBody schema; 계정·이메일·MFA·선택 회사·세션·전문가·비밀번호와 잠금/감사/캐시 후 최종 기한, 엄격한 검색 조건·version·현재 생성 재실행을 확인한다.","201 현재 권한의 등록·멱등키; 재실행은 최신 버전, 삭제 후 410; 캐시 저장 뒤 최종 기한; 정렬/페이지 보정·현재 작업 권한·인증 상태·사본 정리 대기를 반환한다. 만료 DNS 값과 업로드 이름, 조회 전용 DNS 비밀은 제외한다.",인증 코드/발송 원문을 DB에서 먼저 무효화하고 확정 뒤 메일·증빙 사본을 정리한다. 실패는 지속 기록하며 삭제된 발신자도 현재 권한과 version으로 재시도한다.,"미확인/만료/이전 세대 발신자 사용, 잠금 대기·감사 후 만료된 인증 확정, 주소에 맞지 않는 확인 메일과 이전 실행 시도의 발송 금지. 로컬 확인을 실제 외부 도달로 표시하지 않는다."
GET,/senders/{id},implemented,senders,sender.read,현재 회사·서비스의 발신자와 현재 관리·조회 권한.,"OpenAPI path/query/header parameters; 계정·이메일·MFA·선택 회사·세션·전문가·비밀번호와 잠금/감사/캐시 후 최종 기한, 엄격한 검색 조건·version·현재 생성 재실행을 확인한다.","200 현재 권한·인증·작업 권한·사본 정리 대기·증빙·변경 이력; 만료 확인값과 읽기 전용 DNS 비밀 제외; 정렬/페이지 보정·현재 작업 권한·인증 상태·사본 정리 대기를 반환한다. 만료 DNS 값과 업로드 이름, 조회 전용 DNS 비밀은 제외한다.",인증 코드/발송 원문을 DB에서 먼저 무효화하고 확정 뒤 메일·증빙 사본을 정리한다. 실패는 지속 기록하며 삭제된 발신자도 현재 권한과 version으로 재시도한다.,"미확인/만료/이전 세대 발신자 사용, 잠금 대기·감사 후 만료된 인증 확정, 주소에 맞지 않는 확인 메일과 이전 실행 시도의 발송 금지. 로컬 확인을 실제 외부 도달로 표시하지 않는다."
PATCH,/senders/{id},implemented,senders,sender.manage,현재 회사·서비스의 발신자와 현재 관리·조회 권한.,"OpenAPI requestBody schema; 계정·이메일·MFA·선택 회사·세션·전문가·비밀번호와 잠금/감사/캐시 후 최종 기한, 엄격한 검색 조건·version·현재 생성 재실행을 확인한다.","200 이름·설명·주소 변경·version; 주소 변경 시 재인증; 정렬/페이지 보정·현재 작업 권한·인증 상태·사본 정리 대기를 반환한다. 만료 DNS 값과 업로드 이름, 조회 전용 DNS 비밀은 제외한다.",인증 코드/발송 원문을 DB에서 먼저 무효화하고 확정 뒤 메일·증빙 사본을 정리한다. 실패는 지속 기록하며 삭제된 발신자도 현재 권한과 version으로 재시도한다.,"미확인/만료/이전 세대 발신자 사용, 잠금 대기·감사 후 만료된 인증 확정, 주소에 맞지 않는 확인 메일과 이전 실행 시도의 발송 금지. 로컬 확인을 실제 외부 도달로 표시하지 않는다."
DELETE,/senders/{id},implemented,senders,sender.manage,현재 회사·서비스의 발신자와 현재 관리·조회 권한.,"OpenAPI requestBody schema; 계정·이메일·MFA·선택 회사·세션·전문가·비밀번호와 잠금/감사/캐시 후 최종 기한, 엄격한 검색 조건·version·현재 생성 재실행을 확인한다.","200 사용중 삭제 제한·주소와 증빙 원문 삭제·최소 이력 유지; 정렬/페이지 보정·현재 작업 권한·인증 상태·사본 정리 대기를 반환한다. 만료 DNS 값과 업로드 이름, 조회 전용 DNS 비밀은 제외한다.",인증 코드/발송 원문을 DB에서 먼저 무효화하고 확정 뒤 메일·증빙 사본을 정리한다. 실패는 지속 기록하며 삭제된 발신자도 현재 권한과 version으로 재시도한다.,"미확인/만료/이전 세대 발신자 사용, 잠금 대기·감사 후 만료된 인증 확정, 주소에 맞지 않는 확인 메일과 이전 실행 시도의 발송 금지. 로컬 확인을 실제 외부 도달로 표시하지 않는다."
GET,/campaigns,implemented,messaging,message.read,현재 회사·서비스의 발신자·캠페인·템플릿; 현재 grant와 전송 capability.,OpenAPI path/query/header parameters; 발신자 인증·변수/HTML·대상 동의·예약·version·멱등키·공급자 상태 확인.,200 서비스·채널·검색·상태·보관·날짜·페이지별 캠페인; 초안/전송 상태·안전한 수신 결과. 연락처·비밀·공급자 원문은 권한별 제한.,"초안은 보관/삭제, 전송 이력은 불변; 첨부 원문은 기한에 따라 실제 제거.","미확인 발신자 사용, 수신거부 대상 전송, 접수를 실제 도달로 표시 금지."
POST,/campaigns,implemented,messaging,message.manage,현재 회사·서비스의 발신자·캠페인·템플릿; 현재 grant와 전송 capability.,OpenAPI requestBody schema; 발신자 인증·변수/HTML·대상 동의·예약·version·멱등키·공급자 상태 확인.,201 멱등 초안 생성; 암호화 내용; 30일 보관; 초안/전송 상태·안전한 수신 결과. 연락처·비밀·공급자 원문은 권한별 제한.,"초안은 보관/삭제, 전송 이력은 불변; 첨부 원문은 기한에 따라 실제 제거.","미확인 발신자 사용, 수신거부 대상 전송, 접수를 실제 도달로 표시 금지."
GET,/campaigns/{id},implemented,messaging,message.read,현재 회사·서비스의 발신자·캠페인·템플릿; 현재 grant와 전송 capability.,OpenAPI path/query/header parameters; 발신자 인증·변수/HTML·대상 동의·예약·version·멱등키·공급자 상태 확인.,200 내용·처리 집계·최근 100개 이력; 초안/전송 상태·안전한 수신 결과. 연락처·비밀·공급자 원문은 권한별 제한.,"초안은 보관/삭제, 전송 이력은 불변; 첨부 원문은 기한에 따라 실제 제거.","미확인 발신자 사용, 수신거부 대상 전송, 접수를 실제 도달로 표시 금지."
PATCH,/campaigns/{id},implemented,messaging,message.manage,현재 회사·서비스의 발신자·캠페인·템플릿; 현재 grant와 전송 capability.,OpenAPI requestBody schema; 발신자 인증·변수/HTML·대상 동의·예약·version·멱등키·공급자 상태 확인.,200 초안 내용·발신자 수정; 낙관적 version; 초안/전송 상태·안전한 수신 결과. 연락처·비밀·공급자 원문은 권한별 제한.,"초안은 보관/삭제, 전송 이력은 불변; 첨부 원문은 기한에 따라 실제 제거.","미확인 발신자 사용, 수신거부 대상 전송, 접수를 실제 도달로 표시 금지."
DELETE,/campaigns/{id},implemented,messaging,message.manage,현재 회사·서비스의 발신자·캠페인·템플릿; 현재 grant와 전송 capability.,OpenAPI requestBody schema; 발신자 인증·변수/HTML·대상 동의·예약·version·멱등키·공급자 상태 확인.,200 초안만 삭제; 내용·대상 제거; 최소 이력 유지; 초안/전송 상태·안전한 수신 결과. 연락처·비밀·공급자 원문은 권한별 제한.,"초안은 보관/삭제, 전송 이력은 불변; 첨부 원문은 기한에 따라 실제 제거.","미확인 발신자 사용, 수신거부 대상 전송, 접수를 실제 도달로 표시 금지."
GET,/message-templates,implemented,messaging,message.read,현재 회사·서비스의 발신자·캠페인·템플릿; 현재 grant와 전송 capability.,OpenAPI path/query/header parameters; 발신자 인증·변수/HTML·대상 동의·예약·version·멱등키·공급자 상태 확인.,200 현재 서비스·채널·상태·이름 검색·서버 페이지; 목록에는 원문 없음; 초안/전송 상태·안전한 수신 결과. 연락처·비밀·공급자 원문은 권한별 제한.,"초안은 보관/삭제, 전송 이력은 불변; 첨부 원문은 기한에 따라 실제 제거.","미확인 발신자 사용, 수신거부 대상 전송, 접수를 실제 도달로 표시 금지."
POST,/message-templates,implemented,messaging,message.manage,현재 회사·서비스의 발신자·캠페인·템플릿; 현재 grant와 전송 capability.,OpenAPI requestBody schema; 발신자 인증·변수/HTML·대상 동의·예약·version·멱등키·공급자 상태 확인.,201 멱등 생성; 서비스별500개; 서버 HTML 정제; 초안/전송 상태·안전한 수신 결과. 연락처·비밀·공급자 원문은 권한별 제한.,"초안은 보관/삭제, 전송 이력은 불변; 첨부 원문은 기한에 따라 실제 제거.","미확인 발신자 사용, 수신거부 대상 전송, 접수를 실제 도달로 표시 금지."
GET,/message-templates/{id},implemented,messaging,message.read,현재 회사·서비스의 발신자·캠페인·템플릿; 현재 grant와 전송 capability.,OpenAPI path/query/header parameters; 발신자 인증·변수/HTML·대상 동의·예약·version·멱등키·공급자 상태 확인.,200 템플릿 내용과 최근100개 불변 버전; 초안/전송 상태·안전한 수신 결과. 연락처·비밀·공급자 원문은 권한별 제한.,"초안은 보관/삭제, 전송 이력은 불변; 첨부 원문은 기한에 따라 실제 제거.","미확인 발신자 사용, 수신거부 대상 전송, 접수를 실제 도달로 표시 금지."
PATCH,/message-templates/{id},implemented,messaging,message.manage,현재 회사·서비스의 발신자·캠페인·템플릿; 현재 grant와 전송 capability.,OpenAPI requestBody schema; 발신자 인증·변수/HTML·대상 동의·예약·version·멱등키·공급자 상태 확인.,200 활성 템플릿 수정; version·불변 개정본; 초안/전송 상태·안전한 수신 결과. 연락처·비밀·공급자 원문은 권한별 제한.,"초안은 보관/삭제, 전송 이력은 불변; 첨부 원문은 기한에 따라 실제 제거.","미확인 발신자 사용, 수신거부 대상 전송, 접수를 실제 도달로 표시 금지."
DELETE,/message-templates/{id},implemented,messaging,message.manage,현재 회사·서비스의 발신자·캠페인·템플릿; 현재 grant와 전송 capability.,OpenAPI requestBody schema; 발신자 인증·변수/HTML·대상 동의·예약·version·멱등키·공급자 상태 확인.,200 현재 및 과거 버전 원문 삭제; 이미 복사한 캠페인은 별도 보관; 초안/전송 상태·안전한 수신 결과. 연락처·비밀·공급자 원문은 권한별 제한.,"초안은 보관/삭제, 전송 이력은 불변; 첨부 원문은 기한에 따라 실제 제거.","미확인 발신자 사용, 수신거부 대상 전송, 접수를 실제 도달로 표시 금지."
GET,/kakao/channels,planned,messaging,message.manage,현재 회사·서비스의 발신자·캠페인·템플릿; 현재 grant와 전송 capability.,OpenAPI path/query/header parameters; 발신자 인증·변수/HTML·대상 동의·예약·version·멱등키·공급자 상태 확인.,200 kakao/channels 목록; 초안/전송 상태·안전한 수신 결과. 연락처·비밀·공급자 원문은 권한별 제한.,"초안은 보관/삭제, 전송 이력은 불변; 첨부 원문은 기한에 따라 실제 제거.","미확인 발신자 사용, 수신거부 대상 전송, 접수를 실제 도달로 표시 금지."
POST,/kakao/channels,planned,messaging,message.manage,현재 회사·서비스의 발신자·캠페인·템플릿; 현재 grant와 전송 capability.,OpenAPI requestBody schema; 발신자 인증·변수/HTML·대상 동의·예약·version·멱등키·공급자 상태 확인.,201 kakao/channels 생성; 초안/전송 상태·안전한 수신 결과. 연락처·비밀·공급자 원문은 권한별 제한.,"초안은 보관/삭제, 전송 이력은 불변; 첨부 원문은 기한에 따라 실제 제거.","미확인 발신자 사용, 수신거부 대상 전송, 접수를 실제 도달로 표시 금지."
GET,/kakao/channels/{id},planned,messaging,message.manage,현재 회사·서비스의 발신자·캠페인·템플릿; 현재 grant와 전송 capability.,OpenAPI path/query/header parameters; 발신자 인증·변수/HTML·대상 동의·예약·version·멱등키·공급자 상태 확인.,200 kakao/channels 상세: 비밀·민감 필드 제한; 초안/전송 상태·안전한 수신 결과. 연락처·비밀·공급자 원문은 권한별 제한.,"초안은 보관/삭제, 전송 이력은 불변; 첨부 원문은 기한에 따라 실제 제거.","미확인 발신자 사용, 수신거부 대상 전송, 접수를 실제 도달로 표시 금지."
PATCH,/kakao/channels/{id},planned,messaging,message.manage,현재 회사·서비스의 발신자·캠페인·템플릿; 현재 grant와 전송 capability.,OpenAPI requestBody schema; 발신자 인증·변수/HTML·대상 동의·예약·version·멱등키·공급자 상태 확인.,200 kakao/channels 허용 필드·version 검사 후 변경; 초안/전송 상태·안전한 수신 결과. 연락처·비밀·공급자 원문은 권한별 제한.,"초안은 보관/삭제, 전송 이력은 불변; 첨부 원문은 기한에 따라 실제 제거.","미확인 발신자 사용, 수신거부 대상 전송, 접수를 실제 도달로 표시 금지."
DELETE,/kakao/channels/{id},planned,messaging,message.manage,현재 회사·서비스의 발신자·캠페인·템플릿; 현재 grant와 전송 capability.,OpenAPI path/query/header parameters; 발신자 인증·변수/HTML·대상 동의·예약·version·멱등키·공급자 상태 확인.,204 disable if referenced; 초안/전송 상태·안전한 수신 결과. 연락처·비밀·공급자 원문은 권한별 제한.,"초안은 보관/삭제, 전송 이력은 불변; 첨부 원문은 기한에 따라 실제 제거.","미확인 발신자 사용, 수신거부 대상 전송, 접수를 실제 도달로 표시 금지."
GET,/kakao/templates,planned,messaging,message.manage,현재 회사·서비스의 발신자·캠페인·템플릿; 현재 grant와 전송 capability.,OpenAPI path/query/header parameters; 발신자 인증·변수/HTML·대상 동의·예약·version·멱등키·공급자 상태 확인.,200 kakao/templates 목록; 초안/전송 상태·안전한 수신 결과. 연락처·비밀·공급자 원문은 권한별 제한.,"초안은 보관/삭제, 전송 이력은 불변; 첨부 원문은 기한에 따라 실제 제거.","미확인 발신자 사용, 수신거부 대상 전송, 접수를 실제 도달로 표시 금지."
POST,/kakao/templates,planned,messaging,message.manage,현재 회사·서비스의 발신자·캠페인·템플릿; 현재 grant와 전송 capability.,OpenAPI requestBody schema; 발신자 인증·변수/HTML·대상 동의·예약·version·멱등키·공급자 상태 확인.,201 kakao/templates 생성; 초안/전송 상태·안전한 수신 결과. 연락처·비밀·공급자 원문은 권한별 제한.,"초안은 보관/삭제, 전송 이력은 불변; 첨부 원문은 기한에 따라 실제 제거.","미확인 발신자 사용, 수신거부 대상 전송, 접수를 실제 도달로 표시 금지."
GET,/kakao/templates/{id},planned,messaging,message.manage,현재 회사·서비스의 발신자·캠페인·템플릿; 현재 grant와 전송 capability.,OpenAPI path/query/header parameters; 발신자 인증·변수/HTML·대상 동의·예약·version·멱등키·공급자 상태 확인.,200 kakao/templates 상세: 비밀·민감 필드 제한; 초안/전송 상태·안전한 수신 결과. 연락처·비밀·공급자 원문은 권한별 제한.,"초안은 보관/삭제, 전송 이력은 불변; 첨부 원문은 기한에 따라 실제 제거.","미확인 발신자 사용, 수신거부 대상 전송, 접수를 실제 도달로 표시 금지."
PATCH,/kakao/templates/{id},planned,messaging,message.manage,현재 회사·서비스의 발신자·캠페인·템플릿; 현재 grant와 전송 capability.,OpenAPI requestBody schema; 발신자 인증·변수/HTML·대상 동의·예약·version·멱등키·공급자 상태 확인.,200 kakao/templates 허용 필드·version 검사 후 변경; 초안/전송 상태·안전한 수신 결과. 연락처·비밀·공급자 원문은 권한별 제한.,"초안은 보관/삭제, 전송 이력은 불변; 첨부 원문은 기한에 따라 실제 제거.","미확인 발신자 사용, 수신거부 대상 전송, 접수를 실제 도달로 표시 금지."
DELETE,/kakao/templates/{id},planned,messaging,message.manage,현재 회사·서비스의 발신자·캠페인·템플릿; 현재 grant와 전송 capability.,OpenAPI path/query/header parameters; 발신자 인증·변수/HTML·대상 동의·예약·version·멱등키·공급자 상태 확인.,204 draft delete; approved deactivate; 초안/전송 상태·안전한 수신 결과. 연락처·비밀·공급자 원문은 권한별 제한.,"초안은 보관/삭제, 전송 이력은 불변; 첨부 원문은 기한에 따라 실제 제거.","미확인 발신자 사용, 수신거부 대상 전송, 접수를 실제 도달로 표시 금지."
GET,/integrations,implemented,integrations,integration.read + current service,현재 회사·서비스의 알림 연결·구독·전달; 현재 grant 검사.,OpenAPI path/query/header parameters; HTTPS 공식 호스트·DNS/IP·redirect 차단·구독 필터·version·멱등키 확인.,200 알림 목록; 검색·대상·등록자·방식·사용여부·페이지; 설정·시도 이력의 URL 호스트만 마스킹 표시. 원문 URL·응답 본문 제외.,삭제/중지는 이전 세대 대기 전달 취소와 비밀 제거.,"내부 IP SSRF, 불확실 전송 자동 재시도, 타 서비스 이벤트 전송 금지."
POST,/integrations,implemented,integrations,integration.manage + current service,현재 회사·서비스의 알림 연결·구독·전달; 현재 grant 검사.,OpenAPI requestBody schema; HTTPS 공식 호스트·DNS/IP·redirect 차단·구독 필터·version·멱등키 확인.,201 서비스별 알림/구독 생성; 쓰기 전용 암호화 URL·멱등키·50개 한도; 설정·시도 이력의 URL 호스트만 마스킹 표시. 원문 URL·응답 본문 제외.,삭제/중지는 이전 세대 대기 전달 취소와 비밀 제거.,"내부 IP SSRF, 불확실 전송 자동 재시도, 타 서비스 이벤트 전송 금지."
GET,/integrations/{id},implemented,integrations,integration.read + current service,현재 회사·서비스의 알림 연결·구독·전달; 현재 grant 검사.,OpenAPI path/query/header parameters; HTTPS 공식 호스트·DNS/IP·redirect 차단·구독 필터·version·멱등키 확인.,200 URL 호스트 마스크와 설정·구독 상세; 설정·시도 이력의 URL 호스트만 마스킹 표시. 원문 URL·응답 본문 제외.,삭제/중지는 이전 세대 대기 전달 취소와 비밀 제거.,"내부 IP SSRF, 불확실 전송 자동 재시도, 타 서비스 이벤트 전송 금지."
PATCH,/integrations/{id},implemented,integrations,integration.manage + current service,현재 회사·서비스의 알림 연결·구독·전달; 현재 grant 검사.,OpenAPI requestBody schema; HTTPS 공식 호스트·DNS/IP·redirect 차단·구독 필터·version·멱등키 확인.,200 버전 검사·URL 교체·구독/설정 저장; 기존 대기 취소; 설정·시도 이력의 URL 호스트만 마스킹 표시. 원문 URL·응답 본문 제외.,삭제/중지는 이전 세대 대기 전달 취소와 비밀 제거.,"내부 IP SSRF, 불확실 전송 자동 재시도, 타 서비스 이벤트 전송 금지."
DELETE,/integrations/{id},implemented,integrations,integration.manage + current service,현재 회사·서비스의 알림 연결·구독·전달; 현재 grant 검사.,OpenAPI requestBody schema; HTTPS 공식 호스트·DNS/IP·redirect 차단·구독 필터·version·멱등키 확인.,200 URL·이름 삭제 및 대기 취소; 설정·시도 이력의 URL 호스트만 마스킹 표시. 원문 URL·응답 본문 제외.,삭제/중지는 이전 세대 대기 전달 취소와 비밀 제거.,"내부 IP SSRF, 불확실 전송 자동 재시도, 타 서비스 이벤트 전송 금지."
GET,/security/ip-rules,implemented,ip-access,security.read + direct membership,"현재 회사의 직접 구성원. 조회는 security.read, 변경은 현재 최상위 관리자만 허용.",OpenAPI path/query/header parameters; 실제 socket IP와 서명된 내부 증거. 명시적 신뢰 프록시만 오른쪽부터 검사. IPv4·IPv6 CIDR 정규화·100개·엄격한 검색 조건·version·현재 계정/세션/회사 권한·최종 기한. 제한 변경은 현재 비밀번호.,200 현재 회사 IP 규칙·접근 제한·실제 현재 IP·정렬/페이지·변경 권한; 회사별 규칙·제한 상태·현재 접속 IP·현재 변경 권한·페이지 보정. 내부 IP 서명·서버 키 제외.,현재 접속 IP의 허용 상태를 유지하고 규칙과 생성 요청 원문을 삭제한다. 접근 제한이 켜진 상태에서는 마지막 사용 규칙 삭제 금지.,"클라이언트 X-Forwarded-For와 내부 IP 헤더 신뢰, 모호한 프록시 범위·알 수 없는 IP의 활성화, 다른 회사 규칙, 만료 세션·전문가의 회사 공통 보안 변경, 관리자 자기 차단 금지."
POST,/security/ip-rules,implemented,ip-access,direct owner,"현재 회사의 직접 구성원. 조회는 security.read, 변경은 현재 최상위 관리자만 허용.",OpenAPI requestBody schema; 실제 socket IP와 서명된 내부 증거. 명시적 신뢰 프록시만 오른쪽부터 검사. IPv4·IPv6 CIDR 정규화·100개·엄격한 검색 조건·version·현재 계정/세션/회사 권한·최종 기한. 제한 변경은 현재 비밀번호.,201 IPv4·IPv6 CIDR 정규화·최대 100개·동일 요청의 현재 결과; 회사별 규칙·제한 상태·현재 접속 IP·현재 변경 권한·페이지 보정. 내부 IP 서명·서버 키 제외.,현재 접속 IP의 허용 상태를 유지하고 규칙과 생성 요청 원문을 삭제한다. 접근 제한이 켜진 상태에서는 마지막 사용 규칙 삭제 금지.,"클라이언트 X-Forwarded-For와 내부 IP 헤더 신뢰, 모호한 프록시 범위·알 수 없는 IP의 활성화, 다른 회사 규칙, 만료 세션·전문가의 회사 공통 보안 변경, 관리자 자기 차단 금지."
GET,/security/ip-rules/{id},implemented,ip-access,security.read + direct membership,"현재 회사의 직접 구성원. 조회는 security.read, 변경은 현재 최상위 관리자만 허용.",OpenAPI path/query/header parameters; 실제 socket IP와 서명된 내부 증거. 명시적 신뢰 프록시만 오른쪽부터 검사. IPv4·IPv6 CIDR 정규화·100개·엄격한 검색 조건·version·현재 계정/세션/회사 권한·최종 기한. 제한 변경은 현재 비밀번호.,200 현재 회사의 IP 규칙 상세; 회사별 규칙·제한 상태·현재 접속 IP·현재 변경 권한·페이지 보정. 내부 IP 서명·서버 키 제외.,현재 접속 IP의 허용 상태를 유지하고 규칙과 생성 요청 원문을 삭제한다. 접근 제한이 켜진 상태에서는 마지막 사용 규칙 삭제 금지.,"클라이언트 X-Forwarded-For와 내부 IP 헤더 신뢰, 모호한 프록시 범위·알 수 없는 IP의 활성화, 다른 회사 규칙, 만료 세션·전문가의 회사 공통 보안 변경, 관리자 자기 차단 금지."
PATCH,/security/ip-rules/{id},implemented,ip-access,direct owner,"현재 회사의 직접 구성원. 조회는 security.read, 변경은 현재 최상위 관리자만 허용.",OpenAPI requestBody schema; 실제 socket IP와 서명된 내부 증거. 명시적 신뢰 프록시만 오른쪽부터 검사. IPv4·IPv6 CIDR 정규화·100개·엄격한 검색 조건·version·현재 계정/세션/회사 권한·최종 기한. 제한 변경은 현재 비밀번호.,200 현재 version·접속 IP 유지·CIDR 중복 검사 후 변경; 회사별 규칙·제한 상태·현재 접속 IP·현재 변경 권한·페이지 보정. 내부 IP 서명·서버 키 제외.,현재 접속 IP의 허용 상태를 유지하고 규칙과 생성 요청 원문을 삭제한다. 접근 제한이 켜진 상태에서는 마지막 사용 규칙 삭제 금지.,"클라이언트 X-Forwarded-For와 내부 IP 헤더 신뢰, 모호한 프록시 범위·알 수 없는 IP의 활성화, 다른 회사 규칙, 만료 세션·전문가의 회사 공통 보안 변경, 관리자 자기 차단 금지."
DELETE,/security/ip-rules/{id},implemented,ip-access,direct owner,"현재 회사의 직접 구성원. 조회는 security.read, 변경은 현재 최상위 관리자만 허용.",OpenAPI requestBody schema; 실제 socket IP와 서명된 내부 증거. 명시적 신뢰 프록시만 오른쪽부터 검사. IPv4·IPv6 CIDR 정규화·100개·엄격한 검색 조건·version·현재 계정/세션/회사 권한·최종 기한. 제한 변경은 현재 비밀번호.,204 현재 접속을 유지하면서 규칙·요청 원문 삭제; 회사별 규칙·제한 상태·현재 접속 IP·현재 변경 권한·페이지 보정. 내부 IP 서명·서버 키 제외.,현재 접속 IP의 허용 상태를 유지하고 규칙과 생성 요청 원문을 삭제한다. 접근 제한이 켜진 상태에서는 마지막 사용 규칙 삭제 금지.,"클라이언트 X-Forwarded-For와 내부 IP 헤더 신뢰, 모호한 프록시 범위·알 수 없는 IP의 활성화, 다른 회사 규칙, 만료 세션·전문가의 회사 공통 보안 변경, 관리자 자기 차단 금지."
GET,/identity-providers,planned,security,security.write,현재 회사 보안 정책; 사용자 암호 정책 조회는 본인 Membership.,OpenAPI path/query/header parameters; 현재 암호·정책 revision·CIDR·SSO issuer/state/nonce·잠금 방지 확인.,200 identity-providers 목록; 정책·인증 설정의 비밀 제거 DTO. client secret/OTP 비노출.,정책 DELETE는 기본값 복원. IdP/IP 규칙은 참조·잠금 검사 후 보관.,"마지막 인증 수단 제거, 정책 저장 후 미집행, 임의 returnTo 허용 금지."
POST,/identity-providers,planned,security,security.write,현재 회사 보안 정책; 사용자 암호 정책 조회는 본인 Membership.,OpenAPI requestBody schema; 현재 암호·정책 revision·CIDR·SSO issuer/state/nonce·잠금 방지 확인.,201 identity-providers 생성; 정책·인증 설정의 비밀 제거 DTO. client secret/OTP 비노출.,정책 DELETE는 기본값 복원. IdP/IP 규칙은 참조·잠금 검사 후 보관.,"마지막 인증 수단 제거, 정책 저장 후 미집행, 임의 returnTo 허용 금지."
GET,/identity-providers/{id},planned,security,security.write,현재 회사 보안 정책; 사용자 암호 정책 조회는 본인 Membership.,OpenAPI path/query/header parameters; 현재 암호·정책 revision·CIDR·SSO issuer/state/nonce·잠금 방지 확인.,200 identity-providers 상세: 비밀·민감 필드 제한; 정책·인증 설정의 비밀 제거 DTO. client secret/OTP 비노출.,정책 DELETE는 기본값 복원. IdP/IP 규칙은 참조·잠금 검사 후 보관.,"마지막 인증 수단 제거, 정책 저장 후 미집행, 임의 returnTo 허용 금지."
PATCH,/identity-providers/{id},planned,security,security.write,현재 회사 보안 정책; 사용자 암호 정책 조회는 본인 Membership.,OpenAPI requestBody schema; 현재 암호·정책 revision·CIDR·SSO issuer/state/nonce·잠금 방지 확인.,200 identity-providers 허용 필드·version 검사 후 변경; 정책·인증 설정의 비밀 제거 DTO. client secret/OTP 비노출.,정책 DELETE는 기본값 복원. IdP/IP 규칙은 참조·잠금 검사 후 보관.,"마지막 인증 수단 제거, 정책 저장 후 미집행, 임의 returnTo 허용 금지."
DELETE,/identity-providers/{id},planned,security,security.write,현재 회사 보안 정책; 사용자 암호 정책 조회는 본인 Membership.,OpenAPI path/query/header parameters; 현재 암호·정책 revision·CIDR·SSO issuer/state/nonce·잠금 방지 확인.,204 disable; last method protection; 정책·인증 설정의 비밀 제거 DTO. client secret/OTP 비노출.,정책 DELETE는 기본값 복원. IdP/IP 규칙은 참조·잠금 검사 후 보관.,"마지막 인증 수단 제거, 정책 저장 후 미집행, 임의 returnTo 허용 금지."
GET,/admin/plans,planned,admin-plans,platform-admin,플랫폼 운영자 전용 전역 상품/가격 버전.,OpenAPI path/query/header parameters; 상품 코드·통화·서버 가격·효력 기간·version과 과거 구독 참조 확인.,200 admin/plans 목록; 상품/가격 공개 필드·버전. PG 비밀 제외.,참조 중 가격 버전 삭제 금지; 신규 판매 중지만 허용.,"고객 요청 금액 신뢰, 과거 청구 가격 소급 변경 금지."
POST,/admin/plans,planned,admin-plans,platform-admin,플랫폼 운영자 전용 전역 상품/가격 버전.,OpenAPI requestBody schema; 상품 코드·통화·서버 가격·효력 기간·version과 과거 구독 참조 확인.,201 admin/plans 생성; 상품/가격 공개 필드·버전. PG 비밀 제외.,참조 중 가격 버전 삭제 금지; 신규 판매 중지만 허용.,"고객 요청 금액 신뢰, 과거 청구 가격 소급 변경 금지."
GET,/admin/plans/{id},planned,admin-plans,platform-admin,플랫폼 운영자 전용 전역 상품/가격 버전.,OpenAPI path/query/header parameters; 상품 코드·통화·서버 가격·효력 기간·version과 과거 구독 참조 확인.,200 admin/plans 상세: 비밀·민감 필드 제한; 상품/가격 공개 필드·버전. PG 비밀 제외.,참조 중 가격 버전 삭제 금지; 신규 판매 중지만 허용.,"고객 요청 금액 신뢰, 과거 청구 가격 소급 변경 금지."
PATCH,/admin/plans/{id},planned,admin-plans,platform-admin,플랫폼 운영자 전용 전역 상품/가격 버전.,OpenAPI requestBody schema; 상품 코드·통화·서버 가격·효력 기간·version과 과거 구독 참조 확인.,200 admin/plans 허용 필드·version 검사 후 변경; 상품/가격 공개 필드·버전. PG 비밀 제외.,참조 중 가격 버전 삭제 금지; 신규 판매 중지만 허용.,"고객 요청 금액 신뢰, 과거 청구 가격 소급 변경 금지."
DELETE,/admin/plans/{id},planned,admin-plans,platform-admin,플랫폼 운영자 전용 전역 상품/가격 버전.,OpenAPI path/query/header parameters; 상품 코드·통화·서버 가격·효력 기간·version과 과거 구독 참조 확인.,204 archive; sold price immutable; 상품/가격 공개 필드·버전. PG 비밀 제외.,참조 중 가격 버전 삭제 금지; 신규 판매 중지만 허용.,"고객 요청 금액 신뢰, 과거 청구 가격 소급 변경 금지."
GET,/admin/notices,planned,content,platform-admin,공지/가이드는 플랫폼 운영자 변경·인증 사용자 공개 조회(가이드는 활성 회사 필요); 문의는 현재 회사/작성자 또는 운영자.,OpenAPI path/query/header parameters; 제목/본문 HTML·PDF 형식/검사·문의 암호화·version·작성자 범위 확인.,200 admin/notices 목록; 게시 콘텐츠와 권한별 문의 DTO. 비공개 첨부 경로·문의 암호문 제외.,공지/가이드는 게시 취소·보관; 문의는 권한별 삭제/상태 전이.,"일반 회원의 운영자 변경, 초안/보관 자료 공개, 다른 작성자 문의 열람 금지."
POST,/admin/notices,planned,content,platform-admin,공지/가이드는 플랫폼 운영자 변경·인증 사용자 공개 조회(가이드는 활성 회사 필요); 문의는 현재 회사/작성자 또는 운영자.,OpenAPI requestBody schema; 제목/본문 HTML·PDF 형식/검사·문의 암호화·version·작성자 범위 확인.,201 admin/notices 생성; 게시 콘텐츠와 권한별 문의 DTO. 비공개 첨부 경로·문의 암호문 제외.,공지/가이드는 게시 취소·보관; 문의는 권한별 삭제/상태 전이.,"일반 회원의 운영자 변경, 초안/보관 자료 공개, 다른 작성자 문의 열람 금지."
GET,/admin/notices/{id},planned,content,platform-admin,공지/가이드는 플랫폼 운영자 변경·인증 사용자 공개 조회(가이드는 활성 회사 필요); 문의는 현재 회사/작성자 또는 운영자.,OpenAPI path/query/header parameters; 제목/본문 HTML·PDF 형식/검사·문의 암호화·version·작성자 범위 확인.,200 admin/notices 상세: 비밀·민감 필드 제한; 게시 콘텐츠와 권한별 문의 DTO. 비공개 첨부 경로·문의 암호문 제외.,공지/가이드는 게시 취소·보관; 문의는 권한별 삭제/상태 전이.,"일반 회원의 운영자 변경, 초안/보관 자료 공개, 다른 작성자 문의 열람 금지."
PATCH,/admin/notices/{id},planned,content,platform-admin,공지/가이드는 플랫폼 운영자 변경·인증 사용자 공개 조회(가이드는 활성 회사 필요); 문의는 현재 회사/작성자 또는 운영자.,OpenAPI requestBody schema; 제목/본문 HTML·PDF 형식/검사·문의 암호화·version·작성자 범위 확인.,200 admin/notices 허용 필드·version 검사 후 변경; 게시 콘텐츠와 권한별 문의 DTO. 비공개 첨부 경로·문의 암호문 제외.,공지/가이드는 게시 취소·보관; 문의는 권한별 삭제/상태 전이.,"일반 회원의 운영자 변경, 초안/보관 자료 공개, 다른 작성자 문의 열람 금지."
DELETE,/admin/notices/{id},planned,content,platform-admin,공지/가이드는 플랫폼 운영자 변경·인증 사용자 공개 조회(가이드는 활성 회사 필요); 문의는 현재 회사/작성자 또는 운영자.,OpenAPI path/query/header parameters; 제목/본문 HTML·PDF 형식/검사·문의 암호화·version·작성자 범위 확인.,204 archive; 게시 콘텐츠와 권한별 문의 DTO. 비공개 첨부 경로·문의 암호문 제외.,공지/가이드는 게시 취소·보관; 문의는 권한별 삭제/상태 전이.,"일반 회원의 운영자 변경, 초안/보관 자료 공개, 다른 작성자 문의 열람 금지."
GET,/admin/guides,planned,content,platform-admin,공지/가이드는 플랫폼 운영자 변경·인증 사용자 공개 조회(가이드는 활성 회사 필요); 문의는 현재 회사/작성자 또는 운영자.,OpenAPI path/query/header parameters; 제목/본문 HTML·PDF 형식/검사·문의 암호화·version·작성자 범위 확인.,200 admin/guides 목록; 게시 콘텐츠와 권한별 문의 DTO. 비공개 첨부 경로·문의 암호문 제외.,공지/가이드는 게시 취소·보관; 문의는 권한별 삭제/상태 전이.,"일반 회원의 운영자 변경, 초안/보관 자료 공개, 다른 작성자 문의 열람 금지."
POST,/admin/guides,planned,content,platform-admin,공지/가이드는 플랫폼 운영자 변경·인증 사용자 공개 조회(가이드는 활성 회사 필요); 문의는 현재 회사/작성자 또는 운영자.,OpenAPI requestBody schema; 제목/본문 HTML·PDF 형식/검사·문의 암호화·version·작성자 범위 확인.,201 admin/guides 생성; 게시 콘텐츠와 권한별 문의 DTO. 비공개 첨부 경로·문의 암호문 제외.,공지/가이드는 게시 취소·보관; 문의는 권한별 삭제/상태 전이.,"일반 회원의 운영자 변경, 초안/보관 자료 공개, 다른 작성자 문의 열람 금지."
GET,/admin/guides/{id},planned,content,platform-admin,공지/가이드는 플랫폼 운영자 변경·인증 사용자 공개 조회(가이드는 활성 회사 필요); 문의는 현재 회사/작성자 또는 운영자.,OpenAPI path/query/header parameters; 제목/본문 HTML·PDF 형식/검사·문의 암호화·version·작성자 범위 확인.,200 admin/guides 상세: 비밀·민감 필드 제한; 게시 콘텐츠와 권한별 문의 DTO. 비공개 첨부 경로·문의 암호문 제외.,공지/가이드는 게시 취소·보관; 문의는 권한별 삭제/상태 전이.,"일반 회원의 운영자 변경, 초안/보관 자료 공개, 다른 작성자 문의 열람 금지."
PATCH,/admin/guides/{id},planned,content,platform-admin,공지/가이드는 플랫폼 운영자 변경·인증 사용자 공개 조회(가이드는 활성 회사 필요); 문의는 현재 회사/작성자 또는 운영자.,OpenAPI requestBody schema; 제목/본문 HTML·PDF 형식/검사·문의 암호화·version·작성자 범위 확인.,200 admin/guides 허용 필드·version 검사 후 변경; 게시 콘텐츠와 권한별 문의 DTO. 비공개 첨부 경로·문의 암호문 제외.,공지/가이드는 게시 취소·보관; 문의는 권한별 삭제/상태 전이.,"일반 회원의 운영자 변경, 초안/보관 자료 공개, 다른 작성자 문의 열람 금지."
DELETE,/admin/guides/{id},planned,content,platform-admin,공지/가이드는 플랫폼 운영자 변경·인증 사용자 공개 조회(가이드는 활성 회사 필요); 문의는 현재 회사/작성자 또는 운영자.,OpenAPI path/query/header parameters; 제목/본문 HTML·PDF 형식/검사·문의 암호화·version·작성자 범위 확인.,204 archive; 게시 콘텐츠와 권한별 문의 DTO. 비공개 첨부 경로·문의 암호문 제외.,공지/가이드는 게시 취소·보관; 문의는 권한별 삭제/상태 전이.,"일반 회원의 운영자 변경, 초안/보관 자료 공개, 다른 작성자 문의 열람 금지."
GET,/feedback,planned,content,self,공지/가이드는 플랫폼 운영자 변경·인증 사용자 공개 조회(가이드는 활성 회사 필요); 문의는 현재 회사/작성자 또는 운영자.,OpenAPI path/query/header parameters; 제목/본문 HTML·PDF 형식/검사·문의 암호화·version·작성자 범위 확인.,200 feedback 목록; 게시 콘텐츠와 권한별 문의 DTO. 비공개 첨부 경로·문의 암호문 제외.,공지/가이드는 게시 취소·보관; 문의는 권한별 삭제/상태 전이.,"일반 회원의 운영자 변경, 초안/보관 자료 공개, 다른 작성자 문의 열람 금지."
POST,/feedback,planned,content,self,공지/가이드는 플랫폼 운영자 변경·인증 사용자 공개 조회(가이드는 활성 회사 필요); 문의는 현재 회사/작성자 또는 운영자.,OpenAPI requestBody schema; 제목/본문 HTML·PDF 형식/검사·문의 암호화·version·작성자 범위 확인.,201 feedback 생성; 게시 콘텐츠와 권한별 문의 DTO. 비공개 첨부 경로·문의 암호문 제외.,공지/가이드는 게시 취소·보관; 문의는 권한별 삭제/상태 전이.,"일반 회원의 운영자 변경, 초안/보관 자료 공개, 다른 작성자 문의 열람 금지."
GET,/feedback/{id},planned,content,self,공지/가이드는 플랫폼 운영자 변경·인증 사용자 공개 조회(가이드는 활성 회사 필요); 문의는 현재 회사/작성자 또는 운영자.,OpenAPI path/query/header parameters; 제목/본문 HTML·PDF 형식/검사·문의 암호화·version·작성자 범위 확인.,200 feedback 상세: 비밀·민감 필드 제한; 게시 콘텐츠와 권한별 문의 DTO. 비공개 첨부 경로·문의 암호문 제외.,공지/가이드는 게시 취소·보관; 문의는 권한별 삭제/상태 전이.,"일반 회원의 운영자 변경, 초안/보관 자료 공개, 다른 작성자 문의 열람 금지."
PATCH,/feedback/{id},planned,content,self,공지/가이드는 플랫폼 운영자 변경·인증 사용자 공개 조회(가이드는 활성 회사 필요); 문의는 현재 회사/작성자 또는 운영자.,OpenAPI requestBody schema; 제목/본문 HTML·PDF 형식/검사·문의 암호화·version·작성자 범위 확인.,200 feedback 허용 필드·version 검사 후 변경; 게시 콘텐츠와 권한별 문의 DTO. 비공개 첨부 경로·문의 암호문 제외.,공지/가이드는 게시 취소·보관; 문의는 권한별 삭제/상태 전이.,"일반 회원의 운영자 변경, 초안/보관 자료 공개, 다른 작성자 문의 열람 금지."
DELETE,/feedback/{id},planned,content,self,공지/가이드는 플랫폼 운영자 변경·인증 사용자 공개 조회(가이드는 활성 회사 필요); 문의는 현재 회사/작성자 또는 운영자.,OpenAPI path/query/header parameters; 제목/본문 HTML·PDF 형식/검사·문의 암호화·version·작성자 범위 확인.,204 own draft delete; 게시 콘텐츠와 권한별 문의 DTO. 비공개 첨부 경로·문의 암호문 제외.,공지/가이드는 게시 취소·보관; 문의는 권한별 삭제/상태 전이.,"일반 회원의 운영자 변경, 초안/보관 자료 공개, 다른 작성자 문의 열람 금지."
POST,/auth/sign-up/email,implemented,auth,Better Auth endpoint contract,전역 User와 본인 인증 증거. 인증 전과 인증 후 세션을 분리한다.,Better Auth 1.7.7 delegated request contract; Better Auth 1.7.7 및 별도 Zod 계약의 이메일·암호·일회 token·시도 횟수·만료를 검사한다.,200 Better Auth 1.7.7 고정 버전의 인증 계약; 세션·인증 상태만 반환하고 암호 hash·OTP secret·복구코드 원문을 제외한다.,로그아웃은 현재 세션 회수. 계정·인증 이력의 물리 삭제가 아니다.,"미검증 이메일 로그인, challenge 재사용, GET으로 인증 상태 변경 금지."
POST,/auth/sign-in/email,implemented,auth,Better Auth endpoint contract,전역 User와 본인 인증 증거. 인증 전과 인증 후 세션을 분리한다.,Better Auth 1.7.7 delegated request contract; Better Auth 1.7.7 및 별도 Zod 계약의 이메일·암호·일회 token·시도 횟수·만료를 검사한다.,200 Better Auth 1.7.7 고정 버전의 인증 계약; 세션·인증 상태만 반환하고 암호 hash·OTP secret·복구코드 원문을 제외한다.,로그아웃은 현재 세션 회수. 계정·인증 이력의 물리 삭제가 아니다.,"미검증 이메일 로그인, challenge 재사용, GET으로 인증 상태 변경 금지."
POST,/auth/request-password-reset,implemented,auth,Better Auth endpoint contract,전역 User와 본인 인증 증거. 인증 전과 인증 후 세션을 분리한다.,Better Auth 1.7.7 delegated request contract; Better Auth 1.7.7 및 별도 Zod 계약의 이메일·암호·일회 token·시도 횟수·만료를 검사한다.,200 Better Auth 1.7.7 고정 버전의 인증 계약; 세션·인증 상태만 반환하고 암호 hash·OTP secret·복구코드 원문을 제외한다.,로그아웃은 현재 세션 회수. 계정·인증 이력의 물리 삭제가 아니다.,"미검증 이메일 로그인, challenge 재사용, GET으로 인증 상태 변경 금지."
POST,/auth/reset-password,implemented,auth,valid unused reset proof,전역 User와 본인 인증 증거. 인증 전과 인증 후 세션을 분리한다.,OpenAPI requestBody schema; Better Auth 1.7.7 및 별도 Zod 계약의 이메일·암호·일회 token·시도 횟수·만료를 검사한다.,200 동일 비밀번호 규칙으로 재설정; 실패 시 링크 복원; 성공 시 기존 세션·남은 링크 회수; 세션·인증 상태만 반환하고 암호 hash·OTP secret·복구코드 원문을 제외한다.,로그아웃은 현재 세션 회수. 계정·인증 이력의 물리 삭제가 아니다.,"미검증 이메일 로그인, challenge 재사용, GET으로 인증 상태 변경 금지."
POST,/auth/change-password,implemented,auth,self + current password,전역 User와 본인 인증 증거. 인증 전과 인증 후 세션을 분리한다.,OpenAPI requestBody schema; Better Auth 1.7.7 및 별도 Zod 계약의 이메일·암호·일회 token·시도 횟수·만료를 검사한다.,200 회사별 최소 길이·최근 비밀번호 검사; 계정별 잠금과 원자적 변경; 기존 세션·재설정 링크 회수; 세션·인증 상태만 반환하고 암호 hash·OTP secret·복구코드 원문을 제외한다.,로그아웃은 현재 세션 회수. 계정·인증 이력의 물리 삭제가 아니다.,"미검증 이메일 로그인, challenge 재사용, GET으로 인증 상태 변경 금지."
POST,/auth/sign-out,implemented,auth,Better Auth endpoint contract,전역 User와 본인 인증 증거. 인증 전과 인증 후 세션을 분리한다.,Better Auth 1.7.7 delegated request contract; Better Auth 1.7.7 및 별도 Zod 계약의 이메일·암호·일회 token·시도 횟수·만료를 검사한다.,200 Better Auth 1.7.7 고정 버전의 인증 계약; 세션·인증 상태만 반환하고 암호 hash·OTP secret·복구코드 원문을 제외한다.,로그아웃은 현재 세션 회수. 계정·인증 이력의 물리 삭제가 아니다.,"미검증 이메일 로그인, challenge 재사용, GET으로 인증 상태 변경 금지."
POST,/auth/two-factor/enable,implemented,auth,Better Auth endpoint contract,전역 User와 본인 인증 증거. 인증 전과 인증 후 세션을 분리한다.,Better Auth 1.7.7 delegated request contract; Better Auth 1.7.7 및 별도 Zod 계약의 이메일·암호·일회 token·시도 횟수·만료를 검사한다.,200 Better Auth 1.7.7 고정 버전의 인증 계약; 세션·인증 상태만 반환하고 암호 hash·OTP secret·복구코드 원문을 제외한다.,로그아웃은 현재 세션 회수. 계정·인증 이력의 물리 삭제가 아니다.,"미검증 이메일 로그인, challenge 재사용, GET으로 인증 상태 변경 금지."
POST,/auth/two-factor/verify-totp,implemented,auth,Better Auth endpoint contract,전역 User와 본인 인증 증거. 인증 전과 인증 후 세션을 분리한다.,Better Auth 1.7.7 delegated request contract; Better Auth 1.7.7 및 별도 Zod 계약의 이메일·암호·일회 token·시도 횟수·만료를 검사한다.,200 Better Auth 1.7.7 고정 버전의 인증 계약; 세션·인증 상태만 반환하고 암호 hash·OTP secret·복구코드 원문을 제외한다.,로그아웃은 현재 세션 회수. 계정·인증 이력의 물리 삭제가 아니다.,"미검증 이메일 로그인, challenge 재사용, GET으로 인증 상태 변경 금지."
POST,/auth/two-factor/send-otp,implemented,auth,Better Auth endpoint contract,전역 User와 본인 인증 증거. 인증 전과 인증 후 세션을 분리한다.,Better Auth 1.7.7 delegated request contract; Better Auth 1.7.7 및 별도 Zod 계약의 이메일·암호·일회 token·시도 횟수·만료를 검사한다.,200 Better Auth 1.7.7 고정 버전의 인증 계약; 세션·인증 상태만 반환하고 암호 hash·OTP secret·복구코드 원문을 제외한다.,로그아웃은 현재 세션 회수. 계정·인증 이력의 물리 삭제가 아니다.,"미검증 이메일 로그인, challenge 재사용, GET으로 인증 상태 변경 금지."
POST,/auth/two-factor/verify-otp,implemented,auth,Better Auth endpoint contract,전역 User와 본인 인증 증거. 인증 전과 인증 후 세션을 분리한다.,Better Auth 1.7.7 delegated request contract; Better Auth 1.7.7 및 별도 Zod 계약의 이메일·암호·일회 token·시도 횟수·만료를 검사한다.,200 Better Auth 1.7.7 고정 버전의 인증 계약; 세션·인증 상태만 반환하고 암호 hash·OTP secret·복구코드 원문을 제외한다.,로그아웃은 현재 세션 회수. 계정·인증 이력의 물리 삭제가 아니다.,"미검증 이메일 로그인, challenge 재사용, GET으로 인증 상태 변경 금지."
POST,/auth/two-factor/verify-backup-code,implemented,auth,Better Auth endpoint contract,전역 User와 본인 인증 증거. 인증 전과 인증 후 세션을 분리한다.,Better Auth 1.7.7 delegated request contract; Better Auth 1.7.7 및 별도 Zod 계약의 이메일·암호·일회 token·시도 횟수·만료를 검사한다.,200 Better Auth 1.7.7 고정 버전의 인증 계약; 세션·인증 상태만 반환하고 암호 hash·OTP secret·복구코드 원문을 제외한다.,로그아웃은 현재 세션 회수. 계정·인증 이력의 물리 삭제가 아니다.,"미검증 이메일 로그인, challenge 재사용, GET으로 인증 상태 변경 금지."
POST,/auth/two-factor/disable,implemented,auth,Better Auth endpoint contract,전역 User와 본인 인증 증거. 인증 전과 인증 후 세션을 분리한다.,Better Auth 1.7.7 delegated request contract; Better Auth 1.7.7 및 별도 Zod 계약의 이메일·암호·일회 token·시도 횟수·만료를 검사한다.,200 Better Auth 1.7.7 고정 버전의 인증 계약; 세션·인증 상태만 반환하고 암호 hash·OTP secret·복구코드 원문을 제외한다.,로그아웃은 현재 세션 회수. 계정·인증 이력의 물리 삭제가 아니다.,"미검증 이메일 로그인, challenge 재사용, GET으로 인증 상태 변경 금지."
GET,/auth/get-session,implemented,auth,Better Auth session,전역 User와 본인 인증 증거. 인증 전과 인증 후 세션을 분리한다.,OpenAPI path/query/header parameters; Better Auth 1.7.7 및 별도 Zod 계약의 이메일·암호·일회 token·시도 횟수·만료를 검사한다.,200 현재 인증 세션; 세션·인증 상태만 반환하고 암호 hash·OTP secret·복구코드 원문을 제외한다.,로그아웃은 현재 세션 회수. 계정·인증 이력의 물리 삭제가 아니다.,"미검증 이메일 로그인, challenge 재사용, GET으로 인증 상태 변경 금지."
GET,/me/password-policy,implemented,security,self,현재 회사 보안 정책; 사용자 암호 정책 조회는 본인 Membership.,OpenAPI path/query/header parameters; 현재 암호·정책 revision·CIDR·SSO issuer/state/nonce·잠금 방지 확인.,200 현재 회사의 비밀번호 만료·유예와 모든 활성 소속의 최소 길이·재사용 규칙; 정책·인증 설정의 비밀 제거 DTO. client secret/OTP 비노출.,정책 DELETE는 기본값 복원. IdP/IP 규칙은 참조·잠금 검사 후 보관.,"마지막 인증 수단 제거, 정책 저장 후 미집행, 임의 returnTo 허용 금지."
POST,/me/password-policy,implemented,security,self + matching tenant and password revision,현재 회사 보안 정책; 사용자 암호 정책 조회는 본인 Membership.,OpenAPI requestBody schema; 현재 암호·정책 revision·CIDR·SSO issuer/state/nonce·잠금 방지 확인.,200 현재 로그인 또는 다음 변경 주기까지 변경 유예; 회사 정책이 허용할 때만 적용; 정책·인증 설정의 비밀 제거 DTO. client secret/OTP 비노출.,정책 DELETE는 기본값 복원. IdP/IP 규칙은 참조·잠금 검사 후 보관.,"마지막 인증 수단 제거, 정책 저장 후 미집행, 임의 returnTo 허용 금지."
GET,/services/{id}/verification,implemented,form-verification-configuration,form.read + current service grant,현재 회사·활성 서비스의 form.read 조회와 integration.manage 변경 권한. 회사/구성원/역할/grant/전문가 배정·세션·보안 정책을 transaction 잠금 후 실제 기한으로 확인한다.,OpenAPI path/query/header parameters; UUID 서비스·빈 조회 쿼리·공급자 식별자 allowlist·sandbox/production·pending/disabled·version/If-Match·Idempotency-Key. ready·비밀 키·공급자 URL 입력을 거부한다. 없던 설정 생성/삭제 후 재등록은 서비스별 advisory lock으로 직렬화한다.,200 현재 서비스의 안전한 설정·준비 대기·권한·이력; 설정·준비 대기 사유·현재 canManage·최근 20개 불변 설정 이력만 반환한다. 준비 상태 ready/sandboxVerified는 false다. 실제 공급자 요청·개인정보·비밀 자격증명을 반환하지 않는다.,삭제는 상태 deleted·현재 공급자 제거·새 version/불변 이력 저장이다. 설정 변경/중지/삭제는 미소비 검증 요청을 cancelled로 바꾸고 이전 생성 키의 응답/HMAC을 지운다. 재등록은 같은 설정 ID의 새 세대이며 이전 요청/키가 부활하지 않는다.,공급자 식별자 등록이나 운영 환경 선택을 인증 성공으로 해석 금지. 원본 공급자 추정·URL 결과만으로 성공·미검증 폼 게시/접수·sandbox 증거의 운영 영수증 소비 금지. 다른 회사/서비스·회수 권한·만료 후 DTO/감사/설정·키 응답 반환 금지.
POST,/services/{id}/verification,implemented,form-verification-configuration,integration.manage + current service grant,현재 회사·활성 서비스의 form.read 조회와 integration.manage 변경 권한. 회사/구성원/역할/grant/전문가 배정·세션·보안 정책을 transaction 잠금 후 실제 기한으로 확인한다.,OpenAPI requestBody schema; UUID 서비스·빈 조회 쿼리·공급자 식별자 allowlist·sandbox/production·pending/disabled·version/If-Match·Idempotency-Key. ready·비밀 키·공급자 URL 입력을 거부한다. 없던 설정 생성/삭제 후 재등록은 서비스별 advisory lock으로 직렬화한다.,201 현재 서비스의 안전한 설정·준비 대기·권한·이력; 설정·준비 대기 사유·현재 canManage·최근 20개 불변 설정 이력만 반환한다. 준비 상태 ready/sandboxVerified는 false다. 실제 공급자 요청·개인정보·비밀 자격증명을 반환하지 않는다.,삭제는 상태 deleted·현재 공급자 제거·새 version/불변 이력 저장이다. 설정 변경/중지/삭제는 미소비 검증 요청을 cancelled로 바꾸고 이전 생성 키의 응답/HMAC을 지운다. 재등록은 같은 설정 ID의 새 세대이며 이전 요청/키가 부활하지 않는다.,공급자 식별자 등록이나 운영 환경 선택을 인증 성공으로 해석 금지. 원본 공급자 추정·URL 결과만으로 성공·미검증 폼 게시/접수·sandbox 증거의 운영 영수증 소비 금지. 다른 회사/서비스·회수 권한·만료 후 DTO/감사/설정·키 응답 반환 금지.
PATCH,/services/{id}/verification,implemented,form-verification-configuration,integration.manage + current service grant,현재 회사·활성 서비스의 form.read 조회와 integration.manage 변경 권한. 회사/구성원/역할/grant/전문가 배정·세션·보안 정책을 transaction 잠금 후 실제 기한으로 확인한다.,OpenAPI requestBody schema; UUID 서비스·빈 조회 쿼리·공급자 식별자 allowlist·sandbox/production·pending/disabled·version/If-Match·Idempotency-Key. ready·비밀 키·공급자 URL 입력을 거부한다. 없던 설정 생성/삭제 후 재등록은 서비스별 advisory lock으로 직렬화한다.,200 현재 서비스의 안전한 설정·준비 대기·권한·이력; 설정·준비 대기 사유·현재 canManage·최근 20개 불변 설정 이력만 반환한다. 준비 상태 ready/sandboxVerified는 false다. 실제 공급자 요청·개인정보·비밀 자격증명을 반환하지 않는다.,삭제는 상태 deleted·현재 공급자 제거·새 version/불변 이력 저장이다. 설정 변경/중지/삭제는 미소비 검증 요청을 cancelled로 바꾸고 이전 생성 키의 응답/HMAC을 지운다. 재등록은 같은 설정 ID의 새 세대이며 이전 요청/키가 부활하지 않는다.,공급자 식별자 등록이나 운영 환경 선택을 인증 성공으로 해석 금지. 원본 공급자 추정·URL 결과만으로 성공·미검증 폼 게시/접수·sandbox 증거의 운영 영수증 소비 금지. 다른 회사/서비스·회수 권한·만료 후 DTO/감사/설정·키 응답 반환 금지.
DELETE,/services/{id}/verification,implemented,form-verification-configuration,integration.manage + current service grant,현재 회사·활성 서비스의 form.read 조회와 integration.manage 변경 권한. 회사/구성원/역할/grant/전문가 배정·세션·보안 정책을 transaction 잠금 후 실제 기한으로 확인한다.,OpenAPI path/query/header parameters; UUID 서비스·빈 조회 쿼리·공급자 식별자 allowlist·sandbox/production·pending/disabled·version/If-Match·Idempotency-Key. ready·비밀 키·공급자 URL 입력을 거부한다. 없던 설정 생성/삭제 후 재등록은 서비스별 advisory lock으로 직렬화한다.,204 If-Match 버전 확인 후 설정 삭제 상태·공급자 식별자 제거; 이력 보존·대기 요청 취소; 설정·준비 대기 사유·현재 canManage·최근 20개 불변 설정 이력만 반환한다. 준비 상태 ready/sandboxVerified는 false다. 실제 공급자 요청·개인정보·비밀 자격증명을 반환하지 않는다.,삭제는 상태 deleted·현재 공급자 제거·새 version/불변 이력 저장이다. 설정 변경/중지/삭제는 미소비 검증 요청을 cancelled로 바꾸고 이전 생성 키의 응답/HMAC을 지운다. 재등록은 같은 설정 ID의 새 세대이며 이전 요청/키가 부활하지 않는다.,공급자 식별자 등록이나 운영 환경 선택을 인증 성공으로 해석 금지. 원본 공급자 추정·URL 결과만으로 성공·미검증 폼 게시/접수·sandbox 증거의 운영 영수증 소비 금지. 다른 회사/서비스·회수 권한·만료 후 DTO/감사/설정·키 응답 반환 금지.
POST,/companies/{id}/closure,implemented,company,company.manage + owner,현재 활성 Membership의 tenant와 회사 관리 권한.,"OpenAPI requestBody schema; 회사 입력·세금계산서 담당자, 사업자번호·version·소유권을 확인한다. 파일은 회사 관리 권한·10MB·MIME·내용·ClamAV 검사와 저장 한도를 적용한다.",204 회사 폐쇄 요청 취소; 회사 프로필의 안전 DTO. 폐쇄 사유·사업자등록증은 회사 관리자에게만 공개한다. 저장소 키·암호문은 제외한다.,회사 DELETE는 소유자의 폐쇄 요청 접수이며 취소할 수 있다. 청구·자산·보존 확인 전 물리 삭제 금지. 파일은 접근 차단 후 저장소 삭제와 worker 재시도.,"마지막 owner 제거, tenantId 변경, 타 회사 ID 열람 금지."
GET,/companies/{id}/business-file,implemented,company,company.manage,현재 활성 Membership의 tenant와 회사 관리 권한.,"OpenAPI path/query/header parameters; 회사 입력·세금계산서 담당자, 사업자번호·version·소유권을 확인한다. 파일은 회사 관리 권한·10MB·MIME·내용·ClamAV 검사와 저장 한도를 적용한다.",200 원본 바이트 다운로드; attachment; private no-store; 회사 프로필의 안전 DTO. 폐쇄 사유·사업자등록증은 회사 관리자에게만 공개한다. 저장소 키·암호문은 제외한다.,회사 DELETE는 소유자의 폐쇄 요청 접수이며 취소할 수 있다. 청구·자산·보존 확인 전 물리 삭제 금지. 파일은 접근 차단 후 저장소 삭제와 worker 재시도.,"마지막 owner 제거, tenantId 변경, 타 회사 ID 열람 금지."
POST,/companies/{id}/business-file,implemented,company,company.manage,현재 활성 Membership의 tenant와 회사 관리 권한.,"OpenAPI requestBody schema; 회사 입력·세금계산서 담당자, 사업자번호·version·소유권을 확인한다. 파일은 회사 관리 권한·10MB·MIME·내용·ClamAV 검사와 저장 한도를 적용한다.",201 검사된 사업자등록증 첨부·교체; 회사 프로필의 안전 DTO. 폐쇄 사유·사업자등록증은 회사 관리자에게만 공개한다. 저장소 키·암호문은 제외한다.,회사 DELETE는 소유자의 폐쇄 요청 접수이며 취소할 수 있다. 청구·자산·보존 확인 전 물리 삭제 금지. 파일은 접근 차단 후 저장소 삭제와 worker 재시도.,"마지막 owner 제거, tenantId 변경, 타 회사 ID 열람 금지."
DELETE,/companies/{id}/business-file,implemented,company,company.manage,현재 활성 Membership의 tenant와 회사 관리 권한.,"OpenAPI path/query/header parameters; 회사 입력·세금계산서 담당자, 사업자번호·version·소유권을 확인한다. 파일은 회사 관리 권한·10MB·MIME·내용·ClamAV 검사와 저장 한도를 적용한다.",204 사업자등록증 삭제; 회사 프로필의 안전 DTO. 폐쇄 사유·사업자등록증은 회사 관리자에게만 공개한다. 저장소 키·암호문은 제외한다.,회사 DELETE는 소유자의 폐쇄 요청 접수이며 취소할 수 있다. 청구·자산·보존 확인 전 물리 삭제 금지. 파일은 접근 차단 후 저장소 삭제와 worker 재시도.,"마지막 owner 제거, tenantId 변경, 타 회사 ID 열람 금지."
PATCH,/forms/{id}/draft,implemented,forms,form.write + current service grant,현재 회사·서비스의 Form/Template/Publication. 목록/상세/삭제 시 현재 계정·세션·구성원·전문가·ServiceGrant를 transaction에서 재검사한다. 전문가는 현재 배정된 활성 서비스의 폼만 상세·목록·즐겨찾기에 접근한다.,OpenAPI requestBody schema; 9개 질문 타입·앞선 선택 질문의 유효한 조건 참조·행 ID/선택지·최소/최대 선택 수·정보주체/마케팅 연락처의 항상 표시·version·승인 revision·게시 token·멱등키를 검사한다. 초안 PATCH의 선택적 키는 저장/감사와 원자적으로 기록하고 재전송 전에 현재 권한/활성 서비스를 재검사한다. 복제 시 질문/행 ID와 조건/마케팅 참조를 새로 발급한다.,"200 자동저장 초안; version 충돌·게시본 불변·동일 키 재시도는 한 번만 저장; 허용 폼 초안/게시본·질문·상태 DTO. 초안 PATCH는 과거 재전송 캐시를 포함해 공유 토큰을 제거한다. 공유 토큰 조회는 현재 form.publish 권한이 필요하다. 게시/승인/고정 URL 생성 재전송도 현재 계정/세션/전문가/서비스와 활성 상태를 검사한다. 승인/고정 URL 조회와 화면 권한은 현재 범위를 사용한다. 응답 원문은 별도 권한 API. 폼 목록은 공유 토큰을 제외하고 한국 날짜/즐겨찾기/정렬을 적용해 빈 목록 page=1, 범위 밖 page를 마지막 페이지로 보정한다. 목록/상세 GET의 actions는 현재 역할·서비스 grant·보관/가져오기 양식·공개 상태·만료를 반영한다. 목록 permissions는 선택 서비스의 생성/업로드 권한이다. 생성/저장/복사/템플릿 캐시는 작업 권한을 저장하지 않는다. 삭제 조건의 canReadResponses는 현재 응답 조회 권한이며 checkDeletion은 실제 canPurge와 구분한다. 템플릿 GET은 현재 역할/grant/세션/전문가 배정/서비스 상태의 작업과 활성 생성 대상을 반환한다. 보관 서비스는 직접 구성원만 읽는다. 템플릿 삭제는 신규/회사 구성원 범위의 이전 생성 캐시 내용·요청 해시를 원자 제거하고 생성 재전송은410이다. 독립 생성 폼은 유지한다.",DELETE /forms/{id}는 공개 종료·보관 및 응답 보존. /deletion은 현재 삭제 사유·version을 반환한다. /purge는 현재 작성 권한·활성 서비스·If-Match와 전체 게시/승인/응답/공유/업로드/파일 참조를 검사해 미게시·미참조 초안만 영구 삭제한다. 연결 질문·선택지·문서 연결·즐겨찾기와 생성/복제/템플릿/저장 캐시 내용도 원자 제거하며 감사·게시 문서·독립 복사본은 보존한다. 삭제된 생성 키는 410.,"게시본 제자리 수정, 승인 우회 게시, 다른 서비스 템플릿 사용 금지."
GET,/forms/{id}/deletion,implemented,forms,form.read + current service grant,현재 회사·서비스의 Form/Template/Publication. 목록/상세/삭제 시 현재 계정·세션·구성원·전문가·ServiceGrant를 transaction에서 재검사한다. 전문가는 현재 배정된 활성 서비스의 폼만 상세·목록·즐겨찾기에 접근한다.,OpenAPI path/query/header parameters; 9개 질문 타입·앞선 선택 질문의 유효한 조건 참조·행 ID/선택지·최소/최대 선택 수·정보주체/마케팅 연락처의 항상 표시·version·승인 revision·게시 token·멱등키를 검사한다. 초안 PATCH의 선택적 키는 저장/감사와 원자적으로 기록하고 재전송 전에 현재 권한/활성 서비스를 재검사한다. 복제 시 질문/행 ID와 조건/마케팅 참조를 새로 발급한다.,"200 현재 삭제 조건·사유·응답 조회 권한; 허용 폼 초안/게시본·질문·상태 DTO. 초안 PATCH는 과거 재전송 캐시를 포함해 공유 토큰을 제거한다. 공유 토큰 조회는 현재 form.publish 권한이 필요하다. 게시/승인/고정 URL 생성 재전송도 현재 계정/세션/전문가/서비스와 활성 상태를 검사한다. 승인/고정 URL 조회와 화면 권한은 현재 범위를 사용한다. 응답 원문은 별도 권한 API. 폼 목록은 공유 토큰을 제외하고 한국 날짜/즐겨찾기/정렬을 적용해 빈 목록 page=1, 범위 밖 page를 마지막 페이지로 보정한다. 목록/상세 GET의 actions는 현재 역할·서비스 grant·보관/가져오기 양식·공개 상태·만료를 반영한다. 목록 permissions는 선택 서비스의 생성/업로드 권한이다. 생성/저장/복사/템플릿 캐시는 작업 권한을 저장하지 않는다. 삭제 조건의 canReadResponses는 현재 응답 조회 권한이며 checkDeletion은 실제 canPurge와 구분한다. 템플릿 GET은 현재 역할/grant/세션/전문가 배정/서비스 상태의 작업과 활성 생성 대상을 반환한다. 보관 서비스는 직접 구성원만 읽는다. 템플릿 삭제는 신규/회사 구성원 범위의 이전 생성 캐시 내용·요청 해시를 원자 제거하고 생성 재전송은410이다. 독립 생성 폼은 유지한다.",DELETE /forms/{id}는 공개 종료·보관 및 응답 보존. /deletion은 현재 삭제 사유·version을 반환한다. /purge는 현재 작성 권한·활성 서비스·If-Match와 전체 게시/승인/응답/공유/업로드/파일 참조를 검사해 미게시·미참조 초안만 영구 삭제한다. 연결 질문·선택지·문서 연결·즐겨찾기와 생성/복제/템플릿/저장 캐시 내용도 원자 제거하며 감사·게시 문서·독립 복사본은 보존한다. 삭제된 생성 키는 410.,"게시본 제자리 수정, 승인 우회 게시, 다른 서비스 템플릿 사용 금지."
DELETE,/forms/{id}/purge,implemented,forms,form.write + current service grant + active service + If-Match,현재 회사·서비스의 Form/Template/Publication. 목록/상세/삭제 시 현재 계정·세션·구성원·전문가·ServiceGrant를 transaction에서 재검사한다. 전문가는 현재 배정된 활성 서비스의 폼만 상세·목록·즐겨찾기에 접근한다.,OpenAPI path/query/header parameters; 9개 질문 타입·앞선 선택 질문의 유효한 조건 참조·행 ID/선택지·최소/최대 선택 수·정보주체/마케팅 연락처의 항상 표시·version·승인 revision·게시 token·멱등키를 검사한다. 초안 PATCH의 선택적 키는 저장/감사와 원자적으로 기록하고 재전송 전에 현재 권한/활성 서비스를 재검사한다. 복제 시 질문/행 ID와 조건/마케팅 참조를 새로 발급한다.,"204 미게시·미참조 초안의 영구 삭제; 게시·승인·응답 증거 참조 시 409; 요청 캐시 내용 제거·감사 유지; 허용 폼 초안/게시본·질문·상태 DTO. 초안 PATCH는 과거 재전송 캐시를 포함해 공유 토큰을 제거한다. 공유 토큰 조회는 현재 form.publish 권한이 필요하다. 게시/승인/고정 URL 생성 재전송도 현재 계정/세션/전문가/서비스와 활성 상태를 검사한다. 승인/고정 URL 조회와 화면 권한은 현재 범위를 사용한다. 응답 원문은 별도 권한 API. 폼 목록은 공유 토큰을 제외하고 한국 날짜/즐겨찾기/정렬을 적용해 빈 목록 page=1, 범위 밖 page를 마지막 페이지로 보정한다. 목록/상세 GET의 actions는 현재 역할·서비스 grant·보관/가져오기 양식·공개 상태·만료를 반영한다. 목록 permissions는 선택 서비스의 생성/업로드 권한이다. 생성/저장/복사/템플릿 캐시는 작업 권한을 저장하지 않는다. 삭제 조건의 canReadResponses는 현재 응답 조회 권한이며 checkDeletion은 실제 canPurge와 구분한다. 템플릿 GET은 현재 역할/grant/세션/전문가 배정/서비스 상태의 작업과 활성 생성 대상을 반환한다. 보관 서비스는 직접 구성원만 읽는다. 템플릿 삭제는 신규/회사 구성원 범위의 이전 생성 캐시 내용·요청 해시를 원자 제거하고 생성 재전송은410이다. 독립 생성 폼은 유지한다.",DELETE /forms/{id}는 공개 종료·보관 및 응답 보존. /deletion은 현재 삭제 사유·version을 반환한다. /purge는 현재 작성 권한·활성 서비스·If-Match와 전체 게시/승인/응답/공유/업로드/파일 참조를 검사해 미게시·미참조 초안만 영구 삭제한다. 연결 질문·선택지·문서 연결·즐겨찾기와 생성/복제/템플릿/저장 캐시 내용도 원자 제거하며 감사·게시 문서·독립 복사본은 보존한다. 삭제된 생성 키는 410.,"게시본 제자리 수정, 승인 우회 게시, 다른 서비스 템플릿 사용 금지."
POST,/forms/{id}/resume,implemented,forms,form.publish + service grant,현재 회사·서비스의 Form/Template/Publication. 목록/상세/삭제 시 현재 계정·세션·구성원·전문가·ServiceGrant를 transaction에서 재검사한다. 전문가는 현재 배정된 활성 서비스의 폼만 상세·목록·즐겨찾기에 접근한다.,OpenAPI requestBody schema; 9개 질문 타입·앞선 선택 질문의 유효한 조건 참조·행 ID/선택지·최소/최대 선택 수·정보주체/마케팅 연락처의 항상 표시·version·승인 revision·게시 token·멱등키를 검사한다. 초안 PATCH의 선택적 키는 저장/감사와 원자적으로 기록하고 재전송 전에 현재 권한/활성 서비스를 재검사한다. 복제 시 질문/행 ID와 조건/마케팅 참조를 새로 발급한다.,"200 공개 resume; 허용 폼 초안/게시본·질문·상태 DTO. 초안 PATCH는 과거 재전송 캐시를 포함해 공유 토큰을 제거한다. 공유 토큰 조회는 현재 form.publish 권한이 필요하다. 게시/승인/고정 URL 생성 재전송도 현재 계정/세션/전문가/서비스와 활성 상태를 검사한다. 승인/고정 URL 조회와 화면 권한은 현재 범위를 사용한다. 응답 원문은 별도 권한 API. 폼 목록은 공유 토큰을 제외하고 한국 날짜/즐겨찾기/정렬을 적용해 빈 목록 page=1, 범위 밖 page를 마지막 페이지로 보정한다. 목록/상세 GET의 actions는 현재 역할·서비스 grant·보관/가져오기 양식·공개 상태·만료를 반영한다. 목록 permissions는 선택 서비스의 생성/업로드 권한이다. 생성/저장/복사/템플릿 캐시는 작업 권한을 저장하지 않는다. 삭제 조건의 canReadResponses는 현재 응답 조회 권한이며 checkDeletion은 실제 canPurge와 구분한다. 템플릿 GET은 현재 역할/grant/세션/전문가 배정/서비스 상태의 작업과 활성 생성 대상을 반환한다. 보관 서비스는 직접 구성원만 읽는다. 템플릿 삭제는 신규/회사 구성원 범위의 이전 생성 캐시 내용·요청 해시를 원자 제거하고 생성 재전송은410이다. 독립 생성 폼은 유지한다.",DELETE /forms/{id}는 공개 종료·보관 및 응답 보존. /deletion은 현재 삭제 사유·version을 반환한다. /purge는 현재 작성 권한·활성 서비스·If-Match와 전체 게시/승인/응답/공유/업로드/파일 참조를 검사해 미게시·미참조 초안만 영구 삭제한다. 연결 질문·선택지·문서 연결·즐겨찾기와 생성/복제/템플릿/저장 캐시 내용도 원자 제거하며 감사·게시 문서·독립 복사본은 보존한다. 삭제된 생성 키는 410.,"게시본 제자리 수정, 승인 우회 게시, 다른 서비스 템플릿 사용 금지."
PUT,/forms/{id}/favorite,implemented,forms,form.read + service grant,현재 회사·서비스의 Form/Template/Publication. 목록/상세/삭제 시 현재 계정·세션·구성원·전문가·ServiceGrant를 transaction에서 재검사한다. 전문가는 현재 배정된 활성 서비스의 폼만 상세·목록·즐겨찾기에 접근한다.,No request body; 9개 질문 타입·앞선 선택 질문의 유효한 조건 참조·행 ID/선택지·최소/최대 선택 수·정보주체/마케팅 연락처의 항상 표시·version·승인 revision·게시 token·멱등키를 검사한다. 초안 PATCH의 선택적 키는 저장/감사와 원자적으로 기록하고 재전송 전에 현재 권한/활성 서비스를 재검사한다. 복제 시 질문/행 ID와 조건/마케팅 참조를 새로 발급한다.,"200 본인 즐겨찾기 등록; 허용 폼 초안/게시본·질문·상태 DTO. 초안 PATCH는 과거 재전송 캐시를 포함해 공유 토큰을 제거한다. 공유 토큰 조회는 현재 form.publish 권한이 필요하다. 게시/승인/고정 URL 생성 재전송도 현재 계정/세션/전문가/서비스와 활성 상태를 검사한다. 승인/고정 URL 조회와 화면 권한은 현재 범위를 사용한다. 응답 원문은 별도 권한 API. 폼 목록은 공유 토큰을 제외하고 한국 날짜/즐겨찾기/정렬을 적용해 빈 목록 page=1, 범위 밖 page를 마지막 페이지로 보정한다. 목록/상세 GET의 actions는 현재 역할·서비스 grant·보관/가져오기 양식·공개 상태·만료를 반영한다. 목록 permissions는 선택 서비스의 생성/업로드 권한이다. 생성/저장/복사/템플릿 캐시는 작업 권한을 저장하지 않는다. 삭제 조건의 canReadResponses는 현재 응답 조회 권한이며 checkDeletion은 실제 canPurge와 구분한다. 템플릿 GET은 현재 역할/grant/세션/전문가 배정/서비스 상태의 작업과 활성 생성 대상을 반환한다. 보관 서비스는 직접 구성원만 읽는다. 템플릿 삭제는 신규/회사 구성원 범위의 이전 생성 캐시 내용·요청 해시를 원자 제거하고 생성 재전송은410이다. 독립 생성 폼은 유지한다.",DELETE /forms/{id}는 공개 종료·보관 및 응답 보존. /deletion은 현재 삭제 사유·version을 반환한다. /purge는 현재 작성 권한·활성 서비스·If-Match와 전체 게시/승인/응답/공유/업로드/파일 참조를 검사해 미게시·미참조 초안만 영구 삭제한다. 연결 질문·선택지·문서 연결·즐겨찾기와 생성/복제/템플릿/저장 캐시 내용도 원자 제거하며 감사·게시 문서·독립 복사본은 보존한다. 삭제된 생성 키는 410.,"게시본 제자리 수정, 승인 우회 게시, 다른 서비스 템플릿 사용 금지."
DELETE,/forms/{id}/favorite,implemented,forms,form.read + service grant,현재 회사·서비스의 Form/Template/Publication. 목록/상세/삭제 시 현재 계정·세션·구성원·전문가·ServiceGrant를 transaction에서 재검사한다. 전문가는 현재 배정된 활성 서비스의 폼만 상세·목록·즐겨찾기에 접근한다.,OpenAPI path/query/header parameters; 9개 질문 타입·앞선 선택 질문의 유효한 조건 참조·행 ID/선택지·최소/최대 선택 수·정보주체/마케팅 연락처의 항상 표시·version·승인 revision·게시 token·멱등키를 검사한다. 초안 PATCH의 선택적 키는 저장/감사와 원자적으로 기록하고 재전송 전에 현재 권한/활성 서비스를 재검사한다. 복제 시 질문/행 ID와 조건/마케팅 참조를 새로 발급한다.,"204 본인 즐겨찾기 해제; 허용 폼 초안/게시본·질문·상태 DTO. 초안 PATCH는 과거 재전송 캐시를 포함해 공유 토큰을 제거한다. 공유 토큰 조회는 현재 form.publish 권한이 필요하다. 게시/승인/고정 URL 생성 재전송도 현재 계정/세션/전문가/서비스와 활성 상태를 검사한다. 승인/고정 URL 조회와 화면 권한은 현재 범위를 사용한다. 응답 원문은 별도 권한 API. 폼 목록은 공유 토큰을 제외하고 한국 날짜/즐겨찾기/정렬을 적용해 빈 목록 page=1, 범위 밖 page를 마지막 페이지로 보정한다. 목록/상세 GET의 actions는 현재 역할·서비스 grant·보관/가져오기 양식·공개 상태·만료를 반영한다. 목록 permissions는 선택 서비스의 생성/업로드 권한이다. 생성/저장/복사/템플릿 캐시는 작업 권한을 저장하지 않는다. 삭제 조건의 canReadResponses는 현재 응답 조회 권한이며 checkDeletion은 실제 canPurge와 구분한다. 템플릿 GET은 현재 역할/grant/세션/전문가 배정/서비스 상태의 작업과 활성 생성 대상을 반환한다. 보관 서비스는 직접 구성원만 읽는다. 템플릿 삭제는 신규/회사 구성원 범위의 이전 생성 캐시 내용·요청 해시를 원자 제거하고 생성 재전송은410이다. 독립 생성 폼은 유지한다.",DELETE /forms/{id}는 공개 종료·보관 및 응답 보존. /deletion은 현재 삭제 사유·version을 반환한다. /purge는 현재 작성 권한·활성 서비스·If-Match와 전체 게시/승인/응답/공유/업로드/파일 참조를 검사해 미게시·미참조 초안만 영구 삭제한다. 연결 질문·선택지·문서 연결·즐겨찾기와 생성/복제/템플릿/저장 캐시 내용도 원자 제거하며 감사·게시 문서·독립 복사본은 보존한다. 삭제된 생성 키는 410.,"게시본 제자리 수정, 승인 우회 게시, 다른 서비스 템플릿 사용 금지."
GET,/forms/{id}/submissions/export,implemented,form-submissions,submission.read + current tenant/service/user/session/expert grant,현재 회사·서비스·폼의 응답. 현재 사용자·세션·구성원·전문가 배정 및 submission.read grant를 transaction 안에서 재검사한다.,"OpenAPI path/query/header parameters; 상태·응답 ID 검색·제출 from 포함/to 제외 필터를 목록과 CSV에 동일하게 적용한다. 열람/내보내기 전에 응답 행을 잠그고 상태·보유 기한을 재검사한다. CSV는 5,000건·1,000열·20MB를 넘으면 413으로 거부하고 수식을 방어한다.",200 attachment CSV; private no-store; masked unavailable content; safe file names with file.read; 목록은 안전 DTO와 허용 현재 값. CSV는 게시 버전별 질문·행렬 행별 열과 복수 선택 JSON 배열을 제공한다. 만료·파기 중/완료 원문은 제외하며 파일 이름은 현재 file.read 권한에만 제공한다. CSV에 파일 ID·저장소 키·다운로드 링크·관리자 메모·과거 정정 원문을 포함하지 않는다.,조회/내보내기는 자료를 삭제하지 않는다. CSV 성공 시 원문·검색어 없이 건수·필터 사용 여부의 불변 감사 이벤트를 저장한다. 서버에 별도 원문 CSV 파일을 보관하지 않는다.,"다른 회사/서비스 또는 회수·만료 권한의 원문 내보내기, 숨겨진 답변 재노출, 보유 기한 종료/파기 원문·파일 링크 내보내기, 상한 초과 시 부분 파일·성공 감사 반환 금지."
POST,/submissions/{id}/withdraw,implemented,submissions,submission.write + service grant,현재 회사·서비스·폼의 Submission. 읽기/정정/파기 capability 분리.,OpenAPI requestBody schema; 답변의 게시 질문 소속·문자열/선택 배열/행 ID별 구조화한 행렬 타입·선택 수·현재 version·보유 기한·legal hold를 검사한다. 정정은 기존 답변과 합쳐 조건을 재검사하며 새로 표시된 필수 답변을 요구하고 숨겨진 현재 값을 비운다. 자동으로 비운 값도 암호화된 이력에 남긴다.,200 응답 상태 변경 withdraw; 권한/보유 상태별 마스킹 응답·변경 이력. 만료·파기 원문 제외.,"정정은 이벤트, 철회는 상태, 실제 삭제는 파기 작업·증명서로 처리.","과거 동의 증거 덮어쓰기, 파기 시작 뒤 원문 접근·캐시 재생 금지."
POST,/submissions/{id}/destruction-request,implemented,submissions,submission.destroy + service grant,현재 회사·서비스·폼의 Submission. 읽기/정정/파기 capability 분리.,OpenAPI requestBody schema; 답변의 게시 질문 소속·문자열/선택 배열/행 ID별 구조화한 행렬 타입·선택 수·현재 version·보유 기한·legal hold를 검사한다. 정정은 기존 답변과 합쳐 조건을 재검사하며 새로 표시된 필수 답변을 요구하고 숨겨진 현재 값을 비운다. 자동으로 비운 값도 암호화된 이력에 남긴다.,200 파기 요청 등록; 실제 파기 완료 아님; 권한/보유 상태별 마스킹 응답·변경 이력. 만료·파기 원문 제외.,"정정은 이벤트, 철회는 상태, 실제 삭제는 파기 작업·증명서로 처리.","과거 동의 증거 덮어쓰기, 파기 시작 뒤 원문 접근·캐시 재생 금지."
POST,/submissions/{id}/hold,implemented,submissions,submission.destroy + service grant,현재 회사·서비스·폼의 Submission. 읽기/정정/파기 capability 분리.,OpenAPI requestBody schema; 답변의 게시 질문 소속·문자열/선택 배열/행 ID별 구조화한 행렬 타입·선택 수·현재 version·보유 기한·legal hold를 검사한다. 정정은 기존 답변과 합쳐 조건을 재검사하며 새로 표시된 필수 답변을 요구하고 숨겨진 현재 값을 비운다. 자동으로 비운 값도 암호화된 이력에 남긴다.,200 응답 상태 변경 hold; 권한/보유 상태별 마스킹 응답·변경 이력. 만료·파기 원문 제외.,"정정은 이벤트, 철회는 상태, 실제 삭제는 파기 작업·증명서로 처리.","과거 동의 증거 덮어쓰기, 파기 시작 뒤 원문 접근·캐시 재생 금지."
POST,/submissions/{id}/notes,implemented,submissions,submission.write + service grant,현재 회사·서비스·폼의 Submission. 읽기/정정/파기 capability 분리.,OpenAPI requestBody schema; 답변의 게시 질문 소속·문자열/선택 배열/행 ID별 구조화한 행렬 타입·선택 수·현재 version·보유 기한·legal hold를 검사한다. 정정은 기존 답변과 합쳐 조건을 재검사하며 새로 표시된 필수 답변을 요구하고 숨겨진 현재 값을 비운다. 자동으로 비운 값도 암호화된 이력에 남긴다.,201 암호화 메모 생성; 권한/보유 상태별 마스킹 응답·변경 이력. 만료·파기 원문 제외.,"정정은 이벤트, 철회는 상태, 실제 삭제는 파기 작업·증명서로 처리.","과거 동의 증거 덮어쓰기, 파기 시작 뒤 원문 접근·캐시 재생 금지."
PATCH,/submissions/{id}/notes/{noteId},implemented,submissions,submission.write + service grant,현재 회사·서비스·폼의 Submission. 읽기/정정/파기 capability 분리.,OpenAPI requestBody schema; 답변의 게시 질문 소속·문자열/선택 배열/행 ID별 구조화한 행렬 타입·선택 수·현재 version·보유 기한·legal hold를 검사한다. 정정은 기존 답변과 합쳐 조건을 재검사하며 새로 표시된 필수 답변을 요구하고 숨겨진 현재 값을 비운다. 자동으로 비운 값도 암호화된 이력에 남긴다.,200 메모 변경; 권한/보유 상태별 마스킹 응답·변경 이력. 만료·파기 원문 제외.,"정정은 이벤트, 철회는 상태, 실제 삭제는 파기 작업·증명서로 처리.","과거 동의 증거 덮어쓰기, 파기 시작 뒤 원문 접근·캐시 재생 금지."
DELETE,/submissions/{id}/notes/{noteId},implemented,submissions,submission.write + service grant,현재 회사·서비스·폼의 Submission. 읽기/정정/파기 capability 분리.,OpenAPI path/query/header parameters; 답변의 게시 질문 소속·문자열/선택 배열/행 ID별 구조화한 행렬 타입·선택 수·현재 version·보유 기한·legal hold를 검사한다. 정정은 기존 답변과 합쳐 조건을 재검사하며 새로 표시된 필수 답변을 요구하고 숨겨진 현재 값을 비운다. 자동으로 비운 값도 암호화된 이력에 남긴다.,204 메모 물리 삭제 및 감사; 권한/보유 상태별 마스킹 응답·변경 이력. 만료·파기 원문 제외.,"정정은 이벤트, 철회는 상태, 실제 삭제는 파기 작업·증명서로 처리.","과거 동의 증거 덮어쓰기, 파기 시작 뒤 원문 접근·캐시 재생 금지."
PATCH,/submissions/{id}/retention,implemented,submissions,submission.destroy + current service grant + allowRetentionAdjustment,현재 회사·서비스·폼의 Submission. 읽기/정정/파기 capability 분리.,OpenAPI requestBody schema; 답변의 게시 질문 소속·문자열/선택 배열/행 ID별 구조화한 행렬 타입·선택 수·현재 version·보유 기한·legal hold를 검사한다. 정정은 기존 답변과 합쳐 조건을 재검사하며 새로 표시된 필수 답변을 요구하고 숨겨진 현재 값을 비운다. 자동으로 비운 값도 암호화된 이력에 남긴다.,200 만료 전 원래 동의 기한 이내로 보유 기한 변경; 보존 조치·진행 중 파기 거부; 권한/보유 상태별 마스킹 응답·변경 이력. 만료·파기 원문 제외.,"정정은 이벤트, 철회는 상태, 실제 삭제는 파기 작업·증명서로 처리.","과거 동의 증거 덮어쓰기, 파기 시작 뒤 원문 접근·캐시 재생 금지."
GET,/destruction-requests,implemented,destruction,submission.destroy + current service grant/session/expert scope,현재 회사·서비스의 보존/파기 정책과 요청. 승인 역할과 현재 grant 재검사.,OpenAPI path/query/header parameters; 보유 기한·예약 시각·상태·version·승인자·보존 조치·실제 삭제 결과를 확인한다.,200 현재 작업 권한·검색·정렬·페이지 보정을 포함한 파기 요청 이력; 중복/미지원 쿼리 거부; 진행 상태·파기 수량·무결성 증거. 삭제된 원문/파일 URL 제외.,정책은 버전/보관. 파기 요청은 취소·반려 상태; 원문은 실제 worker 삭제 후 증명.,"보존 조치 중 파기, 작업 202를 완료로 표시, 파기 후 원문 복원 금지."
POST,/destruction-requests/{id}/approve,implemented,destruction,submission.destroy + current service grant + active owner/admin,현재 회사·서비스의 보존/파기 정책과 요청. 승인 역할과 현재 grant 재검사.,OpenAPI requestBody schema; 보유 기한·예약 시각·상태·version·승인자·보존 조치·실제 삭제 결과를 확인한다.,200 보존 조치를 확인하고 파기 예약 승인; 실행 시 승인 권한 재검사; 진행 상태·파기 수량·무결성 증거. 삭제된 원문/파일 URL 제외.,정책은 버전/보관. 파기 요청은 취소·반려 상태; 원문은 실제 worker 삭제 후 증명.,"보존 조치 중 파기, 작업 202를 완료로 표시, 파기 후 원문 복원 금지."
POST,/destruction-requests/{id}/reject,implemented,destruction,submission.destroy + current service grant + active owner/admin,현재 회사·서비스의 보존/파기 정책과 요청. 승인 역할과 현재 grant 재검사.,OpenAPI requestBody schema; 보유 기한·예약 시각·상태·version·승인자·보존 조치·실제 삭제 결과를 확인한다.,200 실행 전 파기 요청 반려; 진행 상태·파기 수량·무결성 증거. 삭제된 원문/파일 URL 제외.,정책은 버전/보관. 파기 요청은 취소·반려 상태; 원문은 실제 worker 삭제 후 증명.,"보존 조치 중 파기, 작업 202를 완료로 표시, 파기 후 원문 복원 금지."
POST,/destruction-requests/{id}/cancel,implemented,destruction,submission.destroy + current service grant,현재 회사·서비스의 보존/파기 정책과 요청. 승인 역할과 현재 grant 재검사.,OpenAPI requestBody schema; 보유 기한·예약 시각·상태·version·승인자·보존 조치·실제 삭제 결과를 확인한다.,200 실행 전 파기 예약 취소; 만료된 원문 열람은 계속 차단; 진행 상태·파기 수량·무결성 증거. 삭제된 원문/파일 URL 제외.,정책은 버전/보관. 파기 요청은 취소·반려 상태; 원문은 실제 worker 삭제 후 증명.,"보존 조치 중 파기, 작업 202를 완료로 표시, 파기 후 원문 복원 금지."
POST,/destruction-requests/{id}/retry,implemented,destruction,submission.destroy + current service grant,현재 회사·서비스의 보존/파기 정책과 요청. 승인 역할과 현재 grant 재검사.,OpenAPI requestBody schema; 보유 기한·예약 시각·상태·version·승인자·보존 조치·실제 삭제 결과를 확인한다.,200 실패한 파기 재시도 허용; 시작된 원문 접근은 계속 차단; 진행 상태·파기 수량·무결성 증거. 삭제된 원문/파일 URL 제외.,정책은 버전/보관. 파기 요청은 취소·반려 상태; 원문은 실제 worker 삭제 후 증명.,"보존 조치 중 파기, 작업 202를 완료로 표시, 파기 후 원문 복원 금지."
POST,/destruction-requests/{id}/reschedule,implemented,destruction,submission.destroy + current service grant,현재 회사·서비스의 보존/파기 정책과 요청. 승인 역할과 현재 grant 재검사.,OpenAPI requestBody schema; 보유 기한·예약 시각·상태·version·승인자·보존 조치·실제 삭제 결과를 확인한다.,200 보유 기한 이내의 일정 변경과 기존 승인 무효화; 진행 상태·파기 수량·무결성 증거. 삭제된 원문/파일 URL 제외.,정책은 버전/보관. 파기 요청은 취소·반려 상태; 원문은 실제 worker 삭제 후 증명.,"보존 조치 중 파기, 작업 202를 완료로 표시, 파기 후 원문 복원 금지."
GET,/destruction-certificates,implemented,destruction,audit.read + current service grant/session/expert scope,현재 회사·서비스의 보존/파기 정책과 요청. 승인 역할과 현재 grant 재검사.,OpenAPI path/query/header parameters; 보유 기한·예약 시각·상태·version·승인자·보존 조치·실제 삭제 결과를 확인한다.,200 원문 삭제가 완료된 증명서 검색·정렬·페이지 보정; 연결된 본인인증/전자서명 삭제 건수; 진행 상태·파기 수량·무결성 증거. 삭제된 원문/파일 URL 제외.,정책은 버전/보관. 파기 요청은 취소·반려 상태; 원문은 실제 worker 삭제 후 증명.,"보존 조치 중 파기, 작업 202를 완료로 표시, 파기 후 원문 복원 금지."
GET,/destruction-certificates/{id},implemented,destruction,audit.read + current service grant,현재 회사·서비스의 보존/파기 정책과 요청. 승인 역할과 현재 grant 재검사.,OpenAPI path/query/header parameters; 보유 기한·예약 시각·상태·version·승인자·보존 조치·실제 삭제 결과를 확인한다.,200 현재 DB·비공개 파일 파기 수량과 HMAC 무결성; 백업·WAL·외부 사본 제외; 진행 상태·파기 수량·무결성 증거. 삭제된 원문/파일 URL 제외.,정책은 버전/보관. 파기 요청은 취소·반려 상태; 원문은 실제 worker 삭제 후 증명.,"보존 조치 중 파기, 작업 202를 완료로 표시, 파기 후 원문 복원 금지."
GET,/destruction-certificates/{id}/download,implemented,destruction,audit.read + current service grant,현재 회사·서비스의 보존/파기 정책과 요청. 승인 역할과 현재 grant 재검사.,OpenAPI path/query/header parameters; 보유 기한·예약 시각·상태·version·승인자·보존 조치·실제 삭제 결과를 확인한다.,"200 Content-Disposition: attachment; private,no-store; integrityVerified=true인 증명서; 진행 상태·파기 수량·무결성 증거. 삭제된 원문/파일 URL 제외.",정책은 버전/보관. 파기 요청은 취소·반려 상태; 원문은 실제 worker 삭제 후 증명.,"보존 조치 중 파기, 작업 202를 완료로 표시, 파기 후 원문 복원 금지."
GET,/public/urls/{slug},implemented,public-forms,active fixed URL,활성 공개 token에서 회사·서비스·게시 버전 범위를 도출하고 현재 회사/서비스/폼/게시 상태를 transaction 잠금으로 재확인한다. 조회·신규 접수·성공 재전송에 같은 공개 범위를 집행한다.,OpenAPI path/query/header parameters; token hash·만료·현재 게시 버전·응답 한도·질문 타입·행 ID별 단일/복수 선택과 선택 수·표시된 필수값·필수 동의·업로드 소유권·요청 제한을 검사한다. 숨겨진 질문의 비어 있지 않은 답변을 거부한다. 같은 키/다른 본문은 409며 정상 성공 재전송은 마지막 한도 소비 후에도 기존 ID만 반환한다. 최초 확인 후 잠금 대기 중 종료된 공개 상태는 410이다.,200 유효한 공개 폼 연결; 공개 당시 고정 질문/동의 문구와 안전한 제출 ID/시각/submitted 상태. 내부 관리자·게시/문서 버전 ID·토큰 암호문은 제외한다. 한도 도달 조회는 closed로 안내한다.,공개 URL은 관리자가 회수. 익명 직접 삭제 API 없음.,"GET 제출·GET 상태 변경, token만으로 관리자 권한 상승, 다른 폼 질문 제출, 종료/회수된 공개 요청의 캐시 성공 재노출, 실패 접수의 한도/응답/영수증/감사 부분 저장 금지."
GET,/members,implemented,members,member.manage,현재 회사의 Membership·Invitation. ServiceGrant는 같은 tenant 서비스만.,"OpenAPI path/query/header parameters; 역할 상한, 이메일 정규화, 서비스 ID, version·Idempotency-Key·초대 만료를 검사한다. 좌석은 활성 구성원과 유효 대기 초대를 합산하고 재발송·수락은 자기 예약을 제외한다. 기존 구성원은 빈 서비스 범위와 기존 보관 서비스 권한 유지·회수를 허용하고 새 초대는 활성 서비스가 필요하다. 수락과 메일 전달 직전에 계정·세션 또는 초대 세대·초대자 권한을 재검사한다.",200 회사 구성원 검색·상태·페이지 목록; 구성원 역할·허용 서비스·서비스 보관 상태·초대 상태. 초대 token hash/원문 제외.,구성원 제외는 권한·세션 회수 후 이력 보존. 초대 DELETE는 취소.,"마지막 owner 제거, 자기보다 높은 역할 부여, 초대받지 않은 이메일 수락, 회수한 보관 서비스 권한 재부여, 만료·이전 세대 초대 메일 전달 금지."
GET,/members/{id},implemented,members,member.manage,현재 회사의 Membership·Invitation. ServiceGrant는 같은 tenant 서비스만.,"OpenAPI path/query/header parameters; 역할 상한, 이메일 정규화, 서비스 ID, version·Idempotency-Key·초대 만료를 검사한다. 좌석은 활성 구성원과 유효 대기 초대를 합산하고 재발송·수락은 자기 예약을 제외한다. 기존 구성원은 빈 서비스 범위와 기존 보관 서비스 권한 유지·회수를 허용하고 새 초대는 활성 서비스가 필요하다. 수락과 메일 전달 직전에 계정·세션 또는 초대 세대·초대자 권한을 재검사한다.",200 회사 구성원 상세; 구성원 역할·허용 서비스·서비스 보관 상태·초대 상태. 초대 token hash/원문 제외.,구성원 제외는 권한·세션 회수 후 이력 보존. 초대 DELETE는 취소.,"마지막 owner 제거, 자기보다 높은 역할 부여, 초대받지 않은 이메일 수락, 회수한 보관 서비스 권한 재부여, 만료·이전 세대 초대 메일 전달 금지."
PATCH,/members/{id},implemented,members,member.manage + role ceiling,현재 회사의 Membership·Invitation. ServiceGrant는 같은 tenant 서비스만.,"OpenAPI requestBody schema; 역할 상한, 이메일 정규화, 서비스 ID, version·Idempotency-Key·초대 만료를 검사한다. 좌석은 활성 구성원과 유효 대기 초대를 합산하고 재발송·수락은 자기 예약을 제외한다. 기존 구성원은 빈 서비스 범위와 기존 보관 서비스 권한 유지·회수를 허용하고 새 초대는 활성 서비스가 필요하다. 수락과 메일 전달 직전에 계정·세션 또는 초대 세대·초대자 권한을 재검사한다.",200 역할·서비스 권한·정지 상태 변경; 구성원 역할·허용 서비스·서비스 보관 상태·초대 상태. 초대 token hash/원문 제외.,구성원 제외는 권한·세션 회수 후 이력 보존. 초대 DELETE는 취소.,"마지막 owner 제거, 자기보다 높은 역할 부여, 초대받지 않은 이메일 수락, 회수한 보관 서비스 권한 재부여, 만료·이전 세대 초대 메일 전달 금지."
DELETE,/members/{id},implemented,members,member.manage + role ceiling,현재 회사의 Membership·Invitation. ServiceGrant는 같은 tenant 서비스만.,"OpenAPI path/query/header parameters; 역할 상한, 이메일 정규화, 서비스 ID, version·Idempotency-Key·초대 만료를 검사한다. 좌석은 활성 구성원과 유효 대기 초대를 합산하고 재발송·수락은 자기 예약을 제외한다. 기존 구성원은 빈 서비스 범위와 기존 보관 서비스 권한 유지·회수를 허용하고 새 초대는 활성 서비스가 필요하다. 수락과 메일 전달 직전에 계정·세션 또는 초대 세대·초대자 권한을 재검사한다.",204 구성원 제외·권한/세션 회수; 기록 유지; 구성원 역할·허용 서비스·서비스 보관 상태·초대 상태. 초대 token hash/원문 제외.,구성원 제외는 권한·세션 회수 후 이력 보존. 초대 DELETE는 취소.,"마지막 owner 제거, 자기보다 높은 역할 부여, 초대받지 않은 이메일 수락, 회수한 보관 서비스 권한 재부여, 만료·이전 세대 초대 메일 전달 금지."
POST,/members/{id}/transfer,implemented,members,owner + current password,현재 회사의 Membership·Invitation. ServiceGrant는 같은 tenant 서비스만.,"OpenAPI requestBody schema; 역할 상한, 이메일 정규화, 서비스 ID, version·Idempotency-Key·초대 만료를 검사한다. 좌석은 활성 구성원과 유효 대기 초대를 합산하고 재발송·수락은 자기 예약을 제외한다. 기존 구성원은 빈 서비스 범위와 기존 보관 서비스 권한 유지·회수를 허용하고 새 초대는 활성 서비스가 필요하다. 수락과 메일 전달 직전에 계정·세션 또는 초대 세대·초대자 권한을 재검사한다.",200 소유권 이전; 마지막 소유자 DB 보호; 구성원 역할·허용 서비스·서비스 보관 상태·초대 상태. 초대 token hash/원문 제외.,구성원 제외는 권한·세션 회수 후 이력 보존. 초대 DELETE는 취소.,"마지막 owner 제거, 자기보다 높은 역할 부여, 초대받지 않은 이메일 수락, 회수한 보관 서비스 권한 재부여, 만료·이전 세대 초대 메일 전달 금지."
POST,/invitations/{id}/resend,implemented,members,member.manage + role ceiling,현재 회사의 Membership·Invitation. ServiceGrant는 같은 tenant 서비스만.,"OpenAPI requestBody schema; 역할 상한, 이메일 정규화, 서비스 ID, version·Idempotency-Key·초대 만료를 검사한다. 좌석은 활성 구성원과 유효 대기 초대를 합산하고 재발송·수락은 자기 예약을 제외한다. 기존 구성원은 빈 서비스 범위와 기존 보관 서비스 권한 유지·회수를 허용하고 새 초대는 활성 서비스가 필요하다. 수락과 메일 전달 직전에 계정·세션 또는 초대 세대·초대자 권한을 재검사한다.",200 토큰 교체와 초대 재발송; 구성원 역할·허용 서비스·서비스 보관 상태·초대 상태. 초대 token hash/원문 제외.,구성원 제외는 권한·세션 회수 후 이력 보존. 초대 DELETE는 취소.,"마지막 owner 제거, 자기보다 높은 역할 부여, 초대받지 않은 이메일 수락, 회수한 보관 서비스 권한 재부여, 만료·이전 세대 초대 메일 전달 금지."
POST,/invitations/preview,implemented,members,verified matching email,현재 회사의 Membership·Invitation. ServiceGrant는 같은 tenant 서비스만.,"OpenAPI requestBody schema; 역할 상한, 이메일 정규화, 서비스 ID, version·Idempotency-Key·초대 만료를 검사한다. 좌석은 활성 구성원과 유효 대기 초대를 합산하고 재발송·수락은 자기 예약을 제외한다. 기존 구성원은 빈 서비스 범위와 기존 보관 서비스 권한 유지·회수를 허용하고 새 초대는 활성 서비스가 필요하다. 수락과 메일 전달 직전에 계정·세션 또는 초대 세대·초대자 권한을 재검사한다.",200 초대 미리보기; 토큰을 URL 조회 API에 전달하지 않음; 구성원 역할·허용 서비스·서비스 보관 상태·초대 상태. 초대 token hash/원문 제외.,구성원 제외는 권한·세션 회수 후 이력 보존. 초대 DELETE는 취소.,"마지막 owner 제거, 자기보다 높은 역할 부여, 초대받지 않은 이메일 수락, 회수한 보관 서비스 권한 재부여, 만료·이전 세대 초대 메일 전달 금지."
POST,/invitations/accept,implemented,members,verified matching email,현재 회사의 Membership·Invitation. ServiceGrant는 같은 tenant 서비스만.,"OpenAPI requestBody schema; 역할 상한, 이메일 정규화, 서비스 ID, version·Idempotency-Key·초대 만료를 검사한다. 좌석은 활성 구성원과 유효 대기 초대를 합산하고 재발송·수락은 자기 예약을 제외한다. 기존 구성원은 빈 서비스 범위와 기존 보관 서비스 권한 유지·회수를 허용하고 새 초대는 활성 서비스가 필요하다. 수락과 메일 전달 직전에 계정·세션 또는 초대 세대·초대자 권한을 재검사한다.",200 초대 한 번 소비·소속/서비스 권한 생성; 구성원 역할·허용 서비스·서비스 보관 상태·초대 상태. 초대 token hash/원문 제외.,구성원 제외는 권한·세션 회수 후 이력 보존. 초대 DELETE는 취소.,"마지막 owner 제거, 자기보다 높은 역할 부여, 초대받지 않은 이메일 수락, 회수한 보관 서비스 권한 재부여, 만료·이전 세대 초대 메일 전달 금지."
GET,/templates,implemented,forms,form.read + service grant,현재 회사·서비스의 Form/Template/Publication. 목록/상세/삭제 시 현재 계정·세션·구성원·전문가·ServiceGrant를 transaction에서 재검사한다. 전문가는 현재 배정된 활성 서비스의 폼만 상세·목록·즐겨찾기에 접근한다.,OpenAPI path/query/header parameters; 9개 질문 타입·앞선 선택 질문의 유효한 조건 참조·행 ID/선택지·최소/최대 선택 수·정보주체/마케팅 연락처의 항상 표시·version·승인 revision·게시 token·멱등키를 검사한다. 초안 PATCH의 선택적 키는 저장/감사와 원자적으로 기록하고 재전송 전에 현재 권한/활성 서비스를 재검사한다. 복제 시 질문/행 ID와 조건/마케팅 참조를 새로 발급한다.,"200 현재 권한 검사 후 조회; 허용 폼 초안/게시본·질문·상태 DTO. 초안 PATCH는 과거 재전송 캐시를 포함해 공유 토큰을 제거한다. 공유 토큰 조회는 현재 form.publish 권한이 필요하다. 게시/승인/고정 URL 생성 재전송도 현재 계정/세션/전문가/서비스와 활성 상태를 검사한다. 승인/고정 URL 조회와 화면 권한은 현재 범위를 사용한다. 응답 원문은 별도 권한 API. 폼 목록은 공유 토큰을 제외하고 한국 날짜/즐겨찾기/정렬을 적용해 빈 목록 page=1, 범위 밖 page를 마지막 페이지로 보정한다. 목록/상세 GET의 actions는 현재 역할·서비스 grant·보관/가져오기 양식·공개 상태·만료를 반영한다. 목록 permissions는 선택 서비스의 생성/업로드 권한이다. 생성/저장/복사/템플릿 캐시는 작업 권한을 저장하지 않는다. 삭제 조건의 canReadResponses는 현재 응답 조회 권한이며 checkDeletion은 실제 canPurge와 구분한다. 템플릿 GET은 현재 역할/grant/세션/전문가 배정/서비스 상태의 작업과 활성 생성 대상을 반환한다. 보관 서비스는 직접 구성원만 읽는다. 템플릿 삭제는 신규/회사 구성원 범위의 이전 생성 캐시 내용·요청 해시를 원자 제거하고 생성 재전송은410이다. 독립 생성 폼은 유지한다.",DELETE /forms/{id}는 공개 종료·보관 및 응답 보존. /deletion은 현재 삭제 사유·version을 반환한다. /purge는 현재 작성 권한·활성 서비스·If-Match와 전체 게시/승인/응답/공유/업로드/파일 참조를 검사해 미게시·미참조 초안만 영구 삭제한다. 연결 질문·선택지·문서 연결·즐겨찾기와 생성/복제/템플릿/저장 캐시 내용도 원자 제거하며 감사·게시 문서·독립 복사본은 보존한다. 삭제된 생성 키는 410.,"게시본 제자리 수정, 승인 우회 게시, 다른 서비스 템플릿 사용 금지."
POST,/templates,implemented,forms,form.write + service grant,현재 회사·서비스의 Form/Template/Publication. 목록/상세/삭제 시 현재 계정·세션·구성원·전문가·ServiceGrant를 transaction에서 재검사한다. 전문가는 현재 배정된 활성 서비스의 폼만 상세·목록·즐겨찾기에 접근한다.,OpenAPI requestBody schema; 9개 질문 타입·앞선 선택 질문의 유효한 조건 참조·행 ID/선택지·최소/최대 선택 수·정보주체/마케팅 연락처의 항상 표시·version·승인 revision·게시 token·멱등키를 검사한다. 초안 PATCH의 선택적 키는 저장/감사와 원자적으로 기록하고 재전송 전에 현재 권한/활성 서비스를 재검사한다. 복제 시 질문/행 ID와 조건/마케팅 참조를 새로 발급한다.,"201 완전한 질문·동의·설정 템플릿 생성; 허용 폼 초안/게시본·질문·상태 DTO. 초안 PATCH는 과거 재전송 캐시를 포함해 공유 토큰을 제거한다. 공유 토큰 조회는 현재 form.publish 권한이 필요하다. 게시/승인/고정 URL 생성 재전송도 현재 계정/세션/전문가/서비스와 활성 상태를 검사한다. 승인/고정 URL 조회와 화면 권한은 현재 범위를 사용한다. 응답 원문은 별도 권한 API. 폼 목록은 공유 토큰을 제외하고 한국 날짜/즐겨찾기/정렬을 적용해 빈 목록 page=1, 범위 밖 page를 마지막 페이지로 보정한다. 목록/상세 GET의 actions는 현재 역할·서비스 grant·보관/가져오기 양식·공개 상태·만료를 반영한다. 목록 permissions는 선택 서비스의 생성/업로드 권한이다. 생성/저장/복사/템플릿 캐시는 작업 권한을 저장하지 않는다. 삭제 조건의 canReadResponses는 현재 응답 조회 권한이며 checkDeletion은 실제 canPurge와 구분한다. 템플릿 GET은 현재 역할/grant/세션/전문가 배정/서비스 상태의 작업과 활성 생성 대상을 반환한다. 보관 서비스는 직접 구성원만 읽는다. 템플릿 삭제는 신규/회사 구성원 범위의 이전 생성 캐시 내용·요청 해시를 원자 제거하고 생성 재전송은410이다. 독립 생성 폼은 유지한다.",DELETE /forms/{id}는 공개 종료·보관 및 응답 보존. /deletion은 현재 삭제 사유·version을 반환한다. /purge는 현재 작성 권한·활성 서비스·If-Match와 전체 게시/승인/응답/공유/업로드/파일 참조를 검사해 미게시·미참조 초안만 영구 삭제한다. 연결 질문·선택지·문서 연결·즐겨찾기와 생성/복제/템플릿/저장 캐시 내용도 원자 제거하며 감사·게시 문서·독립 복사본은 보존한다. 삭제된 생성 키는 410.,"게시본 제자리 수정, 승인 우회 게시, 다른 서비스 템플릿 사용 금지."
GET,/templates/{id},implemented,forms,form.read + service grant,현재 회사·서비스의 Form/Template/Publication. 목록/상세/삭제 시 현재 계정·세션·구성원·전문가·ServiceGrant를 transaction에서 재검사한다. 전문가는 현재 배정된 활성 서비스의 폼만 상세·목록·즐겨찾기에 접근한다.,OpenAPI path/query/header parameters; 9개 질문 타입·앞선 선택 질문의 유효한 조건 참조·행 ID/선택지·최소/최대 선택 수·정보주체/마케팅 연락처의 항상 표시·version·승인 revision·게시 token·멱등키를 검사한다. 초안 PATCH의 선택적 키는 저장/감사와 원자적으로 기록하고 재전송 전에 현재 권한/활성 서비스를 재검사한다. 복제 시 질문/행 ID와 조건/마케팅 참조를 새로 발급한다.,"200 현재 권한 검사 후 조회; 허용 폼 초안/게시본·질문·상태 DTO. 초안 PATCH는 과거 재전송 캐시를 포함해 공유 토큰을 제거한다. 공유 토큰 조회는 현재 form.publish 권한이 필요하다. 게시/승인/고정 URL 생성 재전송도 현재 계정/세션/전문가/서비스와 활성 상태를 검사한다. 승인/고정 URL 조회와 화면 권한은 현재 범위를 사용한다. 응답 원문은 별도 권한 API. 폼 목록은 공유 토큰을 제외하고 한국 날짜/즐겨찾기/정렬을 적용해 빈 목록 page=1, 범위 밖 page를 마지막 페이지로 보정한다. 목록/상세 GET의 actions는 현재 역할·서비스 grant·보관/가져오기 양식·공개 상태·만료를 반영한다. 목록 permissions는 선택 서비스의 생성/업로드 권한이다. 생성/저장/복사/템플릿 캐시는 작업 권한을 저장하지 않는다. 삭제 조건의 canReadResponses는 현재 응답 조회 권한이며 checkDeletion은 실제 canPurge와 구분한다. 템플릿 GET은 현재 역할/grant/세션/전문가 배정/서비스 상태의 작업과 활성 생성 대상을 반환한다. 보관 서비스는 직접 구성원만 읽는다. 템플릿 삭제는 신규/회사 구성원 범위의 이전 생성 캐시 내용·요청 해시를 원자 제거하고 생성 재전송은410이다. 독립 생성 폼은 유지한다.",DELETE /forms/{id}는 공개 종료·보관 및 응답 보존. /deletion은 현재 삭제 사유·version을 반환한다. /purge는 현재 작성 권한·활성 서비스·If-Match와 전체 게시/승인/응답/공유/업로드/파일 참조를 검사해 미게시·미참조 초안만 영구 삭제한다. 연결 질문·선택지·문서 연결·즐겨찾기와 생성/복제/템플릿/저장 캐시 내용도 원자 제거하며 감사·게시 문서·독립 복사본은 보존한다. 삭제된 생성 키는 410.,"게시본 제자리 수정, 승인 우회 게시, 다른 서비스 템플릿 사용 금지."
PATCH,/templates/{id},implemented,forms,form.write + service grant; public read-only,현재 회사·서비스의 Form/Template/Publication. 목록/상세/삭제 시 현재 계정·세션·구성원·전문가·ServiceGrant를 transaction에서 재검사한다. 전문가는 현재 배정된 활성 서비스의 폼만 상세·목록·즐겨찾기에 접근한다.,OpenAPI requestBody schema; 9개 질문 타입·앞선 선택 질문의 유효한 조건 참조·행 ID/선택지·최소/최대 선택 수·정보주체/마케팅 연락처의 항상 표시·version·승인 revision·게시 token·멱등키를 검사한다. 초안 PATCH의 선택적 키는 저장/감사와 원자적으로 기록하고 재전송 전에 현재 권한/활성 서비스를 재검사한다. 복제 시 질문/행 ID와 조건/마케팅 참조를 새로 발급한다.,"200 템플릿 편집; 허용 폼 초안/게시본·질문·상태 DTO. 초안 PATCH는 과거 재전송 캐시를 포함해 공유 토큰을 제거한다. 공유 토큰 조회는 현재 form.publish 권한이 필요하다. 게시/승인/고정 URL 생성 재전송도 현재 계정/세션/전문가/서비스와 활성 상태를 검사한다. 승인/고정 URL 조회와 화면 권한은 현재 범위를 사용한다. 응답 원문은 별도 권한 API. 폼 목록은 공유 토큰을 제외하고 한국 날짜/즐겨찾기/정렬을 적용해 빈 목록 page=1, 범위 밖 page를 마지막 페이지로 보정한다. 목록/상세 GET의 actions는 현재 역할·서비스 grant·보관/가져오기 양식·공개 상태·만료를 반영한다. 목록 permissions는 선택 서비스의 생성/업로드 권한이다. 생성/저장/복사/템플릿 캐시는 작업 권한을 저장하지 않는다. 삭제 조건의 canReadResponses는 현재 응답 조회 권한이며 checkDeletion은 실제 canPurge와 구분한다. 템플릿 GET은 현재 역할/grant/세션/전문가 배정/서비스 상태의 작업과 활성 생성 대상을 반환한다. 보관 서비스는 직접 구성원만 읽는다. 템플릿 삭제는 신규/회사 구성원 범위의 이전 생성 캐시 내용·요청 해시를 원자 제거하고 생성 재전송은410이다. 독립 생성 폼은 유지한다.",DELETE /forms/{id}는 공개 종료·보관 및 응답 보존. /deletion은 현재 삭제 사유·version을 반환한다. /purge는 현재 작성 권한·활성 서비스·If-Match와 전체 게시/승인/응답/공유/업로드/파일 참조를 검사해 미게시·미참조 초안만 영구 삭제한다. 연결 질문·선택지·문서 연결·즐겨찾기와 생성/복제/템플릿/저장 캐시 내용도 원자 제거하며 감사·게시 문서·독립 복사본은 보존한다. 삭제된 생성 키는 410.,"게시본 제자리 수정, 승인 우회 게시, 다른 서비스 템플릿 사용 금지."
DELETE,/templates/{id},implemented,forms,form.write + service grant; public read-only,현재 회사·서비스의 Form/Template/Publication. 목록/상세/삭제 시 현재 계정·세션·구성원·전문가·ServiceGrant를 transaction에서 재검사한다. 전문가는 현재 배정된 활성 서비스의 폼만 상세·목록·즐겨찾기에 접근한다.,OpenAPI path/query/header parameters; 9개 질문 타입·앞선 선택 질문의 유효한 조건 참조·행 ID/선택지·최소/최대 선택 수·정보주체/마케팅 연락처의 항상 표시·version·승인 revision·게시 token·멱등키를 검사한다. 초안 PATCH의 선택적 키는 저장/감사와 원자적으로 기록하고 재전송 전에 현재 권한/활성 서비스를 재검사한다. 복제 시 질문/행 ID와 조건/마케팅 참조를 새로 발급한다.,"204 템플릿 물리 삭제; 기존 복제 폼 유지; 허용 폼 초안/게시본·질문·상태 DTO. 초안 PATCH는 과거 재전송 캐시를 포함해 공유 토큰을 제거한다. 공유 토큰 조회는 현재 form.publish 권한이 필요하다. 게시/승인/고정 URL 생성 재전송도 현재 계정/세션/전문가/서비스와 활성 상태를 검사한다. 승인/고정 URL 조회와 화면 권한은 현재 범위를 사용한다. 응답 원문은 별도 권한 API. 폼 목록은 공유 토큰을 제외하고 한국 날짜/즐겨찾기/정렬을 적용해 빈 목록 page=1, 범위 밖 page를 마지막 페이지로 보정한다. 목록/상세 GET의 actions는 현재 역할·서비스 grant·보관/가져오기 양식·공개 상태·만료를 반영한다. 목록 permissions는 선택 서비스의 생성/업로드 권한이다. 생성/저장/복사/템플릿 캐시는 작업 권한을 저장하지 않는다. 삭제 조건의 canReadResponses는 현재 응답 조회 권한이며 checkDeletion은 실제 canPurge와 구분한다. 템플릿 GET은 현재 역할/grant/세션/전문가 배정/서비스 상태의 작업과 활성 생성 대상을 반환한다. 보관 서비스는 직접 구성원만 읽는다. 템플릿 삭제는 신규/회사 구성원 범위의 이전 생성 캐시 내용·요청 해시를 원자 제거하고 생성 재전송은410이다. 독립 생성 폼은 유지한다.",DELETE /forms/{id}는 공개 종료·보관 및 응답 보존. /deletion은 현재 삭제 사유·version을 반환한다. /purge는 현재 작성 권한·활성 서비스·If-Match와 전체 게시/승인/응답/공유/업로드/파일 참조를 검사해 미게시·미참조 초안만 영구 삭제한다. 연결 질문·선택지·문서 연결·즐겨찾기와 생성/복제/템플릿/저장 캐시 내용도 원자 제거하며 감사·게시 문서·독립 복사본은 보존한다. 삭제된 생성 키는 410.,"게시본 제자리 수정, 승인 우회 게시, 다른 서비스 템플릿 사용 금지."
POST,/templates/{id}/use,implemented,forms,form.write + target service grant,현재 회사·서비스의 Form/Template/Publication. 목록/상세/삭제 시 현재 계정·세션·구성원·전문가·ServiceGrant를 transaction에서 재검사한다. 전문가는 현재 배정된 활성 서비스의 폼만 상세·목록·즐겨찾기에 접근한다.,OpenAPI requestBody schema; 9개 질문 타입·앞선 선택 질문의 유효한 조건 참조·행 ID/선택지·최소/최대 선택 수·정보주체/마케팅 연락처의 항상 표시·version·승인 revision·게시 token·멱등키를 검사한다. 초안 PATCH의 선택적 키는 저장/감사와 원자적으로 기록하고 재전송 전에 현재 권한/활성 서비스를 재검사한다. 복제 시 질문/행 ID와 조건/마케팅 참조를 새로 발급한다.,"201 전체 내용 복제와 새 질문 ID 생성; 허용 폼 초안/게시본·질문·상태 DTO. 초안 PATCH는 과거 재전송 캐시를 포함해 공유 토큰을 제거한다. 공유 토큰 조회는 현재 form.publish 권한이 필요하다. 게시/승인/고정 URL 생성 재전송도 현재 계정/세션/전문가/서비스와 활성 상태를 검사한다. 승인/고정 URL 조회와 화면 권한은 현재 범위를 사용한다. 응답 원문은 별도 권한 API. 폼 목록은 공유 토큰을 제외하고 한국 날짜/즐겨찾기/정렬을 적용해 빈 목록 page=1, 범위 밖 page를 마지막 페이지로 보정한다. 목록/상세 GET의 actions는 현재 역할·서비스 grant·보관/가져오기 양식·공개 상태·만료를 반영한다. 목록 permissions는 선택 서비스의 생성/업로드 권한이다. 생성/저장/복사/템플릿 캐시는 작업 권한을 저장하지 않는다. 삭제 조건의 canReadResponses는 현재 응답 조회 권한이며 checkDeletion은 실제 canPurge와 구분한다. 템플릿 GET은 현재 역할/grant/세션/전문가 배정/서비스 상태의 작업과 활성 생성 대상을 반환한다. 보관 서비스는 직접 구성원만 읽는다. 템플릿 삭제는 신규/회사 구성원 범위의 이전 생성 캐시 내용·요청 해시를 원자 제거하고 생성 재전송은410이다. 독립 생성 폼은 유지한다.",DELETE /forms/{id}는 공개 종료·보관 및 응답 보존. /deletion은 현재 삭제 사유·version을 반환한다. /purge는 현재 작성 권한·활성 서비스·If-Match와 전체 게시/승인/응답/공유/업로드/파일 참조를 검사해 미게시·미참조 초안만 영구 삭제한다. 연결 질문·선택지·문서 연결·즐겨찾기와 생성/복제/템플릿/저장 캐시 내용도 원자 제거하며 감사·게시 문서·독립 복사본은 보존한다. 삭제된 생성 키는 410.,"게시본 제자리 수정, 승인 우회 게시, 다른 서비스 템플릿 사용 금지."
GET,/forms/{id}/approvals,implemented,forms,form.read + service grant,현재 회사·서비스의 Form/Template/Publication. 목록/상세/삭제 시 현재 계정·세션·구성원·전문가·ServiceGrant를 transaction에서 재검사한다. 전문가는 현재 배정된 활성 서비스의 폼만 상세·목록·즐겨찾기에 접근한다.,OpenAPI path/query/header parameters; 9개 질문 타입·앞선 선택 질문의 유효한 조건 참조·행 ID/선택지·최소/최대 선택 수·정보주체/마케팅 연락처의 항상 표시·version·승인 revision·게시 token·멱등키를 검사한다. 초안 PATCH의 선택적 키는 저장/감사와 원자적으로 기록하고 재전송 전에 현재 권한/활성 서비스를 재검사한다. 복제 시 질문/행 ID와 조건/마케팅 참조를 새로 발급한다.,"200 승인 이력·검토본·현재 승인 정책 및 권한; 허용 폼 초안/게시본·질문·상태 DTO. 초안 PATCH는 과거 재전송 캐시를 포함해 공유 토큰을 제거한다. 공유 토큰 조회는 현재 form.publish 권한이 필요하다. 게시/승인/고정 URL 생성 재전송도 현재 계정/세션/전문가/서비스와 활성 상태를 검사한다. 승인/고정 URL 조회와 화면 권한은 현재 범위를 사용한다. 응답 원문은 별도 권한 API. 폼 목록은 공유 토큰을 제외하고 한국 날짜/즐겨찾기/정렬을 적용해 빈 목록 page=1, 범위 밖 page를 마지막 페이지로 보정한다. 목록/상세 GET의 actions는 현재 역할·서비스 grant·보관/가져오기 양식·공개 상태·만료를 반영한다. 목록 permissions는 선택 서비스의 생성/업로드 권한이다. 생성/저장/복사/템플릿 캐시는 작업 권한을 저장하지 않는다. 삭제 조건의 canReadResponses는 현재 응답 조회 권한이며 checkDeletion은 실제 canPurge와 구분한다. 템플릿 GET은 현재 역할/grant/세션/전문가 배정/서비스 상태의 작업과 활성 생성 대상을 반환한다. 보관 서비스는 직접 구성원만 읽는다. 템플릿 삭제는 신규/회사 구성원 범위의 이전 생성 캐시 내용·요청 해시를 원자 제거하고 생성 재전송은410이다. 독립 생성 폼은 유지한다.",DELETE /forms/{id}는 공개 종료·보관 및 응답 보존. /deletion은 현재 삭제 사유·version을 반환한다. /purge는 현재 작성 권한·활성 서비스·If-Match와 전체 게시/승인/응답/공유/업로드/파일 참조를 검사해 미게시·미참조 초안만 영구 삭제한다. 연결 질문·선택지·문서 연결·즐겨찾기와 생성/복제/템플릿/저장 캐시 내용도 원자 제거하며 감사·게시 문서·독립 복사본은 보존한다. 삭제된 생성 키는 410.,"게시본 제자리 수정, 승인 우회 게시, 다른 서비스 템플릿 사용 금지."
POST,/forms/{id}/approvals,implemented,forms,form.write + service grant,현재 회사·서비스의 Form/Template/Publication. 목록/상세/삭제 시 현재 계정·세션·구성원·전문가·ServiceGrant를 transaction에서 재검사한다. 전문가는 현재 배정된 활성 서비스의 폼만 상세·목록·즐겨찾기에 접근한다.,OpenAPI requestBody schema; 9개 질문 타입·앞선 선택 질문의 유효한 조건 참조·행 ID/선택지·최소/최대 선택 수·정보주체/마케팅 연락처의 항상 표시·version·승인 revision·게시 token·멱등키를 검사한다. 초안 PATCH의 선택적 키는 저장/감사와 원자적으로 기록하고 재전송 전에 현재 권한/활성 서비스를 재검사한다. 복제 시 질문/행 ID와 조건/마케팅 참조를 새로 발급한다.,"201 현재 초안의 전체 검토본을 고정하고 승인 요청; 허용 폼 초안/게시본·질문·상태 DTO. 초안 PATCH는 과거 재전송 캐시를 포함해 공유 토큰을 제거한다. 공유 토큰 조회는 현재 form.publish 권한이 필요하다. 게시/승인/고정 URL 생성 재전송도 현재 계정/세션/전문가/서비스와 활성 상태를 검사한다. 승인/고정 URL 조회와 화면 권한은 현재 범위를 사용한다. 응답 원문은 별도 권한 API. 폼 목록은 공유 토큰을 제외하고 한국 날짜/즐겨찾기/정렬을 적용해 빈 목록 page=1, 범위 밖 page를 마지막 페이지로 보정한다. 목록/상세 GET의 actions는 현재 역할·서비스 grant·보관/가져오기 양식·공개 상태·만료를 반영한다. 목록 permissions는 선택 서비스의 생성/업로드 권한이다. 생성/저장/복사/템플릿 캐시는 작업 권한을 저장하지 않는다. 삭제 조건의 canReadResponses는 현재 응답 조회 권한이며 checkDeletion은 실제 canPurge와 구분한다. 템플릿 GET은 현재 역할/grant/세션/전문가 배정/서비스 상태의 작업과 활성 생성 대상을 반환한다. 보관 서비스는 직접 구성원만 읽는다. 템플릿 삭제는 신규/회사 구성원 범위의 이전 생성 캐시 내용·요청 해시를 원자 제거하고 생성 재전송은410이다. 독립 생성 폼은 유지한다.",DELETE /forms/{id}는 공개 종료·보관 및 응답 보존. /deletion은 현재 삭제 사유·version을 반환한다. /purge는 현재 작성 권한·활성 서비스·If-Match와 전체 게시/승인/응답/공유/업로드/파일 참조를 검사해 미게시·미참조 초안만 영구 삭제한다. 연결 질문·선택지·문서 연결·즐겨찾기와 생성/복제/템플릿/저장 캐시 내용도 원자 제거하며 감사·게시 문서·독립 복사본은 보존한다. 삭제된 생성 키는 410.,"게시본 제자리 수정, 승인 우회 게시, 다른 서비스 템플릿 사용 금지."
GET,/approvals,implemented,forms,form.read + service grant,현재 회사·서비스의 Form/Template/Publication. 목록/상세/삭제 시 현재 계정·세션·구성원·전문가·ServiceGrant를 transaction에서 재검사한다. 전문가는 현재 배정된 활성 서비스의 폼만 상세·목록·즐겨찾기에 접근한다.,OpenAPI path/query/header parameters; 9개 질문 타입·앞선 선택 질문의 유효한 조건 참조·행 ID/선택지·최소/최대 선택 수·정보주체/마케팅 연락처의 항상 표시·version·승인 revision·게시 token·멱등키를 검사한다. 초안 PATCH의 선택적 키는 저장/감사와 원자적으로 기록하고 재전송 전에 현재 권한/활성 서비스를 재검사한다. 복제 시 질문/행 ID와 조건/마케팅 참조를 새로 발급한다.,"200 서비스·제목·상태별 승인 이력과 페이지 목록; 허용 폼 초안/게시본·질문·상태 DTO. 초안 PATCH는 과거 재전송 캐시를 포함해 공유 토큰을 제거한다. 공유 토큰 조회는 현재 form.publish 권한이 필요하다. 게시/승인/고정 URL 생성 재전송도 현재 계정/세션/전문가/서비스와 활성 상태를 검사한다. 승인/고정 URL 조회와 화면 권한은 현재 범위를 사용한다. 응답 원문은 별도 권한 API. 폼 목록은 공유 토큰을 제외하고 한국 날짜/즐겨찾기/정렬을 적용해 빈 목록 page=1, 범위 밖 page를 마지막 페이지로 보정한다. 목록/상세 GET의 actions는 현재 역할·서비스 grant·보관/가져오기 양식·공개 상태·만료를 반영한다. 목록 permissions는 선택 서비스의 생성/업로드 권한이다. 생성/저장/복사/템플릿 캐시는 작업 권한을 저장하지 않는다. 삭제 조건의 canReadResponses는 현재 응답 조회 권한이며 checkDeletion은 실제 canPurge와 구분한다. 템플릿 GET은 현재 역할/grant/세션/전문가 배정/서비스 상태의 작업과 활성 생성 대상을 반환한다. 보관 서비스는 직접 구성원만 읽는다. 템플릿 삭제는 신규/회사 구성원 범위의 이전 생성 캐시 내용·요청 해시를 원자 제거하고 생성 재전송은410이다. 독립 생성 폼은 유지한다.",DELETE /forms/{id}는 공개 종료·보관 및 응답 보존. /deletion은 현재 삭제 사유·version을 반환한다. /purge는 현재 작성 권한·활성 서비스·If-Match와 전체 게시/승인/응답/공유/업로드/파일 참조를 검사해 미게시·미참조 초안만 영구 삭제한다. 연결 질문·선택지·문서 연결·즐겨찾기와 생성/복제/템플릿/저장 캐시 내용도 원자 제거하며 감사·게시 문서·독립 복사본은 보존한다. 삭제된 생성 키는 410.,"게시본 제자리 수정, 승인 우회 게시, 다른 서비스 템플릿 사용 금지."
GET,/approvals/{id},implemented,forms,form.read + service grant,현재 회사·서비스의 Form/Template/Publication. 목록/상세/삭제 시 현재 계정·세션·구성원·전문가·ServiceGrant를 transaction에서 재검사한다. 전문가는 현재 배정된 활성 서비스의 폼만 상세·목록·즐겨찾기에 접근한다.,OpenAPI path/query/header parameters; 9개 질문 타입·앞선 선택 질문의 유효한 조건 참조·행 ID/선택지·최소/최대 선택 수·정보주체/마케팅 연락처의 항상 표시·version·승인 revision·게시 token·멱등키를 검사한다. 초안 PATCH의 선택적 키는 저장/감사와 원자적으로 기록하고 재전송 전에 현재 권한/활성 서비스를 재검사한다. 복제 시 질문/행 ID와 조건/마케팅 참조를 새로 발급한다.,"200 요청·결정 내용과 검토 당시 질문/설정; 허용 폼 초안/게시본·질문·상태 DTO. 초안 PATCH는 과거 재전송 캐시를 포함해 공유 토큰을 제거한다. 공유 토큰 조회는 현재 form.publish 권한이 필요하다. 게시/승인/고정 URL 생성 재전송도 현재 계정/세션/전문가/서비스와 활성 상태를 검사한다. 승인/고정 URL 조회와 화면 권한은 현재 범위를 사용한다. 응답 원문은 별도 권한 API. 폼 목록은 공유 토큰을 제외하고 한국 날짜/즐겨찾기/정렬을 적용해 빈 목록 page=1, 범위 밖 page를 마지막 페이지로 보정한다. 목록/상세 GET의 actions는 현재 역할·서비스 grant·보관/가져오기 양식·공개 상태·만료를 반영한다. 목록 permissions는 선택 서비스의 생성/업로드 권한이다. 생성/저장/복사/템플릿 캐시는 작업 권한을 저장하지 않는다. 삭제 조건의 canReadResponses는 현재 응답 조회 권한이며 checkDeletion은 실제 canPurge와 구분한다. 템플릿 GET은 현재 역할/grant/세션/전문가 배정/서비스 상태의 작업과 활성 생성 대상을 반환한다. 보관 서비스는 직접 구성원만 읽는다. 템플릿 삭제는 신규/회사 구성원 범위의 이전 생성 캐시 내용·요청 해시를 원자 제거하고 생성 재전송은410이다. 독립 생성 폼은 유지한다.",DELETE /forms/{id}는 공개 종료·보관 및 응답 보존. /deletion은 현재 삭제 사유·version을 반환한다. /purge는 현재 작성 권한·활성 서비스·If-Match와 전체 게시/승인/응답/공유/업로드/파일 참조를 검사해 미게시·미참조 초안만 영구 삭제한다. 연결 질문·선택지·문서 연결·즐겨찾기와 생성/복제/템플릿/저장 캐시 내용도 원자 제거하며 감사·게시 문서·독립 복사본은 보존한다. 삭제된 생성 키는 410.,"게시본 제자리 수정, 승인 우회 게시, 다른 서비스 템플릿 사용 금지."
DELETE,/approvals/{id},implemented,forms,requester or owner + form.write + service grant,현재 회사·서비스의 Form/Template/Publication. 목록/상세/삭제 시 현재 계정·세션·구성원·전문가·ServiceGrant를 transaction에서 재검사한다. 전문가는 현재 배정된 활성 서비스의 폼만 상세·목록·즐겨찾기에 접근한다.,OpenAPI requestBody schema; 9개 질문 타입·앞선 선택 질문의 유효한 조건 참조·행 ID/선택지·최소/최대 선택 수·정보주체/마케팅 연락처의 항상 표시·version·승인 revision·게시 token·멱등키를 검사한다. 초안 PATCH의 선택적 키는 저장/감사와 원자적으로 기록하고 재전송 전에 현재 권한/활성 서비스를 재검사한다. 복제 시 질문/행 ID와 조건/마케팅 참조를 새로 발급한다.,"200 대기 중 요청 취소; 증거는 유지; 허용 폼 초안/게시본·질문·상태 DTO. 초안 PATCH는 과거 재전송 캐시를 포함해 공유 토큰을 제거한다. 공유 토큰 조회는 현재 form.publish 권한이 필요하다. 게시/승인/고정 URL 생성 재전송도 현재 계정/세션/전문가/서비스와 활성 상태를 검사한다. 승인/고정 URL 조회와 화면 권한은 현재 범위를 사용한다. 응답 원문은 별도 권한 API. 폼 목록은 공유 토큰을 제외하고 한국 날짜/즐겨찾기/정렬을 적용해 빈 목록 page=1, 범위 밖 page를 마지막 페이지로 보정한다. 목록/상세 GET의 actions는 현재 역할·서비스 grant·보관/가져오기 양식·공개 상태·만료를 반영한다. 목록 permissions는 선택 서비스의 생성/업로드 권한이다. 생성/저장/복사/템플릿 캐시는 작업 권한을 저장하지 않는다. 삭제 조건의 canReadResponses는 현재 응답 조회 권한이며 checkDeletion은 실제 canPurge와 구분한다. 템플릿 GET은 현재 역할/grant/세션/전문가 배정/서비스 상태의 작업과 활성 생성 대상을 반환한다. 보관 서비스는 직접 구성원만 읽는다. 템플릿 삭제는 신규/회사 구성원 범위의 이전 생성 캐시 내용·요청 해시를 원자 제거하고 생성 재전송은410이다. 독립 생성 폼은 유지한다.",DELETE /forms/{id}는 공개 종료·보관 및 응답 보존. /deletion은 현재 삭제 사유·version을 반환한다. /purge는 현재 작성 권한·활성 서비스·If-Match와 전체 게시/승인/응답/공유/업로드/파일 참조를 검사해 미게시·미참조 초안만 영구 삭제한다. 연결 질문·선택지·문서 연결·즐겨찾기와 생성/복제/템플릿/저장 캐시 내용도 원자 제거하며 감사·게시 문서·독립 복사본은 보존한다. 삭제된 생성 키는 410.,"게시본 제자리 수정, 승인 우회 게시, 다른 서비스 템플릿 사용 금지."
POST,/approvals/{id}/decision,implemented,forms,configured approval role + form.approve + service grant,현재 회사·서비스의 Form/Template/Publication. 목록/상세/삭제 시 현재 계정·세션·구성원·전문가·ServiceGrant를 transaction에서 재검사한다. 전문가는 현재 배정된 활성 서비스의 폼만 상세·목록·즐겨찾기에 접근한다.,OpenAPI requestBody schema; 9개 질문 타입·앞선 선택 질문의 유효한 조건 참조·행 ID/선택지·최소/최대 선택 수·정보주체/마케팅 연락처의 항상 표시·version·승인 revision·게시 token·멱등키를 검사한다. 초안 PATCH의 선택적 키는 저장/감사와 원자적으로 기록하고 재전송 전에 현재 권한/활성 서비스를 재검사한다. 복제 시 질문/행 ID와 조건/마케팅 참조를 새로 발급한다.,"200 변경되지 않은 검토본의 승인/반려; 동시 결정 하나만 허용; 허용 폼 초안/게시본·질문·상태 DTO. 초안 PATCH는 과거 재전송 캐시를 포함해 공유 토큰을 제거한다. 공유 토큰 조회는 현재 form.publish 권한이 필요하다. 게시/승인/고정 URL 생성 재전송도 현재 계정/세션/전문가/서비스와 활성 상태를 검사한다. 승인/고정 URL 조회와 화면 권한은 현재 범위를 사용한다. 응답 원문은 별도 권한 API. 폼 목록은 공유 토큰을 제외하고 한국 날짜/즐겨찾기/정렬을 적용해 빈 목록 page=1, 범위 밖 page를 마지막 페이지로 보정한다. 목록/상세 GET의 actions는 현재 역할·서비스 grant·보관/가져오기 양식·공개 상태·만료를 반영한다. 목록 permissions는 선택 서비스의 생성/업로드 권한이다. 생성/저장/복사/템플릿 캐시는 작업 권한을 저장하지 않는다. 삭제 조건의 canReadResponses는 현재 응답 조회 권한이며 checkDeletion은 실제 canPurge와 구분한다. 템플릿 GET은 현재 역할/grant/세션/전문가 배정/서비스 상태의 작업과 활성 생성 대상을 반환한다. 보관 서비스는 직접 구성원만 읽는다. 템플릿 삭제는 신규/회사 구성원 범위의 이전 생성 캐시 내용·요청 해시를 원자 제거하고 생성 재전송은410이다. 독립 생성 폼은 유지한다.",DELETE /forms/{id}는 공개 종료·보관 및 응답 보존. /deletion은 현재 삭제 사유·version을 반환한다. /purge는 현재 작성 권한·활성 서비스·If-Match와 전체 게시/승인/응답/공유/업로드/파일 참조를 검사해 미게시·미참조 초안만 영구 삭제한다. 연결 질문·선택지·문서 연결·즐겨찾기와 생성/복제/템플릿/저장 캐시 내용도 원자 제거하며 감사·게시 문서·독립 복사본은 보존한다. 삭제된 생성 키는 410.,"게시본 제자리 수정, 승인 우회 게시, 다른 서비스 템플릿 사용 금지."
POST,/processing-purposes/{id}/restore,implemented,documents,document.write + current service grant + active service,현재 회사·서비스의 자료. 문서·문구·목적·수탁자 CRUD는 현재 활성 사용자·이메일 인증·유효 세션·구성원·역할·grant를 transaction 안에서 재검사한다. 전문가 범위는 활성/미만료 배정 서비스와 grant의 교집합이며 문서·목적·수탁자 연결은 복합 FK로 보호한다.,OpenAPI requestBody schema; 문서 종류·길이·HTML 정제·국가·보유 근거·version·연결된 게시본을 검사한다.,200 수집 목적 복원; 이름 중복·보관된 연결 자료 검사; 초안/고정 게시 버전·해시·연결 근거와 현재 유효 공개 링크 여부의 안전 DTO. 만료된 링크는 공유 URL을 제외한다. 내부 token·암호문 제외.,초안/근거 자료는 보관·복원; 게시 버전은 불변이며 공개 링크만 회수.,"게시 당시 본문 덮어쓰기, 참조 중 버전 삭제, 미확인 P/C/OC 별칭 공개 승격 금지."
GET,/processing-purposes/{id}/history,implemented,documents,document.read + current service grant,현재 회사·서비스의 자료. 문서·문구·목적·수탁자 CRUD는 현재 활성 사용자·이메일 인증·유효 세션·구성원·역할·grant를 transaction 안에서 재검사한다. 전문가 범위는 활성/미만료 배정 서비스와 grant의 교집합이며 문서·목적·수탁자 연결은 복합 FK로 보호한다.,OpenAPI path/query/header parameters; 문서 종류·길이·HTML 정제·국가·보유 근거·version·연결된 게시본을 검사한다.,200 수집 목적 불변 개정본을 version 내림차순으로 페이지 조회; 초안/고정 게시 버전·해시·연결 근거와 현재 유효 공개 링크 여부의 안전 DTO. 만료된 링크는 공유 URL을 제외한다. 내부 token·암호문 제외.,초안/근거 자료는 보관·복원; 게시 버전은 불변이며 공개 링크만 회수.,"게시 당시 본문 덮어쓰기, 참조 중 버전 삭제, 미확인 P/C/OC 별칭 공개 승격 금지."
POST,/recipients/{id}/restore,implemented,documents,document.write + current service grant + active service,현재 회사·서비스의 자료. 문서·문구·목적·수탁자 CRUD는 현재 활성 사용자·이메일 인증·유효 세션·구성원·역할·grant를 transaction 안에서 재검사한다. 전문가 범위는 활성/미만료 배정 서비스와 grant의 교집합이며 문서·목적·수탁자 연결은 복합 FK로 보호한다.,OpenAPI requestBody schema; 문서 종류·길이·HTML 정제·국가·보유 근거·version·연결된 게시본을 검사한다.,200 제공·수탁자 복원; 이름 중복·보관된 연결 자료 검사; 초안/고정 게시 버전·해시·연결 근거와 현재 유효 공개 링크 여부의 안전 DTO. 만료된 링크는 공유 URL을 제외한다. 내부 token·암호문 제외.,초안/근거 자료는 보관·복원; 게시 버전은 불변이며 공개 링크만 회수.,"게시 당시 본문 덮어쓰기, 참조 중 버전 삭제, 미확인 P/C/OC 별칭 공개 승격 금지."
GET,/recipients/{id}/history,implemented,documents,document.read + current service grant,현재 회사·서비스의 자료. 문서·문구·목적·수탁자 CRUD는 현재 활성 사용자·이메일 인증·유효 세션·구성원·역할·grant를 transaction 안에서 재검사한다. 전문가 범위는 활성/미만료 배정 서비스와 grant의 교집합이며 문서·목적·수탁자 연결은 복합 FK로 보호한다.,OpenAPI path/query/header parameters; 문서 종류·길이·HTML 정제·국가·보유 근거·version·연결된 게시본을 검사한다.,200 제공·수탁자 불변 개정본을 version 내림차순으로 페이지 조회; 초안/고정 게시 버전·해시·연결 근거와 현재 유효 공개 링크 여부의 안전 DTO. 만료된 링크는 공유 URL을 제외한다. 내부 token·암호문 제외.,초안/근거 자료는 보관·복원; 게시 버전은 불변이며 공개 링크만 회수.,"게시 당시 본문 덮어쓰기, 참조 중 버전 삭제, 미확인 P/C/OC 별칭 공개 승격 금지."
GET,/imports,implemented,imports,import.read + current service grant + final session deadline,현재 회사·서비스의 ImportJob와 임시 행. 현재 grant 확인.,OpenAPI path/query/header parameters; 파일 인코딩·행/열/셀 크기·매핑·수집 근거·version·job/row 중복을 확인한다.,200 회사·서비스별 업로드 제목/ID 검색·상태·정렬·보정 페이지; 중복/미지원 쿼리 거절; 작업 상태·건수·오류행만; 만료/삭제 원문 재노출 금지.,"DELETE는 취소·보관, 원본 파일 제거는 worker가 실제 처리.","validate에서 DB 반영, 다른 회사 목적/수탁자 연결, 재시도 중복 수집 금지."
POST,/imports,implemented,imports,import.write + current service grant + Idempotency-Key,현재 회사·서비스의 ImportJob와 임시 행. 현재 grant 확인.,OpenAPI requestBody schema; 파일 인코딩·행/열/셀 크기·매핑·수집 근거·version·job/row 중복을 확인한다.,201 CSV 작업·용량 예약·24시간 원본 업로드 생성; 작업 상태·건수·오류행만; 만료/삭제 원문 재노출 금지.,"DELETE는 취소·보관, 원본 파일 제거는 worker가 실제 처리.","validate에서 DB 반영, 다른 회사 목적/수탁자 연결, 재시도 중복 수집 금지."
GET,/imports/options,implemented,imports,import.read + current service grant,현재 회사·서비스의 ImportJob와 임시 행. 현재 grant 확인.,OpenAPI path/query/header parameters; 파일 인코딩·행/열/셀 크기·매핑·수집 근거·version·job/row 중복을 확인한다.,200 동일 서비스의 사용 중인 수집 목적·원자료 제공자; 작업 상태·건수·오류행만; 만료/삭제 원문 재노출 금지.,"DELETE는 취소·보관, 원본 파일 제거는 worker가 실제 처리.","validate에서 DB 반영, 다른 회사 목적/수탁자 연결, 재시도 중복 수집 금지."
GET,/imports/{id},implemented,imports,import.read + current service grant + final session deadline,현재 회사·서비스의 ImportJob와 임시 행. 현재 grant 확인.,OpenAPI path/query/header parameters; 파일 인코딩·행/열/셀 크기·매핑·수집 근거·version·job/row 중복을 확인한다.,"200 현재 역할·서비스·작업 상태별 permissions, 진행·설정·계수; 만료 원문/파일명 제외; 작업 상태·건수·오류행만; 만료/삭제 원문 재노출 금지.","DELETE는 취소·보관, 원본 파일 제거는 worker가 실제 처리.","validate에서 DB 반영, 다른 회사 목적/수탁자 연결, 재시도 중복 수집 금지."
PATCH,/imports/{id},implemented,imports,import.write + current service grant + version,현재 회사·서비스의 ImportJob와 임시 행. 현재 grant 확인.,OpenAPI requestBody schema; 파일 인코딩·행/열/셀 크기·매핑·수집 근거·version·job/row 중복을 확인한다.,200 수집 근거·컬럼 설정 수정; 기존 검증 무효화; 작업 상태·건수·오류행만; 만료/삭제 원문 재노출 금지.,"DELETE는 취소·보관, 원본 파일 제거는 worker가 실제 처리.","validate에서 DB 반영, 다른 회사 목적/수탁자 연결, 재시도 중복 수집 금지."
DELETE,/imports/{id},implemented,imports,import.write + current service grant + If-Match,현재 회사·서비스의 ImportJob와 임시 행. 현재 grant 확인.,OpenAPI path/query/header parameters; 파일 인코딩·행/열/셀 크기·매핑·수집 근거·version·job/row 중복을 확인한다.,200 임시 자료 삭제 및 취소/보관; 반영된 응답 유지; 작업 상태·건수·오류행만; 만료/삭제 원문 재노출 금지.,"DELETE는 취소·보관, 원본 파일 제거는 worker가 실제 처리.","validate에서 DB 반영, 다른 회사 목적/수탁자 연결, 재시도 중복 수집 금지."
POST,/imports/{id}/inspect,implemented,imports,import.write + current service grant + version,현재 회사·서비스의 ImportJob와 임시 행. 현재 grant 확인.,OpenAPI requestBody schema; 파일 인코딩·행/열/셀 크기·매핑·수집 근거·version·job/row 중복을 확인한다.,200 안전 검사한 CSV의 헤더·행 수 확인; 작업 상태·건수·오류행만; 만료/삭제 원문 재노출 금지.,"DELETE는 취소·보관, 원본 파일 제거는 worker가 실제 처리.","validate에서 DB 반영, 다른 회사 목적/수탁자 연결, 재시도 중복 수집 금지."
POST,/imports/{id}/validate,implemented,imports,import.write + current service grant + version,현재 회사·서비스의 ImportJob와 임시 행. 현재 grant 확인.,OpenAPI requestBody schema; 파일 인코딩·행/열/셀 크기·매핑·수집 근거·version·job/row 중복을 확인한다.,200 행별 타입·동의·기한·중복 검증; 응답 생성 0; 작업 상태·건수·오류행만; 만료/삭제 원문 재노출 금지.,"DELETE는 취소·보관, 원본 파일 제거는 worker가 실제 처리.","validate에서 DB 반영, 다른 회사 목적/수탁자 연결, 재시도 중복 수집 금지."
POST,/imports/{id}/commit,implemented,imports,import.write + current service grant + version,현재 회사·서비스의 ImportJob와 임시 행. 현재 grant 확인.,OpenAPI requestBody schema; 파일 인코딩·행/열/셀 크기·매핑·수집 근거·version·job/row 중복을 확인한다.,202 검증 당시 근거 확인 후 비동기 반영 요청; 작업 상태·건수·오류행만; 만료/삭제 원문 재노출 금지.,"DELETE는 취소·보관, 원본 파일 제거는 worker가 실제 처리.","validate에서 DB 반영, 다른 회사 목적/수탁자 연결, 재시도 중복 수집 금지."
POST,/imports/{id}/retry,implemented,imports,import.write + current service grant + version,현재 회사·서비스의 ImportJob와 임시 행. 현재 grant 확인.,OpenAPI requestBody schema; 파일 인코딩·행/열/셀 크기·매핑·수집 근거·version·job/row 중복을 확인한다.,202 권한 재확인 후 중단 작업 재시도; 작업 상태·건수·오류행만; 만료/삭제 원문 재노출 금지.,"DELETE는 취소·보관, 원본 파일 제거는 worker가 실제 처리.","validate에서 DB 반영, 다른 회사 목적/수탁자 연결, 재시도 중복 수집 금지."
GET,/imports/{id}/rows,implemented,imports,import.read + current service grant; unexpired staging,현재 회사·서비스의 ImportJob와 임시 행. 현재 grant 확인.,OpenAPI path/query/header parameters; 파일 인코딩·행/열/셀 크기·매핑·수집 근거·version·job/row 중복을 확인한다.,200 행 미리보기·페이지·오류 필터; 파기/만료 응답 원문 차단; 작업 상태·건수·오류행만; 만료/삭제 원문 재노출 금지.,"DELETE는 취소·보관, 원본 파일 제거는 worker가 실제 처리.","validate에서 DB 반영, 다른 회사 목적/수탁자 연결, 재시도 중복 수집 금지."
GET,/imports/{id}/errors.csv,implemented,imports,import.read + current service grant; unexpired staging,현재 회사·서비스의 ImportJob와 임시 행. 현재 grant 확인.,OpenAPI path/query/header parameters; 파일 인코딩·행/열/셀 크기·매핑·수집 근거·version·job/row 중복을 확인한다.,200 UTF-8 BOM CSV attachment; 작업 상태·건수·오류행만; 만료/삭제 원문 재노출 금지.,"DELETE는 취소·보관, 원본 파일 제거는 worker가 실제 처리.","validate에서 DB 반영, 다른 회사 목적/수탁자 연결, 재시도 중복 수집 금지."
POST,/documents/{id}/restore,implemented,documents,document.write + current service grant,현재 회사·서비스의 자료. 문서·문구·목적·수탁자 CRUD는 현재 활성 사용자·이메일 인증·유효 세션·구성원·역할·grant를 transaction 안에서 재검사한다. 전문가 범위는 활성/미만료 배정 서비스와 grant의 교집합이며 문서·목적·수탁자 연결은 복합 FK로 보호한다.,OpenAPI requestBody schema; 문서 종류·길이·HTML 정제·국가·보유 근거·version·연결된 게시본을 검사한다.,200 현재 초안과 유효 공개 링크 여부. 내부 토큰·암호문 제외.; 초안/고정 게시 버전·해시·연결 근거와 현재 유효 공개 링크 여부의 안전 DTO. 만료된 링크는 공유 URL을 제외한다. 내부 token·암호문 제외.,초안/근거 자료는 보관·복원; 게시 버전은 불변이며 공개 링크만 회수.,"게시 당시 본문 덮어쓰기, 참조 중 버전 삭제, 미확인 P/C/OC 별칭 공개 승격 금지."
POST,/clause-templates/{id}/restore,implemented,documents,document.write + current service grant,현재 회사·서비스의 자료. 문서·문구·목적·수탁자 CRUD는 현재 활성 사용자·이메일 인증·유효 세션·구성원·역할·grant를 transaction 안에서 재검사한다. 전문가 범위는 활성/미만료 배정 서비스와 grant의 교집합이며 문서·목적·수탁자 연결은 복합 FK로 보호한다.,OpenAPI requestBody schema; 문서 종류·길이·HTML 정제·국가·보유 근거·version·연결된 게시본을 검사한다.,200 문구 복원; 회수한 공개 링크는 유지; 초안/고정 게시 버전·해시·연결 근거와 현재 유효 공개 링크 여부의 안전 DTO. 만료된 링크는 공유 URL을 제외한다. 내부 token·암호문 제외.,초안/근거 자료는 보관·복원; 게시 버전은 불변이며 공개 링크만 회수.,"게시 당시 본문 덮어쓰기, 참조 중 버전 삭제, 미확인 P/C/OC 별칭 공개 승격 금지."
GET,/documents/options,implemented,documents,document.read + current service grant,현재 회사·서비스의 자료. 문서·문구·목적·수탁자 CRUD는 현재 활성 사용자·이메일 인증·유효 세션·구성원·역할·grant를 transaction 안에서 재검사한다. 전문가 범위는 활성/미만료 배정 서비스와 grant의 교집합이며 문서·목적·수탁자 연결은 복합 FK로 보호한다.,OpenAPI path/query/header parameters; 문서 종류·길이·HTML 정제·국가·보유 근거·version·연결된 게시본을 검사한다.,200 사용 중인 수집 목적·제공/수탁자·문구·게시 처리방침 선택 목록; 초안/고정 게시 버전·해시·연결 근거와 현재 유효 공개 링크 여부의 안전 DTO. 만료된 링크는 공유 URL을 제외한다. 내부 token·암호문 제외.,초안/근거 자료는 보관·복원; 게시 버전은 불변이며 공개 링크만 회수.,"게시 당시 본문 덮어쓰기, 참조 중 버전 삭제, 미확인 P/C/OC 별칭 공개 승격 금지."
GET,/documents/{id}/preview,implemented,documents,document.read + current service grant,현재 회사·서비스의 자료. 문서·문구·목적·수탁자 CRUD는 현재 활성 사용자·이메일 인증·유효 세션·구성원·역할·grant를 transaction 안에서 재검사한다. 전문가 범위는 활성/미만료 배정 서비스와 grant의 교집합이며 문서·목적·수탁자 연결은 복합 FK로 보호한다.,OpenAPI path/query/header parameters; 문서 종류·길이·HTML 정제·국가·보유 근거·version·연결된 게시본을 검사한다.,200 저장된 초안과 현재 기초 자료의 텍스트 미리보기·게시 검증; 초안/고정 게시 버전·해시·연결 근거와 현재 유효 공개 링크 여부의 안전 DTO. 만료된 링크는 공유 URL을 제외한다. 내부 token·암호문 제외.,초안/근거 자료는 보관·복원; 게시 버전은 불변이며 공개 링크만 회수.,"게시 당시 본문 덮어쓰기, 참조 중 버전 삭제, 미확인 P/C/OC 별칭 공개 승격 금지."
GET,/documents/{id}/versions,implemented,documents,document.read + current service grant,현재 회사·서비스의 자료. 문서·문구·목적·수탁자 CRUD는 현재 활성 사용자·이메일 인증·유효 세션·구성원·역할·grant를 transaction 안에서 재검사한다. 전문가 범위는 활성/미만료 배정 서비스와 grant의 교집합이며 문서·목적·수탁자 연결은 복합 FK로 보호한다.,OpenAPI path/query/header parameters; 문서 종류·길이·HTML 정제·국가·보유 근거·version·연결된 게시본을 검사한다.,200 불변 게시 버전·비교용 본문·SHA-256·링크 목록; 유효한 공유 주소는 쓰기 권한에만 제공; 초안/고정 게시 버전·해시·연결 근거와 현재 유효 공개 링크 여부의 안전 DTO. 만료된 링크는 공유 URL을 제외한다. 내부 token·암호문 제외.,초안/근거 자료는 보관·복원; 게시 버전은 불변이며 공개 링크만 회수.,"게시 당시 본문 덮어쓰기, 참조 중 버전 삭제, 미확인 P/C/OC 별칭 공개 승격 금지."
POST,/documents/{id}/publish,implemented,documents,document.write + current service grant,현재 회사·서비스의 자료. 문서·문구·목적·수탁자 CRUD는 현재 활성 사용자·이메일 인증·유효 세션·구성원·역할·grant를 transaction 안에서 재검사한다. 전문가 범위는 활성/미만료 배정 서비스와 grant의 교집합이며 문서·목적·수탁자 연결은 복합 FK로 보호한다.,OpenAPI requestBody schema; 문서 종류·길이·HTML 정제·국가·보유 근거·version·연결된 게시본을 검사한다.,201 새 불변 게시 버전과 공개 링크; 초안/고정 게시 버전·해시·연결 근거와 현재 유효 공개 링크 여부의 안전 DTO. 만료된 링크는 공유 URL을 제외한다. 내부 token·암호문 제외.,초안/근거 자료는 보관·복원; 게시 버전은 불변이며 공개 링크만 회수.,"게시 당시 본문 덮어쓰기, 참조 중 버전 삭제, 미확인 P/C/OC 별칭 공개 승격 금지."
POST,/documents/{id}/unpublish,implemented,documents,document.write + current service grant,현재 회사·서비스의 자료. 문서·문구·목적·수탁자 CRUD는 현재 활성 사용자·이메일 인증·유효 세션·구성원·역할·grant를 transaction 안에서 재검사한다. 전문가 범위는 활성/미만료 배정 서비스와 grant의 교집합이며 문서·목적·수탁자 연결은 복합 FK로 보호한다.,OpenAPI requestBody schema; 문서 종류·길이·HTML 정제·국가·보유 근거·version·연결된 게시본을 검사한다.,200 현재 초안과 유효 공개 링크 여부. 내부 토큰·암호문 제외.; 초안/고정 게시 버전·해시·연결 근거와 현재 유효 공개 링크 여부의 안전 DTO. 만료된 링크는 공유 URL을 제외한다. 내부 token·암호문 제외.,초안/근거 자료는 보관·복원; 게시 버전은 불변이며 공개 링크만 회수.,"게시 당시 본문 덮어쓰기, 참조 중 버전 삭제, 미확인 P/C/OC 별칭 공개 승격 금지."
POST,/documents/{id}/revoke,implemented,documents,document.write + current service grant,현재 회사·서비스의 자료. 문서·문구·목적·수탁자 CRUD는 현재 활성 사용자·이메일 인증·유효 세션·구성원·역할·grant를 transaction 안에서 재검사한다. 전문가 범위는 활성/미만료 배정 서비스와 grant의 교집합이며 문서·목적·수탁자 연결은 복합 FK로 보호한다.,OpenAPI requestBody schema; 문서 종류·길이·HTML 정제·국가·보유 근거·version·연결된 게시본을 검사한다.,200 현재 초안과 유효 공개 링크 여부. 내부 토큰·암호문 제외.; 초안/고정 게시 버전·해시·연결 근거와 현재 유효 공개 링크 여부의 안전 DTO. 만료된 링크는 공유 URL을 제외한다. 내부 token·암호문 제외.,초안/근거 자료는 보관·복원; 게시 버전은 불변이며 공개 링크만 회수.,"게시 당시 본문 덮어쓰기, 참조 중 버전 삭제, 미확인 P/C/OC 별칭 공개 승격 금지."
POST,/documents/{id}/apply-clause,implemented,documents,document.write + current service grant,현재 회사·서비스의 자료. 문서·문구·목적·수탁자 CRUD는 현재 활성 사용자·이메일 인증·유효 세션·구성원·역할·grant를 transaction 안에서 재검사한다. 전문가 범위는 활성/미만료 배정 서비스와 grant의 교집합이며 문서·목적·수탁자 연결은 복합 FK로 보호한다.,OpenAPI requestBody schema; 문서 종류·길이·HTML 정제·국가·보유 근거·version·연결된 게시본을 검사한다.,200 현재 초안과 유효 공개 링크 여부. 내부 토큰·암호문 제외.; 초안/고정 게시 버전·해시·연결 근거와 현재 유효 공개 링크 여부의 안전 DTO. 만료된 링크는 공유 URL을 제외한다. 내부 token·암호문 제외.,초안/근거 자료는 보관·복원; 게시 버전은 불변이며 공개 링크만 회수.,"게시 당시 본문 덮어쓰기, 참조 중 버전 삭제, 미확인 P/C/OC 별칭 공개 승격 금지."
GET,/public/documents/{token},implemented,public-documents,active company/service/document/publication + expiry,활성 DocumentPublication token으로 회사·서비스·고정 버전을 도출한다.,OpenAPI path/query/header parameters; token hash·만료·회수·문서 상태·PDF 바이트/해시를 확인한다.,200 공개 필드만 포함한 고정 버전 조회; 비인증 허용; 게시 당시 고정 본문 또는 PDF만. 초안·내부 연결·token 원문 제외.,익명 삭제 동작 없음. 회수는 관리자 경로에서 처리.,"회수된 링크 열람, 최신 초안으로 과거 링크 내용 대체 금지."
GET,/documents/{id}/versions/{number}/pdf,implemented,documents,document.read + current service grant,현재 회사·서비스의 자료. 문서·문구·목적·수탁자 CRUD는 현재 활성 사용자·이메일 인증·유효 세션·구성원·역할·grant를 transaction 안에서 재검사한다. 전문가 범위는 활성/미만료 배정 서비스와 grant의 교집합이며 문서·목적·수탁자 연결은 복합 FK로 보호한다.,OpenAPI path/query/header parameters; 문서 종류·길이·HTML 정제·국가·보유 근거·version·연결된 게시본을 검사한다.,"200 PDF 파일. attachment, no-store, nosniff, X-PDF-SHA256, X-Document-SHA256; 초안/고정 게시 버전·해시·연결 근거와 현재 유효 공개 링크 여부의 안전 DTO. 만료된 링크는 공유 URL을 제외한다. 내부 token·암호문 제외.",초안/근거 자료는 보관·복원; 게시 버전은 불변이며 공개 링크만 회수.,"게시 당시 본문 덮어쓰기, 참조 중 버전 삭제, 미확인 P/C/OC 별칭 공개 승격 금지."
GET,/public/documents/{token}/pdf,implemented,public-documents,active company/service/document/publication + expiry,활성 DocumentPublication token으로 회사·서비스·고정 버전을 도출한다.,OpenAPI path/query/header parameters; token hash·만료·회수·문서 상태·PDF 바이트/해시를 확인한다.,"200 PDF 파일. attachment, no-store, nosniff, X-PDF-SHA256, X-Document-SHA256; 게시 당시 고정 본문 또는 PDF만. 초안·내부 연결·token 원문 제외.",익명 삭제 동작 없음. 회수는 관리자 경로에서 처리.,"회수된 링크 열람, 최신 초안으로 과거 링크 내용 대체 금지."
GET,/services/{id}/consent-display/{kind},implemented,services,service.manage + current service grant,현재 회사 Service. 서비스별 행은 같은 tenant 복합 FK와 현재 grant 검사.,OpenAPI path/query/header parameters; 이름·상태·버전과 서비스 표시 설정의 문서 종류·URL·게시본을 검증한다.,200 collection/third_party 표시 설정·회사/서비스 공개명 조회; 허용 서비스 프로필·표시 설정. 다른 회사 문서·원문 비밀 제외.,업무 데이터 참조가 있는 서비스의 DELETE/PATCH 보관은 409. 미참조 서비스는 보관하고 복원할 수 있다. 물리 삭제하지 않는다.,"회사 간 서비스 재귀속, 중지 서비스 신규 게시·발송 금지."
PATCH,/services/{id}/consent-display/{kind},implemented,services,service.manage + current service grant,현재 회사 Service. 서비스별 행은 같은 tenant 복합 FK와 현재 grant 검사.,OpenAPI requestBody schema; 이름·상태·버전과 서비스 표시 설정의 문서 종류·URL·게시본을 검증한다.,200 표시 문구·HTTPS 외부 주소 또는 동일 서비스 처리방침 게시 버전 저장; 최초 version=0; 허용 서비스 프로필·표시 설정. 다른 회사 문서·원문 비밀 제외.,업무 데이터 참조가 있는 서비스의 DELETE/PATCH 보관은 409. 미참조 서비스는 보관하고 복원할 수 있다. 물리 삭제하지 않는다.,"회사 간 서비스 재귀속, 중지 서비스 신규 게시·발송 금지."
GET,/forms/document-options,implemented,forms,form.read + document.read + current service grant,현재 회사·서비스의 Form/Template/Publication. 목록/상세/삭제 시 현재 계정·세션·구성원·전문가·ServiceGrant를 transaction에서 재검사한다. 전문가는 현재 배정된 활성 서비스의 폼만 상세·목록·즐겨찾기에 접근한다.,OpenAPI path/query/header parameters; 9개 질문 타입·앞선 선택 질문의 유효한 조건 참조·행 ID/선택지·최소/최대 선택 수·정보주체/마케팅 연락처의 항상 표시·version·승인 revision·게시 token·멱등키를 검사한다. 초안 PATCH의 선택적 키는 저장/감사와 원자적으로 기록하고 재전송 전에 현재 권한/활성 서비스를 재검사한다. 복제 시 질문/행 ID와 조건/마케팅 참조를 새로 발급한다.,"200 같은 서비스에서 공개 중인 동의서 게시 버전 검색·페이지 목록; 허용 폼 초안/게시본·질문·상태 DTO. 초안 PATCH는 과거 재전송 캐시를 포함해 공유 토큰을 제거한다. 공유 토큰 조회는 현재 form.publish 권한이 필요하다. 게시/승인/고정 URL 생성 재전송도 현재 계정/세션/전문가/서비스와 활성 상태를 검사한다. 승인/고정 URL 조회와 화면 권한은 현재 범위를 사용한다. 응답 원문은 별도 권한 API. 폼 목록은 공유 토큰을 제외하고 한국 날짜/즐겨찾기/정렬을 적용해 빈 목록 page=1, 범위 밖 page를 마지막 페이지로 보정한다. 목록/상세 GET의 actions는 현재 역할·서비스 grant·보관/가져오기 양식·공개 상태·만료를 반영한다. 목록 permissions는 선택 서비스의 생성/업로드 권한이다. 생성/저장/복사/템플릿 캐시는 작업 권한을 저장하지 않는다. 삭제 조건의 canReadResponses는 현재 응답 조회 권한이며 checkDeletion은 실제 canPurge와 구분한다. 템플릿 GET은 현재 역할/grant/세션/전문가 배정/서비스 상태의 작업과 활성 생성 대상을 반환한다. 보관 서비스는 직접 구성원만 읽는다. 템플릿 삭제는 신규/회사 구성원 범위의 이전 생성 캐시 내용·요청 해시를 원자 제거하고 생성 재전송은410이다. 독립 생성 폼은 유지한다.",DELETE /forms/{id}는 공개 종료·보관 및 응답 보존. /deletion은 현재 삭제 사유·version을 반환한다. /purge는 현재 작성 권한·활성 서비스·If-Match와 전체 게시/승인/응답/공유/업로드/파일 참조를 검사해 미게시·미참조 초안만 영구 삭제한다. 연결 질문·선택지·문서 연결·즐겨찾기와 생성/복제/템플릿/저장 캐시 내용도 원자 제거하며 감사·게시 문서·독립 복사본은 보존한다. 삭제된 생성 키는 410.,"게시본 제자리 수정, 승인 우회 게시, 다른 서비스 템플릿 사용 금지."
GET,/submissions/{id}/receipts/{receiptId}/pdf,implemented,submissions,submission.read + current service grant + unexpired or held submission,현재 회사·서비스·폼의 Submission. 읽기/정정/파기 capability 분리.,OpenAPI path/query/header parameters; 답변의 게시 질문 소속·문자열/선택 배열/행 ID별 구조화한 행렬 타입·선택 수·현재 version·보유 기한·legal hold를 검사한다. 정정은 기존 답변과 합쳐 조건을 재검사하며 새로 표시된 필수 답변을 요구하고 숨겨진 현재 값을 비운다. 자동으로 비운 값도 암호화된 이력에 남긴다.,"200 저장한 PDF 바이트. no-store, X-PDF-SHA256, X-Document-SHA256; 권한/보유 상태별 마스킹 응답·변경 이력. 만료·파기 원문 제외.","정정은 이벤트, 철회는 상태, 실제 삭제는 파기 작업·증명서로 처리.","과거 동의 증거 덮어쓰기, 파기 시작 뒤 원문 접근·캐시 재생 금지."
GET,/share-grants/options,implemented,sharing,share.manage + submission.read + current session/service grant,현재 회사·서비스·게시 폼의 외부 grant. 발급자 권한도 매 요청 확인.,OpenAPI path/query/header parameters; 현재 세션·회사/서비스·허용 질문/파일 권한·이메일·기한·version·게시본을 검사한다. 생성 재전송도 현재 공유/권한을 확인하며 잠금·감사 저장 후 실제 기한을 재검사한다. 중복/알 수 없는 쿼리는422다.,"200 현재 공유 상태/권한 DTO. private, no-store.; 공유 상태·허용 필드·현재 초대/항목/수정/재발송/회수 가능 여부와 보정한 페이지, 감사 이력. 초대 코드·세션 token 제외.",변경/재발송/DELETE는 기존 인증/세션과 신규/이전 생성 캐시 원문을 제거한다. DELETE는 grant 회수; 열람 이력 보존.,"임의 질문 추가, 회수 후 파일 링크 재사용, 타 회사 공유 금지."
POST,/share-grants/{id}/resend,implemented,sharing,share.manage + submission.read (+ file.read for file fields) + active form/service/current session,현재 회사·서비스·게시 폼의 외부 grant. 발급자 권한도 매 요청 확인.,OpenAPI requestBody schema; 현재 세션·회사/서비스·허용 질문/파일 권한·이메일·기한·version·게시본을 검사한다. 생성 재전송도 현재 공유/권한을 확인하며 잠금·감사 저장 후 실제 기한을 재검사한다. 중복/알 수 없는 쿼리는422다.,"200 현재 공유 상태/권한 DTO. private, no-store.; 공유 상태·허용 필드·현재 초대/항목/수정/재발송/회수 가능 여부와 보정한 페이지, 감사 이력. 초대 코드·세션 token 제외.",변경/재발송/DELETE는 기존 인증/세션과 신규/이전 생성 캐시 원문을 제거한다. DELETE는 grant 회수; 열람 이력 보존.,"임의 질문 추가, 회수 후 파일 링크 재사용, 타 회사 공유 금지."
GET,/share-grants/{id}/events,implemented,sharing,share.manage + submission.read,현재 회사·서비스·게시 폼의 외부 grant. 발급자 권한도 매 요청 확인.,OpenAPI path/query/header parameters; 현재 세션·회사/서비스·허용 질문/파일 권한·이메일·기한·version·게시본을 검사한다. 생성 재전송도 현재 공유/권한을 확인하며 잠금·감사 저장 후 실제 기한을 재검사한다. 중복/알 수 없는 쿼리는422다.,"200 개인정보 값·코드 없는 열람 로그 페이지; 공유 상태·허용 필드·현재 초대/항목/수정/재발송/회수 가능 여부와 보정한 페이지, 감사 이력. 초대 코드·세션 token 제외.",변경/재발송/DELETE는 기존 인증/세션과 신규/이전 생성 캐시 원문을 제거한다. DELETE는 grant 회수; 열람 이력 보존.,"임의 질문 추가, 회수 후 파일 링크 재사용, 타 회사 공유 금지."
POST,/viewer/challenges,implemented,viewer,invitation code + form code + email + consent; rate limit,외부 이메일 확인 세션의 단일 grant·게시 버전·질문 범위.,OpenAPI requestBody schema; challenge cookie·코드 횟수/기한·grant 세대·현재 발급자 권한·파일 바인딩 확인. 인증 성공 감사 저장 후 기한을 검사해 종료 요청의 인증 세션·감사를 롤백한다. 읽기 완료 시 발급자·공유·열람 세션·응답 기한을 재검사한다. 중복/미지정 검색 키는422다.,"202 이메일 인증 요청; 유효/무효 조합에 동일 응답, 브라우저 바인딩 쿠키 설정; 허용 질문과 현재 답변/파일만. 미선택 응답·관리자 메모 제외.",logout은 세션 회수. 원본 자료 삭제 권한 없음.,"초대 코드만으로 열람, 다른 질문·응답·파일 교차 열람 금지."
POST,/viewer/challenges/{challengeId}/verify,implemented,viewer,HttpOnly browser challenge cookie,외부 이메일 확인 세션의 단일 grant·게시 버전·질문 범위.,OpenAPI requestBody schema; challenge cookie·코드 횟수/기한·grant 세대·현재 발급자 권한·파일 바인딩 확인. 인증 성공 감사 저장 후 기한을 검사해 종료 요청의 인증 세션·감사를 롤백한다. 읽기 완료 시 발급자·공유·열람 세션·응답 기한을 재검사한다. 중복/미지정 검색 키는422다.,200 6자리 일회용 코드 검증; 5회 제한·10분 만료·30분 열람 세션; 성공 감사 저장 후 기한 종료 시422/인증 세션·감사 롤백; 허용 질문과 현재 답변/파일만. 미선택 응답·관리자 메모 제외.,logout은 세션 회수. 원본 자료 삭제 권한 없음.,"초대 코드만으로 열람, 다른 질문·응답·파일 교차 열람 금지."
GET,/viewer/session,implemented,viewer,active viewer + fresh grant/scope/creator permission,외부 이메일 확인 세션의 단일 grant·게시 버전·질문 범위.,OpenAPI path/query/header parameters; challenge cookie·코드 횟수/기한·grant 세대·현재 발급자 권한·파일 바인딩 확인. 인증 성공 감사 저장 후 기한을 검사해 종료 요청의 인증 세션·감사를 롤백한다. 읽기 완료 시 발급자·공유·열람 세션·응답 기한을 재검사한다. 중복/미지정 검색 키는422다.,200 외부 열람 세션·기한·허용 필드; 허용 질문과 현재 답변/파일만. 미선택 응답·관리자 메모 제외.,logout은 세션 회수. 원본 자료 삭제 권한 없음.,"초대 코드만으로 열람, 다른 질문·응답·파일 교차 열람 금지."
POST,/viewer/logout,implemented,viewer,viewer cookie,외부 이메일 확인 세션의 단일 grant·게시 버전·질문 범위.,No request body; challenge cookie·코드 횟수/기한·grant 세대·현재 발급자 권한·파일 바인딩 확인. 인증 성공 감사 저장 후 기한을 검사해 종료 요청의 인증 세션·감사를 롤백한다. 읽기 완료 시 발급자·공유·열람 세션·응답 기한을 재검사한다. 중복/미지정 검색 키는422다.,204 열람 세션 회수·쿠키 만료; 허용 질문과 현재 답변/파일만. 미선택 응답·관리자 메모 제외.,logout은 세션 회수. 원본 자료 삭제 권한 없음.,"초대 코드만으로 열람, 다른 질문·응답·파일 교차 열람 금지."
GET,/viewer/submissions,implemented,viewer,active viewer + fresh grant/scope/creator permission,외부 이메일 확인 세션의 단일 grant·게시 버전·질문 범위.,OpenAPI path/query/header parameters; challenge cookie·코드 횟수/기한·grant 세대·현재 발급자 권한·파일 바인딩 확인. 인증 성공 감사 저장 후 기한을 검사해 종료 요청의 인증 세션·감사를 롤백한다. 읽기 완료 시 발급자·공유·열람 세션·응답 기한을 재검사한다. 중복/미지정 검색 키는422다.,200 허용 게시 버전·필드의 현재 응답; 철회·파기·만료는 제외; 허용 질문과 현재 답변/파일만. 미선택 응답·관리자 메모 제외.,logout은 세션 회수. 원본 자료 삭제 권한 없음.,"초대 코드만으로 열람, 다른 질문·응답·파일 교차 열람 금지."
GET,/viewer/submissions/{id},implemented,viewer,active viewer + fresh grant + bound version,외부 이메일 확인 세션의 단일 grant·게시 버전·질문 범위.,OpenAPI path/query/header parameters; challenge cookie·코드 횟수/기한·grant 세대·현재 발급자 권한·파일 바인딩 확인. 인증 성공 감사 저장 후 기한을 검사해 종료 요청의 인증 세션·감사를 롤백한다. 읽기 완료 시 발급자·공유·열람 세션·응답 기한을 재검사한다. 중복/미지정 검색 키는422다.,200 허용 필드만 포함한 응답; 메모·정정 이력·영수증 제외; 허용 질문과 현재 답변/파일만. 미선택 응답·관리자 메모 제외.,logout은 세션 회수. 원본 자료 삭제 권한 없음.,"초대 코드만으로 열람, 다른 질문·응답·파일 교차 열람 금지."
GET,/viewer/files,implemented,viewer,active viewer + selected file question + current answer,외부 이메일 확인 세션의 단일 grant·게시 버전·질문 범위.,OpenAPI path/query/header parameters; challenge cookie·코드 횟수/기한·grant 세대·현재 발급자 권한·파일 바인딩 확인. 인증 성공 감사 저장 후 기한을 검사해 종료 요청의 인증 세션·감사를 롤백한다. 읽기 완료 시 발급자·공유·열람 세션·응답 기한을 재검사한다. 중복/미지정 검색 키는422다.,200 공유 응답의 현재 첨부파일 목록; 허용 질문과 현재 답변/파일만. 미선택 응답·관리자 메모 제외.,logout은 세션 회수. 원본 자료 삭제 권한 없음.,"초대 코드만으로 열람, 다른 질문·응답·파일 교차 열람 금지."
GET,/viewer/files/{id},implemented,viewer,active viewer + exact submission/question/file binding,외부 이메일 확인 세션의 단일 grant·게시 버전·질문 범위.,OpenAPI path/query/header parameters; challenge cookie·코드 횟수/기한·grant 세대·현재 발급자 권한·파일 바인딩 확인. 인증 성공 감사 저장 후 기한을 검사해 종료 요청의 인증 세션·감사를 롤백한다. 읽기 완료 시 발급자·공유·열람 세션·응답 기한을 재검사한다. 중복/미지정 검색 키는422다.,200 허용된 현재 첨부파일 메타; 허용 질문과 현재 답변/파일만. 미선택 응답·관리자 메모 제외.,logout은 세션 회수. 원본 자료 삭제 권한 없음.,"초대 코드만으로 열람, 다른 질문·응답·파일 교차 열람 금지."
GET,/viewer/files/{id}/download,implemented,viewer,active viewer + exact submission/question/file binding,외부 이메일 확인 세션의 단일 grant·게시 버전·질문 범위.,OpenAPI path/query/header parameters; challenge cookie·코드 횟수/기한·grant 세대·현재 발급자 권한·파일 바인딩 확인. 인증 성공 감사 저장 후 기한을 검사해 종료 요청의 인증 세션·감사를 롤백한다. 읽기 완료 시 발급자·공유·열람 세션·응답 기한을 재검사한다. 중복/미지정 검색 키는422다.,"200 첨부파일 원본. attachment, private/no-store, nosniff, sandbox CSP; 허용 질문과 현재 답변/파일만. 미선택 응답·관리자 메모 제외.",logout은 세션 회수. 원본 자료 삭제 권한 없음.,"초대 코드만으로 열람, 다른 질문·응답·파일 교차 열람 금지."
POST,/subjects/access-requests,implemented,subjects,public + consent + rate limit,검증된 정보주체 세션의 고정 회사·서비스·응답 범위.,OpenAPI requestBody schema; 이름/이메일 일치·브라우저 연결 일회 링크·쿠키와 세션 ID·version·현재 회사/서비스/보유 상태를 확인한다. 알려지지 않은/중복 쿼리는422다. 회사→서비스→응답 잠금 대기와 감사/세션 INSERT 뒤 실제 세션·링크·반환 응답 보유 기한을 재검사한다.,202 이름·이메일 조회에 동일 202 응답; 10분 브라우저 연결 일회용 메일; 본인 동의·처리·철회 이력과 서버가 보정한 현재 페이지를 반환한다. 답변 원문·연락처·관리자 메모·인증 비밀을 제외한다. 지연 중 만료는401/404/422와 원자 롤백이며 늦은 성공 감사·철회 이벤트·차단 기록을 남기지 않는다.,철회 확인은 응답 version·불변 이벤트·회사/서비스/이메일 HMAC suppression을 원자 저장한다. 취소/완료 재시도는 같은 상태를 반환한다. 자료 파기는 별도 보유 절차다. 사용·만료·조회 범위 종료 인증 메일은 worker가 전송 전에 거부한다.,"존재 여부 노출, GET 링크 소비, 다른 주체/세션 요청 열람·철회, 오래된 version 확정, 세션/보유 기한 종료 후 반환·확정 금지. 인증/감사 로그에 연락처/토큰 저장 금지."
POST,/subjects/sessions,implemented,subjects,subject browser cookie + one-use email token,검증된 정보주체 세션의 고정 회사·서비스·응답 범위.,OpenAPI requestBody schema; 이름/이메일 일치·브라우저 연결 일회 링크·쿠키와 세션 ID·version·현재 회사/서비스/보유 상태를 확인한다. 알려지지 않은/중복 쿼리는422다. 회사→서비스→응답 잠금 대기와 감사/세션 INSERT 뒤 실제 세션·링크·반환 응답 보유 기한을 재검사한다.,"201 메일 링크 소비 후 30분 HttpOnly 세션, 비밀 없는 조회 ID 반환; 본인 동의·처리·철회 이력과 서버가 보정한 현재 페이지를 반환한다. 답변 원문·연락처·관리자 메모·인증 비밀을 제외한다. 지연 중 만료는401/404/422와 원자 롤백이며 늦은 성공 감사·철회 이벤트·차단 기록을 남기지 않는다.",철회 확인은 응답 version·불변 이벤트·회사/서비스/이메일 HMAC suppression을 원자 저장한다. 취소/완료 재시도는 같은 상태를 반환한다. 자료 파기는 별도 보유 절차다. 사용·만료·조회 범위 종료 인증 메일은 worker가 전송 전에 거부한다.,"존재 여부 노출, GET 링크 소비, 다른 주체/세션 요청 열람·철회, 오래된 version 확정, 세션/보유 기한 종료 후 반환·확정 금지. 인증/감사 로그에 연락처/토큰 저장 금지."
POST,/subjects/logout,implemented,subjects,subject cookie,검증된 정보주체 세션의 고정 회사·서비스·응답 범위.,No request body; 이름/이메일 일치·브라우저 연결 일회 링크·쿠키와 세션 ID·version·현재 회사/서비스/보유 상태를 확인한다. 알려지지 않은/중복 쿼리는422다. 회사→서비스→응답 잠금 대기와 감사/세션 INSERT 뒤 실제 세션·링크·반환 응답 보유 기한을 재검사한다.,204 현재 정보주체 세션 종료; 본인 동의·처리·철회 이력과 서버가 보정한 현재 페이지를 반환한다. 답변 원문·연락처·관리자 메모·인증 비밀을 제외한다. 지연 중 만료는401/404/422와 원자 롤백이며 늦은 성공 감사·철회 이벤트·차단 기록을 남기지 않는다.,철회 확인은 응답 version·불변 이벤트·회사/서비스/이메일 HMAC suppression을 원자 저장한다. 취소/완료 재시도는 같은 상태를 반환한다. 자료 파기는 별도 보유 절차다. 사용·만료·조회 범위 종료 인증 메일은 worker가 전송 전에 거부한다.,"존재 여부 노출, GET 링크 소비, 다른 주체/세션 요청 열람·철회, 오래된 version 확정, 세션/보유 기한 종료 후 반환·확정 금지. 인증/감사 로그에 연락처/토큰 저장 금지."
GET,/subjects/me,implemented,subjects,subject cookie + X-Subject-Session,검증된 정보주체 세션의 고정 회사·서비스·응답 범위.,OpenAPI path/query/header parameters; 이름/이메일 일치·브라우저 연결 일회 링크·쿠키와 세션 ID·version·현재 회사/서비스/보유 상태를 확인한다. 알려지지 않은/중복 쿼리는422다. 회사→서비스→응답 잠금 대기와 감사/세션 INSERT 뒤 실제 세션·링크·반환 응답 보유 기한을 재검사한다.,200 세션 ID·만료일; URL ID와 쿠키 세션 일치 검사; 본인 동의·처리·철회 이력과 서버가 보정한 현재 페이지를 반환한다. 답변 원문·연락처·관리자 메모·인증 비밀을 제외한다. 지연 중 만료는401/404/422와 원자 롤백이며 늦은 성공 감사·철회 이벤트·차단 기록을 남기지 않는다.,철회 확인은 응답 version·불변 이벤트·회사/서비스/이메일 HMAC suppression을 원자 저장한다. 취소/완료 재시도는 같은 상태를 반환한다. 자료 파기는 별도 보유 절차다. 사용·만료·조회 범위 종료 인증 메일은 worker가 전송 전에 거부한다.,"존재 여부 노출, GET 링크 소비, 다른 주체/세션 요청 열람·철회, 오래된 version 확정, 세션/보유 기한 종료 후 반환·확정 금지. 인증/감사 로그에 연락처/토큰 저장 금지."
GET,/subjects/me/consents,implemented,subjects,fixed verified subject scopes + retained submissions,검증된 정보주체 세션의 고정 회사·서비스·응답 범위.,OpenAPI path/query/header parameters; 이름/이메일 일치·브라우저 연결 일회 링크·쿠키와 세션 ID·version·현재 회사/서비스/보유 상태를 확인한다. 알려지지 않은/중복 쿼리는422다. 회사→서비스→응답 잠금 대기와 감사/세션 INSERT 뒤 실제 세션·링크·반환 응답 보유 기한을 재검사한다.,200 본인 동의 목록·페이지; 답변·관리자 메모 제외; 본인 동의·처리·철회 이력과 서버가 보정한 현재 페이지를 반환한다. 답변 원문·연락처·관리자 메모·인증 비밀을 제외한다. 지연 중 만료는401/404/422와 원자 롤백이며 늦은 성공 감사·철회 이벤트·차단 기록을 남기지 않는다.,철회 확인은 응답 version·불변 이벤트·회사/서비스/이메일 HMAC suppression을 원자 저장한다. 취소/완료 재시도는 같은 상태를 반환한다. 자료 파기는 별도 보유 절차다. 사용·만료·조회 범위 종료 인증 메일은 worker가 전송 전에 거부한다.,"존재 여부 노출, GET 링크 소비, 다른 주체/세션 요청 열람·철회, 오래된 version 확정, 세션/보유 기한 종료 후 반환·확정 금지. 인증/감사 로그에 연락처/토큰 저장 금지."
GET,/subjects/me/events,implemented,subjects,fixed verified subject scopes + retained submissions,검증된 정보주체 세션의 고정 회사·서비스·응답 범위.,OpenAPI path/query/header parameters; 이름/이메일 일치·브라우저 연결 일회 링크·쿠키와 세션 ID·version·현재 회사/서비스/보유 상태를 확인한다. 알려지지 않은/중복 쿼리는422다. 회사→서비스→응답 잠금 대기와 감사/세션 INSERT 뒤 실제 세션·링크·반환 응답 보유 기한을 재검사한다.,200 동의·CSV 등록·철회 이벤트 페이지; 본인 동의·처리·철회 이력과 서버가 보정한 현재 페이지를 반환한다. 답변 원문·연락처·관리자 메모·인증 비밀을 제외한다. 지연 중 만료는401/404/422와 원자 롤백이며 늦은 성공 감사·철회 이벤트·차단 기록을 남기지 않는다.,철회 확인은 응답 version·불변 이벤트·회사/서비스/이메일 HMAC suppression을 원자 저장한다. 취소/완료 재시도는 같은 상태를 반환한다. 자료 파기는 별도 보유 절차다. 사용·만료·조회 범위 종료 인증 메일은 worker가 전송 전에 거부한다.,"존재 여부 노출, GET 링크 소비, 다른 주체/세션 요청 열람·철회, 오래된 version 확정, 세션/보유 기한 종료 후 반환·확정 금지. 인증/감사 로그에 연락처/토큰 저장 금지."
POST,/subjects/me/withdrawals,implemented,subjects,subject session + own consent + optimistic version,검증된 정보주체 세션의 고정 회사·서비스·응답 범위.,OpenAPI requestBody schema; 이름/이메일 일치·브라우저 연결 일회 링크·쿠키와 세션 ID·version·현재 회사/서비스/보유 상태를 확인한다. 알려지지 않은/중복 쿼리는422다. 회사→서비스→응답 잠금 대기와 감사/세션 INSERT 뒤 실제 세션·링크·반환 응답 보유 기한을 재검사한다.,201 철회 확인 요청 생성; 동일 진행 중 요청 재사용; 본인 동의·처리·철회 이력과 서버가 보정한 현재 페이지를 반환한다. 답변 원문·연락처·관리자 메모·인증 비밀을 제외한다. 지연 중 만료는401/404/422와 원자 롤백이며 늦은 성공 감사·철회 이벤트·차단 기록을 남기지 않는다.,철회 확인은 응답 version·불변 이벤트·회사/서비스/이메일 HMAC suppression을 원자 저장한다. 취소/완료 재시도는 같은 상태를 반환한다. 자료 파기는 별도 보유 절차다. 사용·만료·조회 범위 종료 인증 메일은 worker가 전송 전에 거부한다.,"존재 여부 노출, GET 링크 소비, 다른 주체/세션 요청 열람·철회, 오래된 version 확정, 세션/보유 기한 종료 후 반환·확정 금지. 인증/감사 로그에 연락처/토큰 저장 금지."
GET,/subjects/me/withdrawals/{id},implemented,subjects,matching subject session + own consent,검증된 정보주체 세션의 고정 회사·서비스·응답 범위.,OpenAPI path/query/header parameters; 이름/이메일 일치·브라우저 연결 일회 링크·쿠키와 세션 ID·version·현재 회사/서비스/보유 상태를 확인한다. 알려지지 않은/중복 쿼리는422다. 회사→서비스→응답 잠금 대기와 감사/세션 INSERT 뒤 실제 세션·링크·반환 응답 보유 기한을 재검사한다.,200 실제 철회 요청 상태 조회; 본인 동의·처리·철회 이력과 서버가 보정한 현재 페이지를 반환한다. 답변 원문·연락처·관리자 메모·인증 비밀을 제외한다. 지연 중 만료는401/404/422와 원자 롤백이며 늦은 성공 감사·철회 이벤트·차단 기록을 남기지 않는다.,철회 확인은 응답 version·불변 이벤트·회사/서비스/이메일 HMAC suppression을 원자 저장한다. 취소/완료 재시도는 같은 상태를 반환한다. 자료 파기는 별도 보유 절차다. 사용·만료·조회 범위 종료 인증 메일은 worker가 전송 전에 거부한다.,"존재 여부 노출, GET 링크 소비, 다른 주체/세션 요청 열람·철회, 오래된 version 확정, 세션/보유 기한 종료 후 반환·확정 금지. 인증/감사 로그에 연락처/토큰 저장 금지."
POST,/subjects/me/withdrawals/{id}/confirm,implemented,subjects,matching session + version + own consent,검증된 정보주체 세션의 고정 회사·서비스·응답 범위.,No request body; 이름/이메일 일치·브라우저 연결 일회 링크·쿠키와 세션 ID·version·현재 회사/서비스/보유 상태를 확인한다. 알려지지 않은/중복 쿼리는422다. 회사→서비스→응답 잠금 대기와 감사/세션 INSERT 뒤 실제 세션·링크·반환 응답 보유 기한을 재검사한다.,200 철회·불변 이벤트·서비스 이메일 발송 차단을 원자 저장; 완료 중복 요청 멱등; 본인 동의·처리·철회 이력과 서버가 보정한 현재 페이지를 반환한다. 답변 원문·연락처·관리자 메모·인증 비밀을 제외한다. 지연 중 만료는401/404/422와 원자 롤백이며 늦은 성공 감사·철회 이벤트·차단 기록을 남기지 않는다.,철회 확인은 응답 version·불변 이벤트·회사/서비스/이메일 HMAC suppression을 원자 저장한다. 취소/완료 재시도는 같은 상태를 반환한다. 자료 파기는 별도 보유 절차다. 사용·만료·조회 범위 종료 인증 메일은 worker가 전송 전에 거부한다.,"존재 여부 노출, GET 링크 소비, 다른 주체/세션 요청 열람·철회, 오래된 version 확정, 세션/보유 기한 종료 후 반환·확정 금지. 인증/감사 로그에 연락처/토큰 저장 금지."
POST,/subjects/me/withdrawals/{id}/cancel,implemented,subjects,matching subject session + pending request,검증된 정보주체 세션의 고정 회사·서비스·응답 범위.,No request body; 이름/이메일 일치·브라우저 연결 일회 링크·쿠키와 세션 ID·version·현재 회사/서비스/보유 상태를 확인한다. 알려지지 않은/중복 쿼리는422다. 회사→서비스→응답 잠금 대기와 감사/세션 INSERT 뒤 실제 세션·링크·반환 응답 보유 기한을 재검사한다.,200 철회 요청 취소; 동의 유지; 본인 동의·처리·철회 이력과 서버가 보정한 현재 페이지를 반환한다. 답변 원문·연락처·관리자 메모·인증 비밀을 제외한다. 지연 중 만료는401/404/422와 원자 롤백이며 늦은 성공 감사·철회 이벤트·차단 기록을 남기지 않는다.,철회 확인은 응답 version·불변 이벤트·회사/서비스/이메일 HMAC suppression을 원자 저장한다. 취소/완료 재시도는 같은 상태를 반환한다. 자료 파기는 별도 보유 절차다. 사용·만료·조회 범위 종료 인증 메일은 worker가 전송 전에 거부한다.,"존재 여부 노출, GET 링크 소비, 다른 주체/세션 요청 열람·철회, 오래된 version 확정, 세션/보유 기한 종료 후 반환·확정 금지. 인증/감사 로그에 연락처/토큰 저장 금지."
GET,/marketing/preferences,implemented,marketing,marketing.read + current service grant,현재 회사·서비스의 정보주체·채널별 동의 근거.,"OpenAPI path/query/header parameters; 현재 회사·서비스·계정·MFA·비밀번호·세션/grant와 최종 기한, 명시적 근거·수집 출처·현재 version·발송 직전 suppression을 확인한다. 중복/미지원 쿼리 422.",200 채널·상태·제외·정규화 완전일치 검색 및 서버 페이지; 현재 작업 권한과 정리 대기 사본 수·동의 상태·근거·집계; 처리 중 만료/삭제 연락처와 근거는 제외. 정렬·마지막 페이지 보정.,철회/제외는 상태와 불변 이력; DB 삭제 확정 후 로컬 사본을 제거하며 실패는 지속 기록하고 같은 요청으로 재시도한다. 기한 종료와 삭제 후 재실행은 현재 상태를 검사한다.,"근거 없는 opt-in, 철회 뒤 발송, 타 서비스 동의 재사용 금지."
POST,/marketing/preferences,implemented,marketing,marketing.write + submission.read + service grant,현재 회사·서비스의 정보주체·채널별 동의 근거.,"OpenAPI requestBody schema; 현재 회사·서비스·계정·MFA·비밀번호·세션/grant와 최종 기한, 명시적 근거·수집 출처·현재 version·발송 직전 suppression을 확인한다. 중복/미지원 쿼리 422.",201 기존 폼/CSV 응답과 별도 동의 근거로 채널 등록; 요청 키 멱등; 현재 작업 권한과 정리 대기 사본 수·동의 상태·근거·집계; 처리 중 만료/삭제 연락처와 근거는 제외. 정렬·마지막 페이지 보정.,철회/제외는 상태와 불변 이력; DB 삭제 확정 후 로컬 사본을 제거하며 실패는 지속 기록하고 같은 요청으로 재시도한다. 기한 종료와 삭제 후 재실행은 현재 상태를 검사한다.,"근거 없는 opt-in, 철회 뒤 발송, 타 서비스 동의 재사용 금지."
GET,/marketing/preferences/{id},implemented,marketing,marketing.read + service grant,현재 회사·서비스의 정보주체·채널별 동의 근거.,"OpenAPI path/query/header parameters; 현재 회사·서비스·계정·MFA·비밀번호·세션/grant와 최종 기한, 명시적 근거·수집 출처·현재 version·발송 직전 suppression을 확인한다. 중복/미지원 쿼리 422.","200 연락처·출처·근거·최근 100개 불변 이력, 보유 기한 종료 후 원문 제외; 현재 작업 권한과 정리 대기 사본 수·동의 상태·근거·집계; 처리 중 만료/삭제 연락처와 근거는 제외. 정렬·마지막 페이지 보정.",철회/제외는 상태와 불변 이력; DB 삭제 확정 후 로컬 사본을 제거하며 실패는 지속 기록하고 같은 요청으로 재시도한다. 기한 종료와 삭제 후 재실행은 현재 상태를 검사한다.,"근거 없는 opt-in, 철회 뒤 발송, 타 서비스 동의 재사용 금지."
PATCH,/marketing/preferences/{id},implemented,marketing,marketing.write + current version,현재 회사·서비스의 정보주체·채널별 동의 근거.,"OpenAPI requestBody schema; 현재 회사·서비스·계정·MFA·비밀번호·세션/grant와 최종 기한, 명시적 근거·수집 출처·현재 version·발송 직전 suppression을 확인한다. 중복/미지원 쿼리 422.",200 채널별 발송 제외 변경과 변경 이력; 현재 작업 권한과 정리 대기 사본 수·동의 상태·근거·집계; 처리 중 만료/삭제 연락처와 근거는 제외. 정렬·마지막 페이지 보정.,철회/제외는 상태와 불변 이력; DB 삭제 확정 후 로컬 사본을 제거하며 실패는 지속 기록하고 같은 요청으로 재시도한다. 기한 종료와 삭제 후 재실행은 현재 상태를 검사한다.,"근거 없는 opt-in, 철회 뒤 발송, 타 서비스 동의 재사용 금지."
DELETE,/marketing/preferences/{id},implemented,marketing,marketing.write + current version,현재 회사·서비스의 정보주체·채널별 동의 근거.,"OpenAPI requestBody schema; 현재 회사·서비스·계정·MFA·비밀번호·세션/grant와 최종 기한, 명시적 근거·수집 출처·현재 version·발송 직전 suppression을 확인한다. 중복/미지원 쿼리 422.","200 연락처·근거·메일 큐/로컬 사본 삭제, 최소 발송 거부 기록 유지; 현재 작업 권한과 정리 대기 사본 수·동의 상태·근거·집계; 처리 중 만료/삭제 연락처와 근거는 제외. 정렬·마지막 페이지 보정.",철회/제외는 상태와 불변 이력; DB 삭제 확정 후 로컬 사본을 제거하며 실패는 지속 기록하고 같은 요청으로 재시도한다. 기한 종료와 삭제 후 재실행은 현재 상태를 검사한다.,"근거 없는 opt-in, 철회 뒤 발송, 타 서비스 동의 재사용 금지."
POST,/marketing/preferences/withdrawals,implemented,marketing,marketing.write + service grant + versions,현재 회사·서비스의 정보주체·채널별 동의 근거.,"OpenAPI requestBody schema; 현재 회사·서비스·계정·MFA·비밀번호·세션/grant와 최종 기한, 명시적 근거·수집 출처·현재 version·발송 직전 suppression을 확인한다. 중복/미지원 쿼리 422.","200 최대 100개 원자 철회, 같은 철회 반복은 멱등; 현재 작업 권한과 정리 대기 사본 수·동의 상태·근거·집계; 처리 중 만료/삭제 연락처와 근거는 제외. 정렬·마지막 페이지 보정.",철회/제외는 상태와 불변 이력; DB 삭제 확정 후 로컬 사본을 제거하며 실패는 지속 기록하고 같은 요청으로 재시도한다. 기한 종료와 삭제 후 재실행은 현재 상태를 검사한다.,"근거 없는 opt-in, 철회 뒤 발송, 타 서비스 동의 재사용 금지."
GET,/marketing/preferences/export,implemented,marketing,marketing.read + service grant,현재 회사·서비스의 정보주체·채널별 동의 근거.,"OpenAPI path/query/header parameters; 현재 회사·서비스·계정·MFA·비밀번호·세션/grant와 최종 기한, 명시적 근거·수집 출처·현재 version·발송 직전 suppression을 확인한다. 중복/미지원 쿼리 422.",200 UTF-8 BOM CSV; 현재 작업 권한과 정리 대기 사본 수·동의 상태·근거·집계; 처리 중 만료/삭제 연락처와 근거는 제외. 정렬·마지막 페이지 보정.,철회/제외는 상태와 불변 이력; DB 삭제 확정 후 로컬 사본을 제거하며 실패는 지속 기록하고 같은 요청으로 재시도한다. 기한 종료와 삭제 후 재실행은 현재 상태를 검사한다.,"근거 없는 opt-in, 철회 뒤 발송, 타 서비스 동의 재사용 금지."
GET,/marketing/sources,implemented,marketing,marketing.write + submission.read + service grant,현재 회사·서비스의 정보주체·채널별 동의 근거.,"OpenAPI path/query/header parameters; 현재 회사·서비스·계정·MFA·비밀번호·세션/grant와 최종 기한, 명시적 근거·수집 출처·현재 version·발송 직전 suppression을 확인한다. 중복/미지원 쿼리 422.","200 유효한 원본 응답의 텍스트 항목 선택, 20개 페이지; 현재 작업 권한과 정리 대기 사본 수·동의 상태·근거·집계; 처리 중 만료/삭제 연락처와 근거는 제외. 정렬·마지막 페이지 보정.",철회/제외는 상태와 불변 이력; DB 삭제 확정 후 로컬 사본을 제거하며 실패는 지속 기록하고 같은 요청으로 재시도한다. 기한 종료와 삭제 후 재실행은 현재 상태를 검사한다.,"근거 없는 opt-in, 철회 뒤 발송, 타 서비스 동의 재사용 금지."
GET,/marketing/summary,implemented,marketing,marketing.read + current service grants,현재 회사·서비스의 정보주체·채널별 동의 근거.,"OpenAPI path/query/header parameters; 현재 회사·서비스·계정·MFA·비밀번호·세션/grant와 최종 기한, 명시적 근거·수집 출처·현재 version·발송 직전 suppression을 확인한다. 중복/미지원 쿼리 422.",200 동일 DB 시점의 현재 동의·철회·삭제·수신 차단·발송 가능과 기간 내 변경 이력 집계; 현재 작업 권한과 정리 대기 사본 수·동의 상태·근거·집계; 처리 중 만료/삭제 연락처와 근거는 제외. 정렬·마지막 페이지 보정.,철회/제외는 상태와 불변 이력; DB 삭제 확정 후 로컬 사본을 제거하며 실패는 지속 기록하고 같은 요청으로 재시도한다. 기한 종료와 삭제 후 재실행은 현재 상태를 검사한다.,"근거 없는 opt-in, 철회 뒤 발송, 타 서비스 동의 재사용 금지."
GET,/analytics/dashboard,implemented,analytics,service.read + current service grants,현재 회사와 허용 서비스의 원천 데이터에서 집계.,OpenAPI path/query/header parameters; 서비스 ID·기간 경계·페이지·집계 원천 시각과 현재 grant 확인.,200 동일 DB 시점의 활성 서비스·폼·문서·현재 보유 응답·기간 내 접수/파기 집계; 종료 시각 미포함; 건수·기간·원천 freshness·판정 근거. 개인 원문 제외.,집계 조회 API에 직접 수정/삭제 없음. 원천 삭제 후 재집계.,"임의 준수 점수·과태료 생성, 다른 회사 건수 혼합 금지."
POST,/senders/{id}/default,implemented,senders,sender.manage,현재 회사·서비스의 발신자와 현재 관리·조회 권한.,"OpenAPI requestBody schema; 계정·이메일·MFA·선택 회사·세션·전문가·비밀번호와 잠금/감사/캐시 후 최종 기한, 엄격한 검색 조건·version·현재 생성 재실행을 확인한다.","200 현재 인증된 발신자로 서비스/채널 대표 변경; 정렬/페이지 보정·현재 작업 권한·인증 상태·사본 정리 대기를 반환한다. 만료 DNS 값과 업로드 이름, 조회 전용 DNS 비밀은 제외한다.",인증 코드/발송 원문을 DB에서 먼저 무효화하고 확정 뒤 메일·증빙 사본을 정리한다. 실패는 지속 기록하며 삭제된 발신자도 현재 권한과 version으로 재시도한다.,"미확인/만료/이전 세대 발신자 사용, 잠금 대기·감사 후 만료된 인증 확정, 주소에 맞지 않는 확인 메일과 이전 실행 시도의 발송 금지. 로컬 확인을 실제 외부 도달로 표시하지 않는다."
POST,/senders/{id}/disable,implemented,senders,sender.manage,현재 회사·서비스의 발신자와 현재 관리·조회 권한.,"OpenAPI requestBody schema; 계정·이메일·MFA·선택 회사·세션·전문가·비밀번호와 잠금/감사/캐시 후 최종 기한, 엄격한 검색 조건·version·현재 생성 재실행을 확인한다.","200 사용 중지·기존 인증/대표 해제; 정렬/페이지 보정·현재 작업 권한·인증 상태·사본 정리 대기를 반환한다. 만료 DNS 값과 업로드 이름, 조회 전용 DNS 비밀은 제외한다.",인증 코드/발송 원문을 DB에서 먼저 무효화하고 확정 뒤 메일·증빙 사본을 정리한다. 실패는 지속 기록하며 삭제된 발신자도 현재 권한과 version으로 재시도한다.,"미확인/만료/이전 세대 발신자 사용, 잠금 대기·감사 후 만료된 인증 확정, 주소에 맞지 않는 확인 메일과 이전 실행 시도의 발송 금지. 로컬 확인을 실제 외부 도달로 표시하지 않는다."
POST,/senders/{id}/renew,implemented,senders,sender.manage,현재 회사·서비스의 발신자와 현재 관리·조회 권한.,"OpenAPI requestBody schema; 계정·이메일·MFA·선택 회사·세션·전문가·비밀번호와 잠금/감사/캐시 후 최종 기한, 엄격한 검색 조건·version·현재 생성 재실행을 확인한다.","200 새 인증 세대·이전 코드 및 예약 발송 차단; 정렬/페이지 보정·현재 작업 권한·인증 상태·사본 정리 대기를 반환한다. 만료 DNS 값과 업로드 이름, 조회 전용 DNS 비밀은 제외한다.",인증 코드/발송 원문을 DB에서 먼저 무효화하고 확정 뒤 메일·증빙 사본을 정리한다. 실패는 지속 기록하며 삭제된 발신자도 현재 권한과 version으로 재시도한다.,"미확인/만료/이전 세대 발신자 사용, 잠금 대기·감사 후 만료된 인증 확정, 주소에 맞지 않는 확인 메일과 이전 실행 시도의 발송 금지. 로컬 확인을 실제 외부 도달로 표시하지 않는다."
POST,/senders/{id}/cleanup,implemented,senders,sender.manage,현재 회사·서비스의 발신자와 현재 관리·조회 권한.,"OpenAPI requestBody schema; 계정·이메일·MFA·선택 회사·세션·전문가·비밀번호와 잠금/감사/캐시 후 최종 기한, 엄격한 검색 조건·version·현재 생성 재실행을 확인한다.","200 현재 관리 권한·version·최종 기한 확인 후 확정된 인증 메일·증빙 사본 정리 재시도; 정렬/페이지 보정·현재 작업 권한·인증 상태·사본 정리 대기를 반환한다. 만료 DNS 값과 업로드 이름, 조회 전용 DNS 비밀은 제외한다.",인증 코드/발송 원문을 DB에서 먼저 무효화하고 확정 뒤 메일·증빙 사본을 정리한다. 실패는 지속 기록하며 삭제된 발신자도 현재 권한과 version으로 재시도한다.,"미확인/만료/이전 세대 발신자 사용, 잠금 대기·감사 후 만료된 인증 확정, 주소에 맞지 않는 확인 메일과 이전 실행 시도의 발송 금지. 로컬 확인을 실제 외부 도달로 표시하지 않는다."
POST,/senders/{id}/request-email,implemented,senders,sender.manage,현재 회사·서비스의 발신자와 현재 관리·조회 권한.,"OpenAPI requestBody schema; 계정·이메일·MFA·선택 회사·세션·전문가·비밀번호와 잠금/감사/캐시 후 최종 기한, 엄격한 검색 조건·version·현재 생성 재실행을 확인한다.","202 10분·5회·일회 이메일 인증번호 요청, 1분 재요청 제한; 정렬/페이지 보정·현재 작업 권한·인증 상태·사본 정리 대기를 반환한다. 만료 DNS 값과 업로드 이름, 조회 전용 DNS 비밀은 제외한다.",인증 코드/발송 원문을 DB에서 먼저 무효화하고 확정 뒤 메일·증빙 사본을 정리한다. 실패는 지속 기록하며 삭제된 발신자도 현재 권한과 version으로 재시도한다.,"미확인/만료/이전 세대 발신자 사용, 잠금 대기·감사 후 만료된 인증 확정, 주소에 맞지 않는 확인 메일과 이전 실행 시도의 발송 금지. 로컬 확인을 실제 외부 도달로 표시하지 않는다."
POST,/senders/{id}/confirm-email,implemented,senders,sender.manage,현재 회사·서비스의 발신자와 현재 관리·조회 권한.,"OpenAPI requestBody schema; 계정·이메일·MFA·선택 회사·세션·전문가·비밀번호와 잠금/감사/캐시 후 최종 기한, 엄격한 검색 조건·version·현재 생성 재실행을 확인한다.","200 인증번호 소비; 실패 횟수 커밋; 정렬/페이지 보정·현재 작업 권한·인증 상태·사본 정리 대기를 반환한다. 만료 DNS 값과 업로드 이름, 조회 전용 DNS 비밀은 제외한다.",인증 코드/발송 원문을 DB에서 먼저 무효화하고 확정 뒤 메일·증빙 사본을 정리한다. 실패는 지속 기록하며 삭제된 발신자도 현재 권한과 version으로 재시도한다.,"미확인/만료/이전 세대 발신자 사용, 잠금 대기·감사 후 만료된 인증 확정, 주소에 맞지 않는 확인 메일과 이전 실행 시도의 발송 금지. 로컬 확인을 실제 외부 도달로 표시하지 않는다."
POST,/senders/{id}/dns,implemented,senders,sender.manage,현재 회사·서비스의 발신자와 현재 관리·조회 권한.,"OpenAPI requestBody schema; 계정·이메일·MFA·선택 회사·세션·전문가·비밀번호와 잠금/감사/캐시 후 최종 기한, 엄격한 검색 조건·version·현재 생성 재실행을 확인한다.","201 서비스별 DNS TXT 확인값 발급; 정렬/페이지 보정·현재 작업 권한·인증 상태·사본 정리 대기를 반환한다. 만료 DNS 값과 업로드 이름, 조회 전용 DNS 비밀은 제외한다.",인증 코드/발송 원문을 DB에서 먼저 무효화하고 확정 뒤 메일·증빙 사본을 정리한다. 실패는 지속 기록하며 삭제된 발신자도 현재 권한과 version으로 재시도한다.,"미확인/만료/이전 세대 발신자 사용, 잠금 대기·감사 후 만료된 인증 확정, 주소에 맞지 않는 확인 메일과 이전 실행 시도의 발송 금지. 로컬 확인을 실제 외부 도달로 표시하지 않는다."
POST,/senders/{id}/check,implemented,senders,sender.manage,현재 회사·서비스의 발신자와 현재 관리·조회 권한.,"OpenAPI requestBody schema; 계정·이메일·MFA·선택 회사·세션·전문가·비밀번호와 잠금/감사/캐시 후 최종 기한, 엄격한 검색 조건·version·현재 생성 재실행을 확인한다.","200 이메일 DNS 또는 SOLAPI 등록번호·ACTIVE·만료 확인; 정렬/페이지 보정·현재 작업 권한·인증 상태·사본 정리 대기를 반환한다. 만료 DNS 값과 업로드 이름, 조회 전용 DNS 비밀은 제외한다.",인증 코드/발송 원문을 DB에서 먼저 무효화하고 확정 뒤 메일·증빙 사본을 정리한다. 실패는 지속 기록하며 삭제된 발신자도 현재 권한과 version으로 재시도한다.,"미확인/만료/이전 세대 발신자 사용, 잠금 대기·감사 후 만료된 인증 확정, 주소에 맞지 않는 확인 메일과 이전 실행 시도의 발송 금지. 로컬 확인을 실제 외부 도달로 표시하지 않는다."
POST,/senders/{id}/evidence,implemented,senders,sender.manage,현재 회사·서비스의 발신자와 현재 관리·조회 권한.,"OpenAPI requestBody schema; 계정·이메일·MFA·선택 회사·세션·전문가·비밀번호와 잠금/감사/캐시 후 최종 기한, 엄격한 검색 조건·version·현재 생성 재실행을 확인한다.","201 10MB PDF/PNG/JPEG 증빙 업로드 준비·최대 5개; 정렬/페이지 보정·현재 작업 권한·인증 상태·사본 정리 대기를 반환한다. 만료 DNS 값과 업로드 이름, 조회 전용 DNS 비밀은 제외한다.",인증 코드/발송 원문을 DB에서 먼저 무효화하고 확정 뒤 메일·증빙 사본을 정리한다. 실패는 지속 기록하며 삭제된 발신자도 현재 권한과 version으로 재시도한다.,"미확인/만료/이전 세대 발신자 사용, 잠금 대기·감사 후 만료된 인증 확정, 주소에 맞지 않는 확인 메일과 이전 실행 시도의 발송 금지. 로컬 확인을 실제 외부 도달로 표시하지 않는다."
POST,/senders/{id}/evidence/{fileId}/attach,implemented,senders,sender.manage,현재 회사·서비스의 발신자와 현재 관리·조회 권한.,"OpenAPI requestBody schema; 계정·이메일·MFA·선택 회사·세션·전문가·비밀번호와 잠금/감사/캐시 후 최종 기한, 엄격한 검색 조건·version·현재 생성 재실행을 확인한다.","200 ClamAV 검사를 통과한 본인 업로드 증빙 연결; 정렬/페이지 보정·현재 작업 권한·인증 상태·사본 정리 대기를 반환한다. 만료 DNS 값과 업로드 이름, 조회 전용 DNS 비밀은 제외한다.",인증 코드/발송 원문을 DB에서 먼저 무효화하고 확정 뒤 메일·증빙 사본을 정리한다. 실패는 지속 기록하며 삭제된 발신자도 현재 권한과 version으로 재시도한다.,"미확인/만료/이전 세대 발신자 사용, 잠금 대기·감사 후 만료된 인증 확정, 주소에 맞지 않는 확인 메일과 이전 실행 시도의 발송 금지. 로컬 확인을 실제 외부 도달로 표시하지 않는다."
DELETE,/senders/{id}/evidence/{fileId},implemented,senders,sender.manage,현재 회사·서비스의 발신자와 현재 관리·조회 권한.,"OpenAPI requestBody schema; 계정·이메일·MFA·선택 회사·세션·전문가·비밀번호와 잠금/감사/캐시 후 최종 기한, 엄격한 검색 조건·version·현재 생성 재실행을 확인한다.","200 현재 발신자 증빙의 실제 삭제·실패 재처리; 정렬/페이지 보정·현재 작업 권한·인증 상태·사본 정리 대기를 반환한다. 만료 DNS 값과 업로드 이름, 조회 전용 DNS 비밀은 제외한다.",인증 코드/발송 원문을 DB에서 먼저 무효화하고 확정 뒤 메일·증빙 사본을 정리한다. 실패는 지속 기록하며 삭제된 발신자도 현재 권한과 version으로 재시도한다.,"미확인/만료/이전 세대 발신자 사용, 잠금 대기·감사 후 만료된 인증 확정, 주소에 맞지 않는 확인 메일과 이전 실행 시도의 발송 금지. 로컬 확인을 실제 외부 도달로 표시하지 않는다."
GET,/senders/{id}/evidence/{fileId}/download,implemented,senders,sender.manage,현재 회사·서비스의 발신자와 현재 관리·조회 권한.,"OpenAPI path/query/header parameters; 계정·이메일·MFA·선택 회사·세션·전문가·비밀번호와 잠금/감사/캐시 후 최종 기한, 엄격한 검색 조건·version·현재 생성 재실행을 확인한다.","200 현재 회사/서비스/발신자 권한과 파일 바인딩을 검사한 다운로드; 정렬/페이지 보정·현재 작업 권한·인증 상태·사본 정리 대기를 반환한다. 만료 DNS 값과 업로드 이름, 조회 전용 DNS 비밀은 제외한다.",인증 코드/발송 원문을 DB에서 먼저 무효화하고 확정 뒤 메일·증빙 사본을 정리한다. 실패는 지속 기록하며 삭제된 발신자도 현재 권한과 version으로 재시도한다.,"미확인/만료/이전 세대 발신자 사용, 잠금 대기·감사 후 만료된 인증 확정, 주소에 맞지 않는 확인 메일과 이전 실행 시도의 발송 금지. 로컬 확인을 실제 외부 도달로 표시하지 않는다."
GET,/campaigns/sources,implemented,messaging,message.read,현재 회사·서비스의 발신자·캠페인·템플릿; 현재 grant와 전송 capability.,OpenAPI path/query/header parameters; 발신자 인증·변수/HTML·대상 동의·예약·version·멱등키·공급자 상태 확인.,200 현재 조회 가능한 동의 대상 페이지; marketing.read 추가; 초안/전송 상태·안전한 수신 결과. 연락처·비밀·공급자 원문은 권한별 제한.,"초안은 보관/삭제, 전송 이력은 불변; 첨부 원문은 기한에 따라 실제 제거.","미확인 발신자 사용, 수신거부 대상 전송, 접수를 실제 도달로 표시 금지."
GET,/campaigns/{id}/recipients,implemented,messaging,message.read,현재 회사·서비스의 발신자·캠페인·템플릿; 현재 grant와 전송 capability.,OpenAPI path/query/header parameters; 발신자 인증·변수/HTML·대상 동의·예약·version·멱등키·공급자 상태 확인.,200 수신자 페이지; marketing.read 추가; 초안/전송 상태·안전한 수신 결과. 연락처·비밀·공급자 원문은 권한별 제한.,"초안은 보관/삭제, 전송 이력은 불변; 첨부 원문은 기한에 따라 실제 제거.","미확인 발신자 사용, 수신거부 대상 전송, 접수를 실제 도달로 표시 금지."
POST,/campaigns/{id}/recipients,implemented,messaging,message.manage,현재 회사·서비스의 발신자·캠페인·템플릿; 현재 grant와 전송 capability.,OpenAPI requestBody schema; 발신자 인증·변수/HTML·대상 동의·예약·version·멱등키·공급자 상태 확인.,200 직접 입력·CSV·명시적 동의 ID로 초안 대상 원자 교체; 초안/전송 상태·안전한 수신 결과. 연락처·비밀·공급자 원문은 권한별 제한.,"초안은 보관/삭제, 전송 이력은 불변; 첨부 원문은 기한에 따라 실제 제거.","미확인 발신자 사용, 수신거부 대상 전송, 접수를 실제 도달로 표시 금지."
GET,/campaigns/{id}/deliveries,implemented,messaging,message.read,현재 회사·서비스의 발신자·캠페인·템플릿; 현재 grant와 전송 capability.,OpenAPI path/query/header parameters; 발신자 인증·변수/HTML·대상 동의·예약·version·멱등키·공급자 상태 확인.,200 개별 처리 결과 페이지; marketing.read 추가; 초안/전송 상태·안전한 수신 결과. 연락처·비밀·공급자 원문은 권한별 제한.,"초안은 보관/삭제, 전송 이력은 불변; 첨부 원문은 기한에 따라 실제 제거.","미확인 발신자 사용, 수신거부 대상 전송, 접수를 실제 도달로 표시 금지."
GET,/campaigns/{id}/export,implemented,messaging,message.read,현재 회사·서비스의 발신자·캠페인·템플릿; 현재 grant와 전송 capability.,OpenAPI path/query/header parameters; 발신자 인증·변수/HTML·대상 동의·예약·version·멱등키·공급자 상태 확인.,200 현재 권한·원문 기한 적용 CSV; 최대 1000행; 수식 무해화; 초안/전송 상태·안전한 수신 결과. 연락처·비밀·공급자 원문은 권한별 제한.,"초안은 보관/삭제, 전송 이력은 불변; 첨부 원문은 기한에 따라 실제 제거.","미확인 발신자 사용, 수신거부 대상 전송, 접수를 실제 도달로 표시 금지."
POST,/campaigns/{id}/preview,implemented,messaging,message.manage,현재 회사·서비스의 발신자·캠페인·템플릿; 현재 grant와 전송 capability.,OpenAPI requestBody schema; 발신자 인증·변수/HTML·대상 동의·예약·version·멱등키·공급자 상태 확인.,200 현재 동의·발신자·변수·분량·연결 상태 미리보기; 초안/전송 상태·안전한 수신 결과. 연락처·비밀·공급자 원문은 권한별 제한.,"초안은 보관/삭제, 전송 이력은 불변; 첨부 원문은 기한에 따라 실제 제거.","미확인 발신자 사용, 수신거부 대상 전송, 접수를 실제 도달로 표시 금지."
POST,/campaigns/{id}/schedule,implemented,messaging,message.manage + message.send,현재 회사·서비스의 발신자·캠페인·템플릿; 현재 grant와 전송 capability.,OpenAPI requestBody schema; 발신자 인증·변수/HTML·대상 동의·예약·version·멱등키·공급자 상태 확인.,202 즉시/예약 멱등 요청; 대상·내용·요청자 고정; SMS 미설정503; 초안/전송 상태·안전한 수신 결과. 연락처·비밀·공급자 원문은 권한별 제한.,"초안은 보관/삭제, 전송 이력은 불변; 첨부 원문은 기한에 따라 실제 제거.","미확인 발신자 사용, 수신거부 대상 전송, 접수를 실제 도달로 표시 금지."
POST,/campaigns/{id}/reschedule,implemented,messaging,message.manage + message.send,현재 회사·서비스의 발신자·캠페인·템플릿; 현재 grant와 전송 capability.,OpenAPI requestBody schema; 발신자 인증·변수/HTML·대상 동의·예약·version·멱등키·공급자 상태 확인.,200 처리 시작 전 예약 변경; 기한·동의 재확인; 초안/전송 상태·안전한 수신 결과. 연락처·비밀·공급자 원문은 권한별 제한.,"초안은 보관/삭제, 전송 이력은 불변; 첨부 원문은 기한에 따라 실제 제거.","미확인 발신자 사용, 수신거부 대상 전송, 접수를 실제 도달로 표시 금지."
POST,/campaigns/{id}/cancel,implemented,messaging,message.manage,현재 회사·서비스의 발신자·캠페인·템플릿; 현재 grant와 전송 capability.,OpenAPI requestBody schema; 발신자 인증·변수/HTML·대상 동의·예약·version·멱등키·공급자 상태 확인.,200 미전달 예약 취소; 접수·결과 불확실 보존; 초안/전송 상태·안전한 수신 결과. 연락처·비밀·공급자 원문은 권한별 제한.,"초안은 보관/삭제, 전송 이력은 불변; 첨부 원문은 기한에 따라 실제 제거.","미확인 발신자 사용, 수신거부 대상 전송, 접수를 실제 도달로 표시 금지."
POST,/campaigns/{id}/archive,implemented,messaging,message.manage,현재 회사·서비스의 발신자·캠페인·템플릿; 현재 grant와 전송 capability.,OpenAPI requestBody schema; 발신자 인증·변수/HTML·대상 동의·예약·version·멱등키·공급자 상태 확인.,200 처리 종료 캠페인 보관/해제; 초안/전송 상태·안전한 수신 결과. 연락처·비밀·공급자 원문은 권한별 제한.,"초안은 보관/삭제, 전송 이력은 불변; 첨부 원문은 기한에 따라 실제 제거.","미확인 발신자 사용, 수신거부 대상 전송, 접수를 실제 도달로 표시 금지."
POST,/campaigns/{id}/retry,implemented,messaging,message.manage + message.send,현재 회사·서비스의 발신자·캠페인·템플릿; 현재 grant와 전송 capability.,OpenAPI requestBody schema; 발신자 인증·변수/HTML·대상 동의·예약·version·멱등키·공급자 상태 확인.,202 최대100개 실패 행 명시적 재요청; 불확실/접수 행 재전송 금지; 초안/전송 상태·안전한 수신 결과. 연락처·비밀·공급자 원문은 권한별 제한.,"초안은 보관/삭제, 전송 이력은 불변; 첨부 원문은 기한에 따라 실제 제거.","미확인 발신자 사용, 수신거부 대상 전송, 접수를 실제 도달로 표시 금지."
GET,/message-templates/{id}/revisions/{version},implemented,messaging,message.read,현재 회사·서비스의 발신자·캠페인·템플릿; 현재 grant와 전송 capability.,OpenAPI path/query/header parameters; 발신자 인증·변수/HTML·대상 동의·예약·version·멱등키·공급자 상태 확인.,200 과거 버전 원문; 삭제하면410; 초안/전송 상태·안전한 수신 결과. 연락처·비밀·공급자 원문은 권한별 제한.,"초안은 보관/삭제, 전송 이력은 불변; 첨부 원문은 기한에 따라 실제 제거.","미확인 발신자 사용, 수신거부 대상 전송, 접수를 실제 도달로 표시 금지."
GET,/campaigns/{id}/files/{fileId}/download,implemented,messaging,message.read,현재 회사·서비스의 발신자·캠페인·템플릿; 현재 grant와 전송 capability.,OpenAPI path/query/header parameters; 발신자 인증·변수/HTML·대상 동의·예약·version·멱등키·공급자 상태 확인.,200 현재 권한·캠페인 기한·검사·바이트 무결성 확인 후 비공개 파일; 초안/전송 상태·안전한 수신 결과. 연락처·비밀·공급자 원문은 권한별 제한.,"초안은 보관/삭제, 전송 이력은 불변; 첨부 원문은 기한에 따라 실제 제거.","미확인 발신자 사용, 수신거부 대상 전송, 접수를 실제 도달로 표시 금지."
POST,/message-templates/{id}/archive,implemented,messaging,message.manage,현재 회사·서비스의 발신자·캠페인·템플릿; 현재 grant와 전송 capability.,OpenAPI requestBody schema; 발신자 인증·변수/HTML·대상 동의·예약·version·멱등키·공급자 상태 확인.,200 보관 후 편집·적용 차단; 초안/전송 상태·안전한 수신 결과. 연락처·비밀·공급자 원문은 권한별 제한.,"초안은 보관/삭제, 전송 이력은 불변; 첨부 원문은 기한에 따라 실제 제거.","미확인 발신자 사용, 수신거부 대상 전송, 접수를 실제 도달로 표시 금지."
POST,/message-templates/{id}/restore,implemented,messaging,message.manage,현재 회사·서비스의 발신자·캠페인·템플릿; 현재 grant와 전송 capability.,OpenAPI requestBody schema; 발신자 인증·변수/HTML·대상 동의·예약·version·멱등키·공급자 상태 확인.,200 보관 템플릿 복원; 삭제는 복원 불가; 초안/전송 상태·안전한 수신 결과. 연락처·비밀·공급자 원문은 권한별 제한.,"초안은 보관/삭제, 전송 이력은 불변; 첨부 원문은 기한에 따라 실제 제거.","미확인 발신자 사용, 수신거부 대상 전송, 접수를 실제 도달로 표시 금지."
POST,/message-content/preview,implemented,messaging,message.manage,현재 회사·서비스의 발신자·캠페인·템플릿; 현재 grant와 전송 capability.,OpenAPI requestBody schema; 발신자 인증·변수/HTML·대상 동의·예약·version·멱등키·공급자 상태 확인.,200 HTML 정제·예시 변수 렌더; 외부 리소스·속성 변수 거부; 초안/전송 상태·안전한 수신 결과. 연락처·비밀·공급자 원문은 권한별 제한.,"초안은 보관/삭제, 전송 이력은 불변; 첨부 원문은 기한에 따라 실제 제거.","미확인 발신자 사용, 수신거부 대상 전송, 접수를 실제 도달로 표시 금지."
POST,/campaigns/{id}/apply-template,implemented,messaging,message.manage,현재 회사·서비스의 발신자·캠페인·템플릿; 현재 grant와 전송 capability.,OpenAPI requestBody schema; 발신자 인증·변수/HTML·대상 동의·예약·version·멱등키·공급자 상태 확인.,200 현재 템플릿 버전을 초안에 복사; 서비스·채널·두 버전 검사; 초안/전송 상태·안전한 수신 결과. 연락처·비밀·공급자 원문은 권한별 제한.,"초안은 보관/삭제, 전송 이력은 불변; 첨부 원문은 기한에 따라 실제 제거.","미확인 발신자 사용, 수신거부 대상 전송, 접수를 실제 도달로 표시 금지."
POST,/campaigns/{id}/files,implemented,messaging,message.manage,현재 회사·서비스의 발신자·캠페인·템플릿; 현재 grant와 전송 capability.,OpenAPI requestBody schema; 발신자 인증·변수/HTML·대상 동의·예약·version·멱등키·공급자 상태 확인.,201 업로드 예약; 최대5개·각10MB·합계20MB; 검사 필요; 초안/전송 상태·안전한 수신 결과. 연락처·비밀·공급자 원문은 권한별 제한.,"초안은 보관/삭제, 전송 이력은 불변; 첨부 원문은 기한에 따라 실제 제거.","미확인 발신자 사용, 수신거부 대상 전송, 접수를 실제 도달로 표시 금지."
POST,/campaigns/{id}/files/{fileId}/attach,implemented,messaging,message.manage,현재 회사·서비스의 발신자·캠페인·템플릿; 현재 grant와 전송 capability.,OpenAPI requestBody schema; 발신자 인증·변수/HTML·대상 동의·예약·version·멱등키·공급자 상태 확인.,200 본인이 검사 완료한 파일을 초안에 연결; 초안/전송 상태·안전한 수신 결과. 연락처·비밀·공급자 원문은 권한별 제한.,"초안은 보관/삭제, 전송 이력은 불변; 첨부 원문은 기한에 따라 실제 제거.","미확인 발신자 사용, 수신거부 대상 전송, 접수를 실제 도달로 표시 금지."
DELETE,/campaigns/{id}/files/{fileId},implemented,messaging,message.manage,현재 회사·서비스의 발신자·캠페인·템플릿; 현재 grant와 전송 capability.,OpenAPI requestBody schema; 발신자 인증·변수/HTML·대상 동의·예약·version·멱등키·공급자 상태 확인.,200 초안 첨부의 접근 차단·실제 삭제; 실패 시 cleanupPending; 초안/전송 상태·안전한 수신 결과. 연락처·비밀·공급자 원문은 권한별 제한.,"초안은 보관/삭제, 전송 이력은 불변; 첨부 원문은 기한에 따라 실제 제거.","미확인 발신자 사용, 수신거부 대상 전송, 접수를 실제 도달로 표시 금지."
POST,/email-feedback,implemented,email-feedback,HMAC signed body; no session,서명된 공급자 이벤트에서 실제 발송 Job을 통해 회사·서비스 도출.,OpenAPI requestBody schema; raw body HMAC·5분 창·16KB·event ID·발송 Job 바인딩 확인.,202 이메일 결과 릴레이; 5분 서명·작업 범위·event ID 멱등; 외부 공급자 변환은 별도; 접수 상태만 반환. 수신 주소·원문 event 비노출.,"수신 결과 이벤트는 불변, 보유 정책에 따른 파기만.","서명 없는 콜백 반영, 중복 이벤트 중복 차감 금지."
GET,/email-suppressions,implemented,messaging,message.read + marketing.read,현재 회사·서비스의 발신자·캠페인·템플릿; 현재 grant와 전송 capability.,OpenAPI path/query/header parameters; 발신자 인증·변수/HTML·대상 동의·예약·version·멱등키·공급자 상태 확인.,200 현재 서비스 차단 목록; 정확한 주소 검색·사유·페이지·원문 기한; 초안/전송 상태·안전한 수신 결과. 연락처·비밀·공급자 원문은 권한별 제한.,"초안은 보관/삭제, 전송 이력은 불변; 첨부 원문은 기한에 따라 실제 제거.","미확인 발신자 사용, 수신거부 대상 전송, 접수를 실제 도달로 표시 금지."
GET,/email-unsubscribe/{token},implemented,email-unsubscribe,job-bound opaque HMAC token,Job에 묶인 90일 불투명 token의 회사·서비스·연락처.,OpenAPI path/query/header parameters; token HMAC·기한·Job 바인딩과 POST 확인 양식 검사.,200 수신거부 안내; 상태 변경 없음; 안내/처리 상태만 반환. 연락처 원문 제외.,POST 철회는 차단 이력 추가; GET은 상태만 조회.,"GET에서 수신거부 확정, token을 일반 로그인 세션으로 승격 금지."
POST,/email-unsubscribe/{token},implemented,email-unsubscribe,job-bound opaque HMAC token,Job에 묶인 90일 불투명 token의 회사·서비스·연락처.,OpenAPI requestBody schema; token HMAC·기한·Job 바인딩과 POST 확인 양식 검사.,200 이메일 수신거부; 반복 확인 멱등; 90일 기한; 안내/처리 상태만 반환. 연락처 원문 제외.,POST 철회는 차단 이력 추가; GET은 상태만 조회.,"GET에서 수신거부 확정, token을 일반 로그인 세션으로 승격 금지."
GET,/integrations/options,implemented,integrations,integration.read + current service,현재 회사·서비스의 알림 연결·구독·전달; 현재 grant 검사.,OpenAPI path/query/header parameters; HTTPS 공식 호스트·DNS/IP·redirect 차단·구독 필터·version·멱등키 확인.,200 현재 서비스의 폼·CSV·등록자·전송 환경; 설정·시도 이력의 URL 호스트만 마스킹 표시. 원문 URL·응답 본문 제외.,삭제/중지는 이전 세대 대기 전달 취소와 비밀 제거.,"내부 IP SSRF, 불확실 전송 자동 재시도, 타 서비스 이벤트 전송 금지."
POST,/integrations/delete,implemented,integrations,integration.manage + current service,현재 회사·서비스의 알림 연결·구독·전달; 현재 grant 검사.,OpenAPI requestBody schema; HTTPS 공식 호스트·DNS/IP·redirect 차단·구독 필터·version·멱등키 확인.,200 최대100개 버전 확인 후 원자적 선택 삭제; 설정·시도 이력의 URL 호스트만 마스킹 표시. 원문 URL·응답 본문 제외.,삭제/중지는 이전 세대 대기 전달 취소와 비밀 제거.,"내부 IP SSRF, 불확실 전송 자동 재시도, 타 서비스 이벤트 전송 금지."
POST,/integrations/{id}/enabled,implemented,integrations,integration.manage + current service,현재 회사·서비스의 알림 연결·구독·전달; 현재 grant 검사.,OpenAPI requestBody schema; HTTPS 공식 호스트·DNS/IP·redirect 차단·구독 필터·version·멱등키 확인.,200 사용/중지 전환 및 기존 대기 취소; 설정·시도 이력의 URL 호스트만 마스킹 표시. 원문 URL·응답 본문 제외.,삭제/중지는 이전 세대 대기 전달 취소와 비밀 제거.,"내부 IP SSRF, 불확실 전송 자동 재시도, 타 서비스 이벤트 전송 금지."
POST,/integrations/{id}/test,implemented,integrations,integration.manage + current service,현재 회사·서비스의 알림 연결·구독·전달; 현재 grant 검사.,OpenAPI requestBody schema; HTTPS 공식 호스트·DNS/IP·redirect 차단·구독 필터·version·멱등키 확인.,202 확인된 설정으로 시험 알림 요청; 멱등키·분당10회; 설정·시도 이력의 URL 호스트만 마스킹 표시. 원문 URL·응답 본문 제외.,삭제/중지는 이전 세대 대기 전달 취소와 비밀 제거.,"내부 IP SSRF, 불확실 전송 자동 재시도, 타 서비스 이벤트 전송 금지."
GET,/integrations/{id}/deliveries,implemented,integrations,integration.read + current service,현재 회사·서비스의 알림 연결·구독·전달; 현재 grant 검사.,OpenAPI path/query/header parameters; HTTPS 공식 호스트·DNS/IP·redirect 차단·구독 필터·version·멱등키 확인.,200 실제 전송/불변 시도 이력·상태·페이지; 원문 URL/답변 없음; 설정·시도 이력의 URL 호스트만 마스킹 표시. 원문 URL·응답 본문 제외.,삭제/중지는 이전 세대 대기 전달 취소와 비밀 제거.,"내부 IP SSRF, 불확실 전송 자동 재시도, 타 서비스 이벤트 전송 금지."
POST,/integrations/{id}/deliveries/{deliveryId}/retry,implemented,integrations,integration.manage + current service,현재 회사·서비스의 알림 연결·구독·전달; 현재 grant 검사.,OpenAPI requestBody schema; HTTPS 공식 호스트·DNS/IP·redirect 차단·구독 필터·version·멱등키 확인.,202 확실한 실패만 버전·멱등키 재처리; 불확실 전송 거부; 설정·시도 이력의 URL 호스트만 마스킹 표시. 원문 URL·응답 본문 제외.,삭제/중지는 이전 세대 대기 전달 취소와 비밀 제거.,"내부 IP SSRF, 불확실 전송 자동 재시도, 타 서비스 이벤트 전송 금지."
GET,/plans,implemented,billing,billing.read + current tenant,현재 회사 결제 자료; 서비스 필터는 같은 tenant 서비스만.,OpenAPI path/query/header parameters; 서버 가격·통화/정수 금액·결제 출처·월/페이지·원천 멱등키 확인.,200 현재 주문 가능한 상품·고정 가격 버전; 구독/체험 이력·잔액/원장·청구서의 안전 DTO. 카드 원문·원천 ID 제외.,"원장 거래 불변, 환불은 보정 거래; 이력은 보존 정책 준수.","success URL만으로 paid/충전 표시, 음수 잔액·중복 차감·원장 직접 수정 금지."
GET,/entitlements,implemented,billing,billing.read + current tenant,현재 회사 결제 자료; 서비스 필터는 같은 tenant 서비스만.,OpenAPI path/query/header parameters; 서버 가격·통화/정수 금액·결제 출처·월/페이지·원천 멱등키 확인.,200 구독 기간과 현재 자산 한도·사용량; 구독/체험 이력·잔액/원장·청구서의 안전 DTO. 카드 원문·원천 ID 제외.,"원장 거래 불변, 환불은 보정 거래; 이력은 보존 정책 준수.","success URL만으로 paid/충전 표시, 음수 잔액·중복 차감·원장 직접 수정 금지."
GET,/assets,implemented,billing,billing.read + current tenant,현재 회사 결제 자료; 서비스 필터는 같은 tenant 서비스만.,OpenAPI path/query/header parameters; 서버 가격·통화/정수 금액·결제 출처·월/페이지·원천 멱등키 확인.,200 현재 서비스별 폼·정보주체 자산 집계; 구독/체험 이력·잔액/원장·청구서의 안전 DTO. 카드 원문·원천 ID 제외.,"원장 거래 불변, 환불은 보정 거래; 이력은 보존 정책 준수.","success URL만으로 paid/충전 표시, 음수 잔액·중복 차감·원장 직접 수정 금지."
GET,/subscriptions,implemented,billing,billing.read + current tenant,현재 회사 결제 자료; 서비스 필터는 같은 tenant 서비스만.,OpenAPI path/query/header parameters; 서버 가격·통화/정수 금액·결제 출처·월/페이지·원천 멱등키 확인.,200 회사 구독 상태와 entitlement; 구독/체험 이력·잔액/원장·청구서의 안전 DTO. 카드 원문·원천 ID 제외.,"원장 거래 불변, 환불은 보정 거래; 이력은 보존 정책 준수.","success URL만으로 paid/충전 표시, 음수 잔액·중복 차감·원장 직접 수정 금지."
POST,/subscriptions,implemented,billing,billing.write + current tenant,현재 회사 결제 자료; 서비스 필터는 같은 tenant 서비스만.,OpenAPI requestBody schema; 서버 가격·통화/정수 금액·결제 출처·월/페이지·원천 멱등키 확인.,201 서버 가격표에 따른 유료 구매 대기 요청; PG 승인 아님; 구독/체험 이력·잔액/원장·청구서의 안전 DTO. 카드 원문·원천 ID 제외.,"원장 거래 불변, 환불은 보정 거래; 이력은 보존 정책 준수.","success URL만으로 paid/충전 표시, 음수 잔액·중복 차감·원장 직접 수정 금지."
GET,/subscriptions/entitlement,implemented,billing,billing.read + current tenant,현재 회사 결제 자료; 서비스 필터는 같은 tenant 서비스만.,OpenAPI path/query/header parameters; 서버 가격·통화/정수 금액·결제 출처·월/페이지·원천 멱등키 확인.,200 회사별 실제 entitlement; 구독/체험 이력·잔액/원장·청구서의 안전 DTO. 카드 원문·원천 ID 제외.,"원장 거래 불변, 환불은 보정 거래; 이력은 보존 정책 준수.","success URL만으로 paid/충전 표시, 음수 잔액·중복 차감·원장 직접 수정 금지."
POST,/subscriptions/{id}/cancel,implemented,billing,billing.write + current tenant,현재 회사 결제 자료; 서비스 필터는 같은 tenant 서비스만.,OpenAPI requestBody schema; 서버 가격·통화/정수 금액·결제 출처·월/페이지·원천 멱등키 확인.,200 체험/대기 구독의 cancel 상태 전이; 유료 PG 취소 아님; 구독/체험 이력·잔액/원장·청구서의 안전 DTO. 카드 원문·원천 ID 제외.,"원장 거래 불변, 환불은 보정 거래; 이력은 보존 정책 준수.","success URL만으로 paid/충전 표시, 음수 잔액·중복 차감·원장 직접 수정 금지."
POST,/subscriptions/{id}/undo-cancel,implemented,billing,billing.write + current tenant,현재 회사 결제 자료; 서비스 필터는 같은 tenant 서비스만.,OpenAPI requestBody schema; 서버 가격·통화/정수 금액·결제 출처·월/페이지·원천 멱등키 확인.,200 체험/대기 구독의 undo-cancel 상태 전이; 유료 PG 취소 아님; 구독/체험 이력·잔액/원장·청구서의 안전 DTO. 카드 원문·원천 ID 제외.,"원장 거래 불변, 환불은 보정 거래; 이력은 보존 정책 준수.","success URL만으로 paid/충전 표시, 음수 잔액·중복 차감·원장 직접 수정 금지."
POST,/subscriptions/{id}/schedule-cancel,implemented,billing,billing.write + current tenant,현재 회사 결제 자료; 서비스 필터는 같은 tenant 서비스만.,OpenAPI requestBody schema; 서버 가격·통화/정수 금액·결제 출처·월/페이지·원천 멱등키 확인.,200 체험/대기 구독의 schedule-cancel 상태 전이; 유료 PG 취소 아님; 구독/체험 이력·잔액/원장·청구서의 안전 DTO. 카드 원문·원천 ID 제외.,"원장 거래 불변, 환불은 보정 거래; 이력은 보존 정책 준수.","success URL만으로 paid/충전 표시, 음수 잔액·중복 차감·원장 직접 수정 금지."
GET,/access-requests,implemented,members,active member for mine; member.manage for review,현재 회사의 Membership·Invitation. ServiceGrant는 같은 tenant 서비스만.,"OpenAPI path/query/header parameters; 역할 상한, 이메일 정규화, 서비스 ID, version·Idempotency-Key·초대 만료를 검사한다. 좌석은 활성 구성원과 유효 대기 초대를 합산하고 재발송·수락은 자기 예약을 제외한다. 기존 구성원은 빈 서비스 범위와 기존 보관 서비스 권한 유지·회수를 허용하고 새 초대는 활성 서비스가 필요하다. 수락과 메일 전달 직전에 계정·세션 또는 초대 세대·초대자 권한을 재검사한다.",200 현재 회사의 본인/검토 요청·요청 가능한 서비스; 구성원 역할·허용 서비스·서비스 보관 상태·초대 상태. 초대 token hash/원문 제외.,구성원 제외는 권한·세션 회수 후 이력 보존. 초대 DELETE는 취소.,"마지막 owner 제거, 자기보다 높은 역할 부여, 초대받지 않은 이메일 수락, 회수한 보관 서비스 권한 재부여, 만료·이전 세대 초대 메일 전달 금지."
POST,/access-requests,implemented,members,active member; experts excluded,현재 회사의 Membership·Invitation. ServiceGrant는 같은 tenant 서비스만.,"OpenAPI requestBody schema; 역할 상한, 이메일 정규화, 서비스 ID, version·Idempotency-Key·초대 만료를 검사한다. 좌석은 활성 구성원과 유효 대기 초대를 합산하고 재발송·수락은 자기 예약을 제외한다. 기존 구성원은 빈 서비스 범위와 기존 보관 서비스 권한 유지·회수를 허용하고 새 초대는 활성 서비스가 필요하다. 수락과 메일 전달 직전에 계정·세션 또는 초대 세대·초대자 권한을 재검사한다.",201 같은 회사 활성 서비스 접근 요청; 동일 대기 요청 재사용; 구성원 역할·허용 서비스·서비스 보관 상태·초대 상태. 초대 token hash/원문 제외.,구성원 제외는 권한·세션 회수 후 이력 보존. 초대 DELETE는 취소.,"마지막 owner 제거, 자기보다 높은 역할 부여, 초대받지 않은 이메일 수락, 회수한 보관 서비스 권한 재부여, 만료·이전 세대 초대 메일 전달 금지."
PATCH,/access-requests/{id},implemented,members,member.manage + active tenant,현재 회사의 Membership·Invitation. ServiceGrant는 같은 tenant 서비스만.,"OpenAPI requestBody schema; 역할 상한, 이메일 정규화, 서비스 ID, version·Idempotency-Key·초대 만료를 검사한다. 좌석은 활성 구성원과 유효 대기 초대를 합산하고 재발송·수락은 자기 예약을 제외한다. 기존 구성원은 빈 서비스 범위와 기존 보관 서비스 권한 유지·회수를 허용하고 새 초대는 활성 서비스가 필요하다. 수락과 메일 전달 직전에 계정·세션 또는 초대 세대·초대자 권한을 재검사한다.",200 본인 승인 금지·역할 상한·version 확인 후 결정; 구성원 역할·허용 서비스·서비스 보관 상태·초대 상태. 초대 token hash/원문 제외.,구성원 제외는 권한·세션 회수 후 이력 보존. 초대 DELETE는 취소.,"마지막 owner 제거, 자기보다 높은 역할 부여, 초대받지 않은 이메일 수락, 회수한 보관 서비스 권한 재부여, 만료·이전 세대 초대 메일 전달 금지."
DELETE,/access-requests/{id},implemented,members,requester + active tenant + If-Match,현재 회사의 Membership·Invitation. ServiceGrant는 같은 tenant 서비스만.,"OpenAPI path/query/header parameters; 역할 상한, 이메일 정규화, 서비스 ID, version·Idempotency-Key·초대 만료를 검사한다. 좌석은 활성 구성원과 유효 대기 초대를 합산하고 재발송·수락은 자기 예약을 제외한다. 기존 구성원은 빈 서비스 범위와 기존 보관 서비스 권한 유지·회수를 허용하고 새 초대는 활성 서비스가 필요하다. 수락과 메일 전달 직전에 계정·세션 또는 초대 세대·초대자 권한을 재검사한다.",204 본인 대기 요청 취소·이력 보존; 구성원 역할·허용 서비스·서비스 보관 상태·초대 상태. 초대 token hash/원문 제외.,구성원 제외는 권한·세션 회수 후 이력 보존. 초대 DELETE는 취소.,"마지막 owner 제거, 자기보다 높은 역할 부여, 초대받지 않은 이메일 수락, 회수한 보관 서비스 권한 재부여, 만료·이전 세대 초대 메일 전달 금지."
GET,/expert-assignments,implemented,experts,own expert or platform-admin,플랫폼 운영자만 회사 간 배정을 변경한다. 전문가는 본인 배정만 보며 선택 시 활성 회사·서비스·만료를 검사한다.,OpenAPI path/query/header parameters; 전문가 이메일·회사/서비스 복합 관계·만료 기간·version과 현재 운영자 플래그를 확인한다. 신규·복원 배정은 대기 초대 예약을 포함한 좌석 한도를 검사한다. 본인 배정 회사 검색과 페이지는 서버에서 적용한다.,200 본인 또는 운영자 배정 목록; 배정 회사·서비스·기한·상태 DTO. 회사의 개인정보 응답은 이 API에 포함하지 않는다.,DELETE는 회수 상태와 ServiceGrant 제거; 배정/감사 이력은 보존.,"운영자 아닌 배정 변경, 다른 전문가 배정 열람, 만료/회수 배정으로 회사 선택 금지."
POST,/expert-assignments,implemented,experts,platform-admin,플랫폼 운영자만 회사 간 배정을 변경한다. 전문가는 본인 배정만 보며 선택 시 활성 회사·서비스·만료를 검사한다.,OpenAPI requestBody schema; 전문가 이메일·회사/서비스 복합 관계·만료 기간·version과 현재 운영자 플래그를 확인한다. 신규·복원 배정은 대기 초대 예약을 포함한 좌석 한도를 검사한다. 본인 배정 회사 검색과 페이지는 서버에서 적용한다.,201 회사·서비스·전문가 이메일/만료 범위 배정; 배정 회사·서비스·기한·상태 DTO. 회사의 개인정보 응답은 이 API에 포함하지 않는다.,DELETE는 회수 상태와 ServiceGrant 제거; 배정/감사 이력은 보존.,"운영자 아닌 배정 변경, 다른 전문가 배정 열람, 만료/회수 배정으로 회사 선택 금지."
GET,/expert-assignments/{id},implemented,experts,own expert or platform-admin,플랫폼 운영자만 회사 간 배정을 변경한다. 전문가는 본인 배정만 보며 선택 시 활성 회사·서비스·만료를 검사한다.,OpenAPI path/query/header parameters; 전문가 이메일·회사/서비스 복합 관계·만료 기간·version과 현재 운영자 플래그를 확인한다. 신규·복원 배정은 대기 초대 예약을 포함한 좌석 한도를 검사한다. 본인 배정 회사 검색과 페이지는 서버에서 적용한다.,200 현재 배정·회수/만료 상태; 배정 회사·서비스·기한·상태 DTO. 회사의 개인정보 응답은 이 API에 포함하지 않는다.,DELETE는 회수 상태와 ServiceGrant 제거; 배정/감사 이력은 보존.,"운영자 아닌 배정 변경, 다른 전문가 배정 열람, 만료/회수 배정으로 회사 선택 금지."
PATCH,/expert-assignments/{id},implemented,experts,platform-admin,플랫폼 운영자만 회사 간 배정을 변경한다. 전문가는 본인 배정만 보며 선택 시 활성 회사·서비스·만료를 검사한다.,OpenAPI requestBody schema; 전문가 이메일·회사/서비스 복합 관계·만료 기간·version과 현재 운영자 플래그를 확인한다. 신규·복원 배정은 대기 초대 예약을 포함한 좌석 한도를 검사한다. 본인 배정 회사 검색과 페이지는 서버에서 적용한다.,200 서비스 범위·기한·version 변경; 배정 회사·서비스·기한·상태 DTO. 회사의 개인정보 응답은 이 API에 포함하지 않는다.,DELETE는 회수 상태와 ServiceGrant 제거; 배정/감사 이력은 보존.,"운영자 아닌 배정 변경, 다른 전문가 배정 열람, 만료/회수 배정으로 회사 선택 금지."
DELETE,/expert-assignments/{id},implemented,experts,platform-admin + If-Match,플랫폼 운영자만 회사 간 배정을 변경한다. 전문가는 본인 배정만 보며 선택 시 활성 회사·서비스·만료를 검사한다.,OpenAPI path/query/header parameters; 전문가 이메일·회사/서비스 복합 관계·만료 기간·version과 현재 운영자 플래그를 확인한다. 신규·복원 배정은 대기 초대 예약을 포함한 좌석 한도를 검사한다. 본인 배정 회사 검색과 페이지는 서버에서 적용한다.,204 배정 회수와 서비스 grant 제거; 배정 회사·서비스·기한·상태 DTO. 회사의 개인정보 응답은 이 API에 포함하지 않는다.,DELETE는 회수 상태와 ServiceGrant 제거; 배정/감사 이력은 보존.,"운영자 아닌 배정 변경, 다른 전문가 배정 열람, 만료/회수 배정으로 회사 선택 금지."
GET,/expert-assignments/options,implemented,experts,platform-admin,플랫폼 운영자만 회사 간 배정을 변경한다. 전문가는 본인 배정만 보며 선택 시 활성 회사·서비스·만료를 검사한다.,OpenAPI path/query/header parameters; 전문가 이메일·회사/서비스 복합 관계·만료 기간·version과 현재 운영자 플래그를 확인한다. 신규·복원 배정은 대기 초대 예약을 포함한 좌석 한도를 검사한다. 본인 배정 회사 검색과 페이지는 서버에서 적용한다.,200 배정 가능한 회사·서비스·전문가; 배정 회사·서비스·기한·상태 DTO. 회사의 개인정보 응답은 이 API에 포함하지 않는다.,DELETE는 회수 상태와 ServiceGrant 제거; 배정/감사 이력은 보존.,"운영자 아닌 배정 변경, 다른 전문가 배정 열람, 만료/회수 배정으로 회사 선택 금지."
GET,/notices,implemented,content,authenticated user; platform-admin for admin scope,공지/가이드는 플랫폼 운영자 변경·인증 사용자 공개 조회(가이드는 활성 회사 필요); 문의는 현재 회사/작성자 또는 운영자.,OpenAPI path/query/header parameters; 제목/본문 HTML·PDF 형식/검사·문의 암호화·version·작성자 범위 확인.,200 게시 공지 목록 또는 운영자 전체 목록; 게시 콘텐츠와 권한별 문의 DTO. 비공개 첨부 경로·문의 암호문 제외.,공지/가이드는 게시 취소·보관; 문의는 권한별 삭제/상태 전이.,"일반 회원의 운영자 변경, 초안/보관 자료 공개, 다른 작성자 문의 열람 금지."
POST,/notices,implemented,content,platform-admin,공지/가이드는 플랫폼 운영자 변경·인증 사용자 공개 조회(가이드는 활성 회사 필요); 문의는 현재 회사/작성자 또는 운영자.,OpenAPI requestBody schema; 제목/본문 HTML·PDF 형식/검사·문의 암호화·version·작성자 범위 확인.,201 공지 초안/게시 생성; 게시 콘텐츠와 권한별 문의 DTO. 비공개 첨부 경로·문의 암호문 제외.,공지/가이드는 게시 취소·보관; 문의는 권한별 삭제/상태 전이.,"일반 회원의 운영자 변경, 초안/보관 자료 공개, 다른 작성자 문의 열람 금지."
GET,/notices/{id},implemented,content,authenticated user for published; platform-admin for preview,공지/가이드는 플랫폼 운영자 변경·인증 사용자 공개 조회(가이드는 활성 회사 필요); 문의는 현재 회사/작성자 또는 운영자.,OpenAPI path/query/header parameters; 제목/본문 HTML·PDF 형식/검사·문의 암호화·version·작성자 범위 확인.,200 공지 상세와 활성 첨부; 게시 콘텐츠와 권한별 문의 DTO. 비공개 첨부 경로·문의 암호문 제외.,공지/가이드는 게시 취소·보관; 문의는 권한별 삭제/상태 전이.,"일반 회원의 운영자 변경, 초안/보관 자료 공개, 다른 작성자 문의 열람 금지."
PATCH,/notices/{id},implemented,content,platform-admin,공지/가이드는 플랫폼 운영자 변경·인증 사용자 공개 조회(가이드는 활성 회사 필요); 문의는 현재 회사/작성자 또는 운영자.,OpenAPI requestBody schema; 제목/본문 HTML·PDF 형식/검사·문의 암호화·version·작성자 범위 확인.,200 버전 확인 후 공지 변경; 게시 콘텐츠와 권한별 문의 DTO. 비공개 첨부 경로·문의 암호문 제외.,공지/가이드는 게시 취소·보관; 문의는 권한별 삭제/상태 전이.,"일반 회원의 운영자 변경, 초안/보관 자료 공개, 다른 작성자 문의 열람 금지."
DELETE,/notices/{id},implemented,content,platform-admin + If-Match,공지/가이드는 플랫폼 운영자 변경·인증 사용자 공개 조회(가이드는 활성 회사 필요); 문의는 현재 회사/작성자 또는 운영자.,OpenAPI path/query/header parameters; 제목/본문 HTML·PDF 형식/검사·문의 암호화·version·작성자 범위 확인.,204 공지 보관·일반 열람 차단; 게시 콘텐츠와 권한별 문의 DTO. 비공개 첨부 경로·문의 암호문 제외.,공지/가이드는 게시 취소·보관; 문의는 권한별 삭제/상태 전이.,"일반 회원의 운영자 변경, 초안/보관 자료 공개, 다른 작성자 문의 열람 금지."
GET,/notices/{id}/attachments/{attachmentId},implemented,content,authenticated user for published; platform-admin for preview,공지/가이드는 플랫폼 운영자 변경·인증 사용자 공개 조회(가이드는 활성 회사 필요); 문의는 현재 회사/작성자 또는 운영자.,OpenAPI path/query/header parameters; 제목/본문 HTML·PDF 형식/검사·문의 암호화·version·작성자 범위 확인.,200 권한·게시 상태 확인 후 첨부 다운로드; 게시 콘텐츠와 권한별 문의 DTO. 비공개 첨부 경로·문의 암호문 제외.,공지/가이드는 게시 취소·보관; 문의는 권한별 삭제/상태 전이.,"일반 회원의 운영자 변경, 초안/보관 자료 공개, 다른 작성자 문의 열람 금지."
PUT,/notices/{id}/attachments/{attachmentId},implemented,content,platform-admin + If-Match,공지/가이드는 플랫폼 운영자 변경·인증 사용자 공개 조회(가이드는 활성 회사 필요); 문의는 현재 회사/작성자 또는 운영자.,OpenAPI requestBody schema; 제목/본문 HTML·PDF 형식/검사·문의 암호화·version·작성자 범위 확인.,200 크기/해시/형식/ClamAV 확인 후 암호화 첨부 교체; 게시 콘텐츠와 권한별 문의 DTO. 비공개 첨부 경로·문의 암호문 제외.,공지/가이드는 게시 취소·보관; 문의는 권한별 삭제/상태 전이.,"일반 회원의 운영자 변경, 초안/보관 자료 공개, 다른 작성자 문의 열람 금지."
DELETE,/notices/{id}/attachments/{attachmentId},implemented,content,platform-admin + If-Match,공지/가이드는 플랫폼 운영자 변경·인증 사용자 공개 조회(가이드는 활성 회사 필요); 문의는 현재 회사/작성자 또는 운영자.,OpenAPI path/query/header parameters; 제목/본문 HTML·PDF 형식/검사·문의 암호화·version·작성자 범위 확인.,204 첨부 접근 차단과 파일 삭제; 게시 콘텐츠와 권한별 문의 DTO. 비공개 첨부 경로·문의 암호문 제외.,공지/가이드는 게시 취소·보관; 문의는 권한별 삭제/상태 전이.,"일반 회원의 운영자 변경, 초안/보관 자료 공개, 다른 작성자 문의 열람 금지."
GET,/guides,implemented,content,active member; platform-admin for admin scope,공지/가이드는 플랫폼 운영자 변경·인증 사용자 공개 조회(가이드는 활성 회사 필요); 문의는 현재 회사/작성자 또는 운영자.,OpenAPI path/query/header parameters; 제목/본문 HTML·PDF 형식/검사·문의 암호화·version·작성자 범위 확인.,200 게시 가이드 목록 또는 운영자 전체 목록; 게시 콘텐츠와 권한별 문의 DTO. 비공개 첨부 경로·문의 암호문 제외.,공지/가이드는 게시 취소·보관; 문의는 권한별 삭제/상태 전이.,"일반 회원의 운영자 변경, 초안/보관 자료 공개, 다른 작성자 문의 열람 금지."
POST,/guides,implemented,content,platform-admin,공지/가이드는 플랫폼 운영자 변경·인증 사용자 공개 조회(가이드는 활성 회사 필요); 문의는 현재 회사/작성자 또는 운영자.,OpenAPI requestBody schema; 제목/본문 HTML·PDF 형식/검사·문의 암호화·version·작성자 범위 확인.,201 가이드 초안 생성; 게시 콘텐츠와 권한별 문의 DTO. 비공개 첨부 경로·문의 암호문 제외.,공지/가이드는 게시 취소·보관; 문의는 권한별 삭제/상태 전이.,"일반 회원의 운영자 변경, 초안/보관 자료 공개, 다른 작성자 문의 열람 금지."
GET,/guides/{id},implemented,content,active member for published; platform-admin for preview,공지/가이드는 플랫폼 운영자 변경·인증 사용자 공개 조회(가이드는 활성 회사 필요); 문의는 현재 회사/작성자 또는 운영자.,OpenAPI path/query/header parameters; 제목/본문 HTML·PDF 형식/검사·문의 암호화·version·작성자 범위 확인.,200 가이드 상세; 게시 콘텐츠와 권한별 문의 DTO. 비공개 첨부 경로·문의 암호문 제외.,공지/가이드는 게시 취소·보관; 문의는 권한별 삭제/상태 전이.,"일반 회원의 운영자 변경, 초안/보관 자료 공개, 다른 작성자 문의 열람 금지."
PATCH,/guides/{id},implemented,content,platform-admin,공지/가이드는 플랫폼 운영자 변경·인증 사용자 공개 조회(가이드는 활성 회사 필요); 문의는 현재 회사/작성자 또는 운영자.,OpenAPI requestBody schema; 제목/본문 HTML·PDF 형식/검사·문의 암호화·version·작성자 범위 확인.,200 버전 확인 후 가이드 변경; 게시 콘텐츠와 권한별 문의 DTO. 비공개 첨부 경로·문의 암호문 제외.,공지/가이드는 게시 취소·보관; 문의는 권한별 삭제/상태 전이.,"일반 회원의 운영자 변경, 초안/보관 자료 공개, 다른 작성자 문의 열람 금지."
DELETE,/guides/{id},implemented,content,platform-admin + If-Match,공지/가이드는 플랫폼 운영자 변경·인증 사용자 공개 조회(가이드는 활성 회사 필요); 문의는 현재 회사/작성자 또는 운영자.,OpenAPI path/query/header parameters; 제목/본문 HTML·PDF 형식/검사·문의 암호화·version·작성자 범위 확인.,204 가이드 보관·파일 접근 차단; 게시 콘텐츠와 권한별 문의 DTO. 비공개 첨부 경로·문의 암호문 제외.,공지/가이드는 게시 취소·보관; 문의는 권한별 삭제/상태 전이.,"일반 회원의 운영자 변경, 초안/보관 자료 공개, 다른 작성자 문의 열람 금지."
PUT,/guides/{id}/file,implemented,content,platform-admin + If-Match,공지/가이드는 플랫폼 운영자 변경·인증 사용자 공개 조회(가이드는 활성 회사 필요); 문의는 현재 회사/작성자 또는 운영자.,OpenAPI requestBody schema; 제목/본문 HTML·PDF 형식/검사·문의 암호화·version·작성자 범위 확인.,200 크기/해시/PDF/ClamAV 확인 후 암호화 파일 교체; 게시 콘텐츠와 권한별 문의 DTO. 비공개 첨부 경로·문의 암호문 제외.,공지/가이드는 게시 취소·보관; 문의는 권한별 삭제/상태 전이.,"일반 회원의 운영자 변경, 초안/보관 자료 공개, 다른 작성자 문의 열람 금지."
GET,/guides/{id}/download,implemented,content,active member for published; platform-admin for preview,공지/가이드는 플랫폼 운영자 변경·인증 사용자 공개 조회(가이드는 활성 회사 필요); 문의는 현재 회사/작성자 또는 운영자.,OpenAPI path/query/header parameters; 제목/본문 HTML·PDF 형식/검사·문의 암호화·version·작성자 범위 확인.,200 권한·해시 확인 후 PDF 다운로드; 게시 콘텐츠와 권한별 문의 DTO. 비공개 첨부 경로·문의 암호문 제외.,공지/가이드는 게시 취소·보관; 문의는 권한별 삭제/상태 전이.,"일반 회원의 운영자 변경, 초안/보관 자료 공개, 다른 작성자 문의 열람 금지."
GET,/support-tickets,implemented,content,own company/author for mine; platform-admin for admin scope,공지/가이드는 플랫폼 운영자 변경·인증 사용자 공개 조회(가이드는 활성 회사 필요); 문의는 현재 회사/작성자 또는 운영자.,OpenAPI path/query/header parameters; 제목/본문 HTML·PDF 형식/검사·문의 암호화·version·작성자 범위 확인.,200 권한별 문의·제안 목록; 게시 콘텐츠와 권한별 문의 DTO. 비공개 첨부 경로·문의 암호문 제외.,공지/가이드는 게시 취소·보관; 문의는 권한별 삭제/상태 전이.,"일반 회원의 운영자 변경, 초안/보관 자료 공개, 다른 작성자 문의 열람 금지."
POST,/support-tickets,implemented,content,active member in current tenant,공지/가이드는 플랫폼 운영자 변경·인증 사용자 공개 조회(가이드는 활성 회사 필요); 문의는 현재 회사/작성자 또는 운영자.,OpenAPI requestBody schema; 제목/본문 HTML·PDF 형식/검사·문의 암호화·version·작성자 범위 확인.,201 문의·제안 암호화 접수; 게시 콘텐츠와 권한별 문의 DTO. 비공개 첨부 경로·문의 암호문 제외.,공지/가이드는 게시 취소·보관; 문의는 권한별 삭제/상태 전이.,"일반 회원의 운영자 변경, 초안/보관 자료 공개, 다른 작성자 문의 열람 금지."
GET,/support-tickets/{id},implemented,content,own company/author or platform-admin,공지/가이드는 플랫폼 운영자 변경·인증 사용자 공개 조회(가이드는 활성 회사 필요); 문의는 현재 회사/작성자 또는 운영자.,OpenAPI path/query/header parameters; 제목/본문 HTML·PDF 형식/검사·문의 암호화·version·작성자 범위 확인.,200 문의·답변 상세와 감사; 게시 콘텐츠와 권한별 문의 DTO. 비공개 첨부 경로·문의 암호문 제외.,공지/가이드는 게시 취소·보관; 문의는 권한별 삭제/상태 전이.,"일반 회원의 운영자 변경, 초안/보관 자료 공개, 다른 작성자 문의 열람 금지."
PATCH,/support-tickets/{id},implemented,content,author in current tenant + version,공지/가이드는 플랫폼 운영자 변경·인증 사용자 공개 조회(가이드는 활성 회사 필요); 문의는 현재 회사/작성자 또는 운영자.,OpenAPI requestBody schema; 제목/본문 HTML·PDF 형식/검사·문의 암호화·version·작성자 범위 확인.,200 접수 중 본인 문의 수정; 게시 콘텐츠와 권한별 문의 DTO. 비공개 첨부 경로·문의 암호문 제외.,공지/가이드는 게시 취소·보관; 문의는 권한별 삭제/상태 전이.,"일반 회원의 운영자 변경, 초안/보관 자료 공개, 다른 작성자 문의 열람 금지."
DELETE,/support-tickets/{id},implemented,content,author in current tenant or platform-admin + If-Match,공지/가이드는 플랫폼 운영자 변경·인증 사용자 공개 조회(가이드는 활성 회사 필요); 문의는 현재 회사/작성자 또는 운영자.,OpenAPI path/query/header parameters; 제목/본문 HTML·PDF 형식/검사·문의 암호화·version·작성자 범위 확인.,204 문의 보관·원문 접근 차단; 게시 콘텐츠와 권한별 문의 DTO. 비공개 첨부 경로·문의 암호문 제외.,공지/가이드는 게시 취소·보관; 문의는 권한별 삭제/상태 전이.,"일반 회원의 운영자 변경, 초안/보관 자료 공개, 다른 작성자 문의 열람 금지."
POST,/support-tickets/{id}/reply,implemented,content,platform-admin,공지/가이드는 플랫폼 운영자 변경·인증 사용자 공개 조회(가이드는 활성 회사 필요); 문의는 현재 회사/작성자 또는 운영자.,OpenAPI requestBody schema; 제목/본문 HTML·PDF 형식/검사·문의 암호화·version·작성자 범위 확인.,200 운영자 답변과 버전 전이; 게시 콘텐츠와 권한별 문의 DTO. 비공개 첨부 경로·문의 암호문 제외.,공지/가이드는 게시 취소·보관; 문의는 권한별 삭제/상태 전이.,"일반 회원의 운영자 변경, 초안/보관 자료 공개, 다른 작성자 문의 열람 금지."
POST,/support-tickets/{id}/close,implemented,content,author in current tenant or platform-admin,공지/가이드는 플랫폼 운영자 변경·인증 사용자 공개 조회(가이드는 활성 회사 필요); 문의는 현재 회사/작성자 또는 운영자.,OpenAPI requestBody schema; 제목/본문 HTML·PDF 형식/검사·문의 암호화·version·작성자 범위 확인.,200 문의 close 상태 전이; 게시 콘텐츠와 권한별 문의 DTO. 비공개 첨부 경로·문의 암호문 제외.,공지/가이드는 게시 취소·보관; 문의는 권한별 삭제/상태 전이.,"일반 회원의 운영자 변경, 초안/보관 자료 공개, 다른 작성자 문의 열람 금지."
POST,/support-tickets/{id}/reopen,implemented,content,author in current tenant or platform-admin,공지/가이드는 플랫폼 운영자 변경·인증 사용자 공개 조회(가이드는 활성 회사 필요); 문의는 현재 회사/작성자 또는 운영자.,OpenAPI requestBody schema; 제목/본문 HTML·PDF 형식/검사·문의 암호화·version·작성자 범위 확인.,200 문의 reopen 상태 전이; 게시 콘텐츠와 권한별 문의 DTO. 비공개 첨부 경로·문의 암호문 제외.,공지/가이드는 게시 취소·보관; 문의는 권한별 삭제/상태 전이.,"일반 회원의 운영자 변경, 초안/보관 자료 공개, 다른 작성자 문의 열람 금지."
PATCH,/security/ip-rules/settings,implemented,ip-access,direct owner + current password,"현재 회사의 직접 구성원. 조회는 security.read, 변경은 현재 최상위 관리자만 허용.",OpenAPI requestBody schema; 실제 socket IP와 서명된 내부 증거. 명시적 신뢰 프록시만 오른쪽부터 검사. IPv4·IPv6 CIDR 정규화·100개·엄격한 검색 조건·version·현재 계정/세션/회사 권한·최종 기한. 제한 변경은 현재 비밀번호.,200 실제 접속 IP를 허용할 때 제한 활성화; 현재 version과 비밀번호 확인; 회사별 규칙·제한 상태·현재 접속 IP·현재 변경 권한·페이지 보정. 내부 IP 서명·서버 키 제외.,현재 접속 IP의 허용 상태를 유지하고 규칙과 생성 요청 원문을 삭제한다. 접근 제한이 켜진 상태에서는 마지막 사용 규칙 삭제 금지.,"클라이언트 X-Forwarded-For와 내부 IP 헤더 신뢰, 모호한 프록시 범위·알 수 없는 IP의 활성화, 다른 회사 규칙, 만료 세션·전문가의 회사 공통 보안 변경, 관리자 자기 차단 금지."
GET,/security/mfa-policy,implemented,company-mfa,security.read + direct membership,현재 회사의 직접 소속 security.read. 변경은 직접 owner·본인 2FA 등록·현재 비밀번호. 전문가와 다른 회사 예외 제외.,"OpenAPI path/query/header parameters; 회사 잠금과 현재 계정·세션·구성원·권한·IP·MFA·비밀번호 정책 재검사; version·엄격한 query·Idempotency-Key. 예외는 다른 미등록 구성원, 사유 필수, 최초 등록부터 최대 24시간.",200 현재 회사 인증 강제·구성원 등록·기한이 있는 예외·검색/페이지; 정책·등록 현황·현재 예외와 사유 DTO. 인증 비밀·복구코드·암호문·요청 키 제외. 보안 확인은 현재 DB 값에서 계산하며 법적 준수 통과를 주장하지 않는다.,예외 행과 생성 캐시 원문/해시 실제 삭제; 만료/삭제 이후 기존 로그인에도 회사 접근 차단. 불변 감사에는 변경 필드 이름만 기록.,"예외가 있는 owner가 다른 예외/정책을 변경하거나 본인 예외를 생성하는 행위 금지. 만료·삭제·등록 이후 캐시의 예외 부활, 최초 24시간 이후 연장, 마지막 인증 owner 권한/인증 제거 금지."
PATCH,/security/mfa-policy,implemented,company-mfa,enrolled direct owner + current password,현재 회사의 직접 소속 security.read. 변경은 직접 owner·본인 2FA 등록·현재 비밀번호. 전문가와 다른 회사 예외 제외.,"OpenAPI requestBody schema; 회사 잠금과 현재 계정·세션·구성원·권한·IP·MFA·비밀번호 정책 재검사; version·엄격한 query·Idempotency-Key. 예외는 다른 미등록 구성원, 사유 필수, 최초 등록부터 최대 24시간.",200 현재 version의 회사 인증 강제를 변경; 정책·등록 현황·현재 예외와 사유 DTO. 인증 비밀·복구코드·암호문·요청 키 제외. 보안 확인은 현재 DB 값에서 계산하며 법적 준수 통과를 주장하지 않는다.,예외 행과 생성 캐시 원문/해시 실제 삭제; 만료/삭제 이후 기존 로그인에도 회사 접근 차단. 불변 감사에는 변경 필드 이름만 기록.,"예외가 있는 owner가 다른 예외/정책을 변경하거나 본인 예외를 생성하는 행위 금지. 만료·삭제·등록 이후 캐시의 예외 부활, 최초 24시간 이후 연장, 마지막 인증 owner 권한/인증 제거 금지."
POST,/security/mfa-policy/exceptions,implemented,company-mfa,enrolled direct owner + current password,현재 회사의 직접 소속 security.read. 변경은 직접 owner·본인 2FA 등록·현재 비밀번호. 전문가와 다른 회사 예외 제외.,"OpenAPI requestBody schema; 회사 잠금과 현재 계정·세션·구성원·권한·IP·MFA·비밀번호 정책 재검사; version·엄격한 query·Idempotency-Key. 예외는 다른 미등록 구성원, 사유 필수, 최초 등록부터 최대 24시간.",201 다른 활성 구성원에 사유·최대 24시간 임시 예외; 현재 결과 재실행; 정책·등록 현황·현재 예외와 사유 DTO. 인증 비밀·복구코드·암호문·요청 키 제외. 보안 확인은 현재 DB 값에서 계산하며 법적 준수 통과를 주장하지 않는다.,예외 행과 생성 캐시 원문/해시 실제 삭제; 만료/삭제 이후 기존 로그인에도 회사 접근 차단. 불변 감사에는 변경 필드 이름만 기록.,"예외가 있는 owner가 다른 예외/정책을 변경하거나 본인 예외를 생성하는 행위 금지. 만료·삭제·등록 이후 캐시의 예외 부활, 최초 24시간 이후 연장, 마지막 인증 owner 권한/인증 제거 금지."
GET,/security/mfa-policy/exceptions/{id},implemented,company-mfa,security.read + direct membership,현재 회사의 직접 소속 security.read. 변경은 직접 owner·본인 2FA 등록·현재 비밀번호. 전문가와 다른 회사 예외 제외.,"OpenAPI path/query/header parameters; 회사 잠금과 현재 계정·세션·구성원·권한·IP·MFA·비밀번호 정책 재검사; version·엄격한 query·Idempotency-Key. 예외는 다른 미등록 구성원, 사유 필수, 최초 등록부터 최대 24시간.",200 현재 회사의 임시 예외와 만료 상태; 정책·등록 현황·현재 예외와 사유 DTO. 인증 비밀·복구코드·암호문·요청 키 제외. 보안 확인은 현재 DB 값에서 계산하며 법적 준수 통과를 주장하지 않는다.,예외 행과 생성 캐시 원문/해시 실제 삭제; 만료/삭제 이후 기존 로그인에도 회사 접근 차단. 불변 감사에는 변경 필드 이름만 기록.,"예외가 있는 owner가 다른 예외/정책을 변경하거나 본인 예외를 생성하는 행위 금지. 만료·삭제·등록 이후 캐시의 예외 부활, 최초 24시간 이후 연장, 마지막 인증 owner 권한/인증 제거 금지."
PATCH,/security/mfa-policy/exceptions/{id},implemented,company-mfa,enrolled direct owner + current password,현재 회사의 직접 소속 security.read. 변경은 직접 owner·본인 2FA 등록·현재 비밀번호. 전문가와 다른 회사 예외 제외.,"OpenAPI requestBody schema; 회사 잠금과 현재 계정·세션·구성원·권한·IP·MFA·비밀번호 정책 재검사; version·엄격한 query·Idempotency-Key. 예외는 다른 미등록 구성원, 사유 필수, 최초 등록부터 최대 24시간.",200 현재 version으로 예외 변경; 최초 등록부터 24시간 상한; 정책·등록 현황·현재 예외와 사유 DTO. 인증 비밀·복구코드·암호문·요청 키 제외. 보안 확인은 현재 DB 값에서 계산하며 법적 준수 통과를 주장하지 않는다.,예외 행과 생성 캐시 원문/해시 실제 삭제; 만료/삭제 이후 기존 로그인에도 회사 접근 차단. 불변 감사에는 변경 필드 이름만 기록.,"예외가 있는 owner가 다른 예외/정책을 변경하거나 본인 예외를 생성하는 행위 금지. 만료·삭제·등록 이후 캐시의 예외 부활, 최초 24시간 이후 연장, 마지막 인증 owner 권한/인증 제거 금지."
DELETE,/security/mfa-policy/exceptions/{id},implemented,company-mfa,enrolled direct owner + current password,현재 회사의 직접 소속 security.read. 변경은 직접 owner·본인 2FA 등록·현재 비밀번호. 전문가와 다른 회사 예외 제외.,"OpenAPI requestBody schema; 회사 잠금과 현재 계정·세션·구성원·권한·IP·MFA·비밀번호 정책 재검사; version·엄격한 query·Idempotency-Key. 예외는 다른 미등록 구성원, 사유 필수, 최초 등록부터 최대 24시간.",204 예외와 생성 캐시 원문 삭제; 다음 요청 접근 차단; 정책·등록 현황·현재 예외와 사유 DTO. 인증 비밀·복구코드·암호문·요청 키 제외. 보안 확인은 현재 DB 값에서 계산하며 법적 준수 통과를 주장하지 않는다.,예외 행과 생성 캐시 원문/해시 실제 삭제; 만료/삭제 이후 기존 로그인에도 회사 접근 차단. 불변 감사에는 변경 필드 이름만 기록.,"예외가 있는 owner가 다른 예외/정책을 변경하거나 본인 예외를 생성하는 행위 금지. 만료·삭제·등록 이후 캐시의 예외 부활, 최초 24시간 이후 연장, 마지막 인증 owner 권한/인증 제거 금지."
GET,/security/status,implemented,company-mfa,security.read + direct membership,현재 회사의 직접 소속 security.read. 변경은 직접 owner·본인 2FA 등록·현재 비밀번호. 전문가와 다른 회사 예외 제외.,"OpenAPI path/query/header parameters; 회사 잠금과 현재 계정·세션·구성원·권한·IP·MFA·비밀번호 정책 재검사; version·엄격한 query·Idempotency-Key. 예외는 다른 미등록 구성원, 사유 필수, 최초 등록부터 최대 24시간.",200 현재 정책·등록·허용 IP·복구 관리자에서 산출한 보안 확인과 개선 링크; 정책·등록 현황·현재 예외와 사유 DTO. 인증 비밀·복구코드·암호문·요청 키 제외. 보안 확인은 현재 DB 값에서 계산하며 법적 준수 통과를 주장하지 않는다.,예외 행과 생성 캐시 원문/해시 실제 삭제; 만료/삭제 이후 기존 로그인에도 회사 접근 차단. 불변 감사에는 변경 필드 이름만 기록.,"예외가 있는 owner가 다른 예외/정책을 변경하거나 본인 예외를 생성하는 행위 금지. 만료·삭제·등록 이후 캐시의 예외 부활, 최초 24시간 이후 연장, 마지막 인증 owner 권한/인증 제거 금지."
POST,/exports,implemented,response-exports,submission.read + current service grant + requester,현재 회사·서비스·폼과 요청자 본인. API는 현재 세션/계정/구성원/전문가 배정/역할·submission.read grant를 검사하고 worker는 현재 계정/배정/서비스/MFA 정책을 검사한다.,"OpenAPI requestBody schema; 기존 응답 필터를 암호화하고 키/입력을 HMAC한다. version·상태·lease 소유자/세대 검사. 100,000건·1,000열·20MB·진행 중 5개·100건 배치·최대 24시간 상한. 원천 보유 기한이 더 짧으면 결과도 그 시점에 만료한다.",201 검색 조건을 암호화한 비동기 CSV 작업 생성; 같은 키/입력 재전송; 진행 중 5개 상한; 상태·건수·만료·작업 DTO만 제공한다. CSV는 즉시 다운로드와 같은 렌더러다. 현재 file.read와 원천 상태/hash가 바뀌면 이전 결과를 제공하지 않는다. 성공한 다운로드만 원문 없는 감사를 남긴다.,취소/삭제/실패/만료는 결과 조각·필터·layout·요청/원천 hash를 제거한다. 응답/답변/파일이나 계정/역할/grant/배정/서비스/정책이 바뀌면 DB trigger가 결과를 원자적으로 무효화하고 암호화 조각을 지운다. 최소 요청 키 tombstone은 같은 키의 부활을 거부한다.,"다른 회사/서비스/요청자의 결과, 회수/만료 권한, 정정/파기 전 원문, 만료된 원문 다운로드 금지. 오래된 lease 결과 덮어쓰기, 상한 초과 부분 결과/성공 감사, 원문 CSV 디스크 파일·검색어/응답 원문 일반 열/로그 저장 금지."
GET,/exports,implemented,response-exports,submission.read + current service grant + requester,현재 회사·서비스·폼과 요청자 본인. API는 현재 세션/계정/구성원/전문가 배정/역할·submission.read grant를 검사하고 worker는 현재 계정/배정/서비스/MFA 정책을 검사한다.,"OpenAPI path/query/header parameters; 기존 응답 필터를 암호화하고 키/입력을 HMAC한다. version·상태·lease 소유자/세대 검사. 100,000건·1,000열·20MB·진행 중 5개·100건 배치·최대 24시간 상한. 원천 보유 기한이 더 짧으면 결과도 그 시점에 만료한다.",200 해당 폼의 본인 내보내기 안전 DTO·현재 작업 버튼·페이지 보정; 상태·건수·만료·작업 DTO만 제공한다. CSV는 즉시 다운로드와 같은 렌더러다. 현재 file.read와 원천 상태/hash가 바뀌면 이전 결과를 제공하지 않는다. 성공한 다운로드만 원문 없는 감사를 남긴다.,취소/삭제/실패/만료는 결과 조각·필터·layout·요청/원천 hash를 제거한다. 응답/답변/파일이나 계정/역할/grant/배정/서비스/정책이 바뀌면 DB trigger가 결과를 원자적으로 무효화하고 암호화 조각을 지운다. 최소 요청 키 tombstone은 같은 키의 부활을 거부한다.,"다른 회사/서비스/요청자의 결과, 회수/만료 권한, 정정/파기 전 원문, 만료된 원문 다운로드 금지. 오래된 lease 결과 덮어쓰기, 상한 초과 부분 결과/성공 감사, 원문 CSV 디스크 파일·검색어/응답 원문 일반 열/로그 저장 금지."
GET,/exports/{id},implemented,response-exports,submission.read + current service grant + requester,현재 회사·서비스·폼과 요청자 본인. API는 현재 세션/계정/구성원/전문가 배정/역할·submission.read grant를 검사하고 worker는 현재 계정/배정/서비스/MFA 정책을 검사한다.,"OpenAPI path/query/header parameters; 기존 응답 필터를 암호화하고 키/입력을 HMAC한다. version·상태·lease 소유자/세대 검사. 100,000건·1,000열·20MB·진행 중 5개·100건 배치·최대 24시간 상한. 원천 보유 기한이 더 짧으면 결과도 그 시점에 만료한다.",200 현재 작업의 상태·진행·만료·오류 코드; 암호문/검색어/요청 키 제외; 상태·건수·만료·작업 DTO만 제공한다. CSV는 즉시 다운로드와 같은 렌더러다. 현재 file.read와 원천 상태/hash가 바뀌면 이전 결과를 제공하지 않는다. 성공한 다운로드만 원문 없는 감사를 남긴다.,취소/삭제/실패/만료는 결과 조각·필터·layout·요청/원천 hash를 제거한다. 응답/답변/파일이나 계정/역할/grant/배정/서비스/정책이 바뀌면 DB trigger가 결과를 원자적으로 무효화하고 암호화 조각을 지운다. 최소 요청 키 tombstone은 같은 키의 부활을 거부한다.,"다른 회사/서비스/요청자의 결과, 회수/만료 권한, 정정/파기 전 원문, 만료된 원문 다운로드 금지. 오래된 lease 결과 덮어쓰기, 상한 초과 부분 결과/성공 감사, 원문 CSV 디스크 파일·검색어/응답 원문 일반 열/로그 저장 금지."
DELETE,/exports/{id},implemented,response-exports,submission.read + current service grant + requester,현재 회사·서비스·폼과 요청자 본인. API는 현재 세션/계정/구성원/전문가 배정/역할·submission.read grant를 검사하고 worker는 현재 계정/배정/서비스/MFA 정책을 검사한다.,"OpenAPI requestBody schema; 기존 응답 필터를 암호화하고 키/입력을 HMAC한다. version·상태·lease 소유자/세대 검사. 100,000건·1,000열·20MB·진행 중 5개·100건 배치·최대 24시간 상한. 원천 보유 기한이 더 짧으면 결과도 그 시점에 만료한다.",204 version 확인 후 결과·검색 조건·해시 제거; 요청 키 tombstone으로 부활 차단; 상태·건수·만료·작업 DTO만 제공한다. CSV는 즉시 다운로드와 같은 렌더러다. 현재 file.read와 원천 상태/hash가 바뀌면 이전 결과를 제공하지 않는다. 성공한 다운로드만 원문 없는 감사를 남긴다.,취소/삭제/실패/만료는 결과 조각·필터·layout·요청/원천 hash를 제거한다. 응답/답변/파일이나 계정/역할/grant/배정/서비스/정책이 바뀌면 DB trigger가 결과를 원자적으로 무효화하고 암호화 조각을 지운다. 최소 요청 키 tombstone은 같은 키의 부활을 거부한다.,"다른 회사/서비스/요청자의 결과, 회수/만료 권한, 정정/파기 전 원문, 만료된 원문 다운로드 금지. 오래된 lease 결과 덮어쓰기, 상한 초과 부분 결과/성공 감사, 원문 CSV 디스크 파일·검색어/응답 원문 일반 열/로그 저장 금지."
POST,/exports/{id}/cancel,implemented,response-exports,submission.read + current service grant + requester,현재 회사·서비스·폼과 요청자 본인. API는 현재 세션/계정/구성원/전문가 배정/역할·submission.read grant를 검사하고 worker는 현재 계정/배정/서비스/MFA 정책을 검사한다.,"OpenAPI requestBody schema; 기존 응답 필터를 암호화하고 키/입력을 HMAC한다. version·상태·lease 소유자/세대 검사. 100,000건·1,000열·20MB·진행 중 5개·100건 배치·최대 24시간 상한. 원천 보유 기한이 더 짧으면 결과도 그 시점에 만료한다.",200 대기/처리 작업 취소·원문 제거; 오래된 worker 결과 차단; 상태·건수·만료·작업 DTO만 제공한다. CSV는 즉시 다운로드와 같은 렌더러다. 현재 file.read와 원천 상태/hash가 바뀌면 이전 결과를 제공하지 않는다. 성공한 다운로드만 원문 없는 감사를 남긴다.,취소/삭제/실패/만료는 결과 조각·필터·layout·요청/원천 hash를 제거한다. 응답/답변/파일이나 계정/역할/grant/배정/서비스/정책이 바뀌면 DB trigger가 결과를 원자적으로 무효화하고 암호화 조각을 지운다. 최소 요청 키 tombstone은 같은 키의 부활을 거부한다.,"다른 회사/서비스/요청자의 결과, 회수/만료 권한, 정정/파기 전 원문, 만료된 원문 다운로드 금지. 오래된 lease 결과 덮어쓰기, 상한 초과 부분 결과/성공 감사, 원문 CSV 디스크 파일·검색어/응답 원문 일반 열/로그 저장 금지."
GET,/exports/{id}/download,implemented,response-exports,submission.read + current service grant + requester,현재 회사·서비스·폼과 요청자 본인. API는 현재 세션/계정/구성원/전문가 배정/역할·submission.read grant를 검사하고 worker는 현재 계정/배정/서비스/MFA 정책을 검사한다.,"OpenAPI path/query/header parameters; 기존 응답 필터를 암호화하고 키/입력을 HMAC한다. version·상태·lease 소유자/세대 검사. 100,000건·1,000열·20MB·진행 중 5개·100건 배치·최대 24시간 상한. 원천 보유 기한이 더 짧으면 결과도 그 시점에 만료한다.",200 BOM/CRLF CSV; UTF-8; attachment/private no-store/nosniff; 상태·건수·만료·작업 DTO만 제공한다. CSV는 즉시 다운로드와 같은 렌더러다. 현재 file.read와 원천 상태/hash가 바뀌면 이전 결과를 제공하지 않는다. 성공한 다운로드만 원문 없는 감사를 남긴다.,취소/삭제/실패/만료는 결과 조각·필터·layout·요청/원천 hash를 제거한다. 응답/답변/파일이나 계정/역할/grant/배정/서비스/정책이 바뀌면 DB trigger가 결과를 원자적으로 무효화하고 암호화 조각을 지운다. 최소 요청 키 tombstone은 같은 키의 부활을 거부한다.,"다른 회사/서비스/요청자의 결과, 회수/만료 권한, 정정/파기 전 원문, 만료된 원문 다운로드 금지. 오래된 lease 결과 덮어쓰기, 상한 초과 부분 결과/성공 감사, 원문 CSV 디스크 파일·검색어/응답 원문 일반 열/로그 저장 금지."
